player,player_id,position,team_name,player_game_count,assists,avg_depth_of_target,catch_rate,coverage_percent,coverage_snaps_per_reception,coverage_snaps_per_target,declined_penalties,dropped_ints,forced_incompletes,forced_incompletion_rate,franchise_id,grades_coverage_defense,grades_defense,grades_defense_penalty,grades_pass_rush_defense,grades_run_defense,grades_tackle,interceptions,longest,missed_tackle_rate,missed_tackles,pass_break_ups,penalties,qb_rating_against,receptions,snap_counts_coverage,snap_counts_pass_play,stops,tackles,targets,touchdowns,yards,yards_after_catch,yards_per_coverage_snap,yards_per_reception
Calais Campbell,4364,DI,ARZ,17,1,,,0.6,,,1,0,0,,1,69.2,72.2,73.1,65.1,69.2,35.5,0,,37.5,3,0,1,0.0,0,2,341,8,4,0,0,0,0,0.0,
Jason Pierre-Paul,5540,ED,TB,3,0,,,12.0,,,0,0,0,,30,61.8,37.2,77.1,57.4,28.7,20.3,0,,,0,0,0,0.0,0,3,25,0,0,0,0,0,0,0.0,
Von Miller,6154,ED,WAS,17,1,0.5,100.0,4.0,5.5,5.5,0,0,0,0.0,32,47.1,64.4,70.4,62.4,67.2,47.7,0,6,20.0,1,0,1,79.2,2,12,301,9,3,2,0,6,5,0.5,3.0
Cameron Jordan,6176,ED,NO,17,1,0.7,100.0,5.1,5.7,5.7,0,0,0,0.0,20,76.9,76.0,88.3,59.5,82.1,73.0,0,12,30.0,3,0,0,95.8,3,18,354,15,6,3,0,21,19,1.2,7.0
Cameron Heyward,6183,DI,PIT,18,1,,,1.1,,,1,0,0,,25,67.2,90.4,50.4,85.6,84.4,69.8,0,,11.1,1,0,4,0.0,0,6,538,9,7,0,0,0,0,0.0,
Bobby Wagner,7050,LB,WAS,17,9,4.1,74.6,88.4,12.6,9.4,1,0,2,3.4,32,51.1,78.6,48.5,92.4,90.3,90.5,2,69,7.8,4,2,2,107.2,44,588,665,17,38,59,3,569,421,1.0,12.9
Lavonte David,7060,LB,TB,17,11,6.0,85.5,85.8,9.3,7.9,1,1,2,2.9,30,45.1,52.6,86.6,48.6,66.2,48.3,1,24,22.7,15,2,3,132.4,59,576,671,20,40,69,8,549,297,1.0,9.3
Demario Davis,7079,LB,NO,17,7,2.3,93.8,88.1,11.0,10.3,0,0,2,4.2,20,70.3,81.4,70.5,57.4,88.9,67.1,0,22,15.9,7,2,2,112.2,45,517,587,16,30,48,2,364,277,0.7,8.1
Harrison Smith,7641,S,MIN,15,2,8.6,75.0,89.8,17.5,13.1,0,1,3,10.7,18,69.0,68.9,63.5,71.5,61.7,45.6,2,30,17.6,6,3,2,81.0,21,388,432,10,26,28,1,230,104,0.6,11.0
Darius Slay,7817,CB,PIT,10,4,10.9,70.0,99.7,11.0,7.7,0,1,5,12.5,25,58.6,58.3,84.9,60.0,54.2,50.6,0,81,10.0,3,3,0,126.7,28,329,330,5,23,40,3,396,166,1.3,14.1
John Jenkins,7863,DI,BLT,17,0,,,1.2,,,0,0,0,,3,59.9,64.7,74.2,66.3,60.3,52.8,0,,100.0,1,0,1,0.0,0,3,258,1,0,0,0,0,0,0.0,
Jordan Poyer,8000,S,BUF,11,4,6.5,69.2,98.2,22.9,15.8,0,1,2,15.4,4,62.8,68.6,81.3,71.7,71.5,63.3,1,20,16.0,4,2,1,82.5,9,222,226,3,17,13,1,91,65,0.4,10.1
Tony Jefferson,8361,S,LAC,14,6,11.7,64.3,96.6,36.4,23.4,0,0,3,21.4,27,72.6,70.8,35.3,71.7,61.0,60.7,4,20,8.1,3,3,1,34.5,9,346,358,8,28,14,0,62,43,0.2,6.9
Jadeveon Clowney,8636,ED,DAL,13,0,,,1.7,,,1,0,0,,9,62.9,79.2,25.7,80.6,70.6,54.1,0,,60.0,3,0,4,0.0,0,4,231,10,2,0,0,0,0,0.0,
Khalil Mack,8640,ED,LAC,13,0,3.0,100.0,4.8,4.7,4.7,0,0,0,0.0,27,74.7,79.2,88.1,67.5,77.2,55.9,0,6,33.3,2,0,0,83.3,3,15,311,9,4,3,0,12,3,0.9,4.0
DeMarcus Lawrence,8669,ED,SEA,19,2,3.5,100.0,3.0,7.5,7.5,1,0,0,0.0,29,84.9,82.1,82.2,64.5,83.7,33.0,0,15,52.4,11,0,2,118.8,2,15,502,13,8,2,0,28,21,1.9,14.0
Kyle Van Noy,8675,ED,BLT,15,0,7.3,50.0,12.9,23.5,11.8,0,0,1,25.0,3,83.2,61.7,57.4,51.8,72.5,53.9,1,13,25.0,2,1,2,27.1,2,50,388,7,6,4,0,22,11,0.5,11.0
Brent Urban,8769,DI,BLT,15,1,,,2.9,,,0,0,0,,3,60.3,58.6,62.8,51.1,63.7,37.8,0,,0.0,0,0,1,0.0,0,4,137,2,1,0,0,0,0,0.0,
Shelby Harris,8869,DI,CLV,17,0,,,0.4,,,0,0,0,,8,62.6,61.9,30.5,60.8,64.4,39.3,0,,25.0,1,0,4,0.0,0,1,261,2,3,0,0,0,0,0.0,
Mike Pennel,9316,DI,KC,16,1,,,0.7,,,0,0,0,,16,66.5,55.2,85.3,51.0,55.6,66.2,0,,0.0,0,0,0,0.0,0,1,139,0,1,0,0,0,0,0.0,
Dante Fowler Jr.,9436,ED,DAL,17,0,9.5,50.0,3.5,9.0,4.5,0,0,1,50.0,9,64.1,77.6,87.8,72.8,67.8,53.2,0,18,33.3,1,1,0,81.3,1,9,257,4,2,2,0,18,10,2.0,18.0
Leonard Williams,9439,DI,SEA,20,3,-8.0,100.0,2.6,17.0,17.0,0,0,0,0.0,29,68.7,76.1,56.2,70.1,71.6,41.7,0,-1,23.8,5,0,4,79.2,1,17,657,17,13,1,0,-1,7,-0.1,-1.0
Arik Armstead,9450,DI,JAX,17,1,,,2.4,,,0,0,0,,15,57.8,63.1,87.8,61.8,59.6,47.5,0,,50.0,3,0,0,0.0,0,12,497,6,2,0,0,0,0,0.0,
Bud Dupree,9455,ED,LAC,16,1,2.7,83.3,14.8,6.6,5.5,0,0,0,0.0,27,59.3,54.8,66.7,50.8,61.7,53.7,0,19,16.7,1,0,1,93.8,5,35,237,6,4,6,0,39,34,1.2,7.8
Shaq Thompson,9458,LB,BUF,13,2,4.5,78.4,86.6,9.1,7.1,0,1,2,5.4,4,72.2,68.9,84.8,60.3,60.7,35.0,1,24,25.0,9,2,0,89.5,29,278,321,9,25,37,1,223,167,0.8,7.7
Eric Kendricks,9478,LB,SF,4,1,3.3,100.0,84.2,6.9,6.9,0,0,1,11.1,28,59.9,57.6,80.1,47.7,58.9,82.9,0,19,0.0,0,1,0,103.2,9,64,76,3,9,9,0,79,49,1.3,8.8
Denzel Perryman,9481,LB,LAC,11,4,4.0,85.0,96.5,9.4,8.0,0,3,3,15.0,27,50.5,56.3,29.2,53.0,66.2,55.3,0,27,15.0,3,3,1,106.7,17,167,173,3,13,20,0,192,125,1.2,11.3
Jordan Phillips,9485,DI,BUF,11,0,,,1.0,,,0,0,0,,4,60.1,34.0,52.6,61.2,29.4,72.6,0,,0.0,0,0,1,0.0,0,1,100,1,1,0,0,0,0,0.0,
Danielle Hunter,9521,ED,HST,19,1,10.0,100.0,0.5,3.0,3.0,0,0,0,0.0,13,54.7,89.9,86.3,90.8,60.8,49.2,0,10,70.0,7,0,1,108.3,1,3,566,19,2,1,0,10,0,3.3,10.0
Grady Jarrett,9570,DI,CHI,16,2,,,0.6,,,0,0,0,,6,68.9,56.9,78.0,63.4,42.0,60.5,0,,27.3,3,0,2,0.0,0,3,484,3,6,0,0,0,0,0.0,
Quandre Diggs,9633,S,SEA,9,3,7.7,72.7,97.5,22.6,16.5,0,0,1,9.1,29,64.4,66.1,88.7,55.0,64.7,64.0,0,24,7.1,1,1,0,90.3,8,192,197,4,10,11,0,73,33,0.4,9.1
Neville Hewitt,9836,LB,NYG,1,0,,,75.0,,,0,0,0,,21,61.9,64.5,71.1,58.3,61.2,,0,,,0,0,0,0.0,0,3,4,0,0,0,0,0,0,0.0,
Alex Singleton,9994,LB,DEN,18,16,4.1,79.4,87.3,11.4,9.1,0,1,5,7.4,10,55.2,72.0,86.2,62.8,88.5,75.4,0,47,8.3,6,4,0,107.8,54,654,749,24,50,68,2,511,350,0.8,9.5
Joey Bosa,10637,ED,BUF,17,0,5.0,50.0,5.5,23.0,11.5,2,0,0,0.0,4,61.9,74.6,43.0,85.5,52.0,26.5,0,8,44.4,4,0,5,60.4,1,23,422,10,5,2,0,8,5,0.3,8.0
Jalen Ramsey,10639,S,PIT,18,12,8.2,72.6,96.3,14.6,10.6,3,0,6,9.7,25,58.8,64.4,47.0,65.7,81.2,86.4,1,43,7.1,4,6,7,119.4,45,695,722,16,40,62,6,466,166,0.7,10.4
DeForest Buckner,10641,DI,IND,10,0,,,0.6,,,0,0,0,,14,69.4,74.0,86.7,74.9,56.3,70.7,0,,0.0,0,0,0,0.0,0,2,319,8,5,0,0,0,0,0.0,
Leonard Floyd,10643,ED,ATL,15,0,-3.0,100.0,7.4,19.0,19.0,0,0,0,0.0,2,51.9,60.1,58.0,61.8,60.0,44.8,0,15,33.3,1,0,2,118.8,1,23,310,5,2,1,0,15,18,0.8,15.0
Eli Apple,10644,CB,SF,1,0,,,100.0,,,0,0,0,,28,60.0,60.3,64.2,,,,0,,,0,0,0,0.0,0,1,1,0,0,0,0,0,0,0.0,
Kenny Clark,10661,DI,DAL,17,1,,,0.4,,,0,0,0,,9,61.3,67.6,87.8,72.4,53.7,51.7,0,,57.1,4,0,0,0.0,0,2,464,6,2,0,0,0,0,0.0,
Emmanuel Ogbah,10666,ED,JAX,13,0,5.3,66.7,8.5,8.5,5.7,0,0,0,0.0,15,56.8,45.9,87.2,51.7,42.1,77.7,0,8,0.0,0,0,0,72.9,2,17,199,2,2,3,0,11,9,0.6,5.5
Chris Jones,10671,DI,KC,17,0,,,0.2,,,2,0,0,,16,56.3,70.5,9.5,90.7,43.4,34.0,0,,75.0,3,0,9,0.0,0,1,496,8,1,0,0,0,0,0.0,
Xavien Howard,10672,CB,IND,4,1,8.0,72.7,100.0,8.1,5.9,0,0,0,0.0,14,34.2,36.1,82.4,,51.4,54.2,0,31,18.2,2,0,4,139.2,16,141,141,1,8,22,3,195,62,1.5,12.2
Austin Johnson,10677,DI,JAX,15,0,,,0.9,,,0,0,0,,15,64.6,47.5,83.4,54.8,41.5,45.4,0,,0.0,0,0,0,0.0,0,1,115,3,2,0,0,0,0,0.0,
Jihad Ward,10678,ED,TEN,17,2,5.8,83.3,7.0,6.2,5.2,1,0,1,16.7,31,65.0,50.8,17.9,56.4,53.6,40.7,0,23,22.2,2,1,7,144.4,5,31,441,9,5,6,1,55,36,1.8,11.0
A'Shawn Robinson,10680,DI,CAR,18,1,,,0.5,,,0,0,0,,5,73.1,63.7,66.5,62.5,61.0,59.5,0,,20.0,1,0,2,0.0,0,2,375,3,3,0,0,0,0,0.0,
Jarran Reed,10683,DI,SEA,16,0,,,0.6,,,0,0,0,,29,69.6,62.3,86.8,59.7,57.4,78.8,0,,0.0,0,0,0,0.0,0,2,309,4,4,0,0,0,0,0.0,
Deion Jones,10686,LB,TB,12,3,9.4,75.0,83.1,10.8,8.1,0,1,0,0.0,30,49.0,41.6,78.7,69.3,30.7,56.8,0,16,10.0,1,0,0,90.1,6,69,83,2,6,8,0,49,12,0.8,8.2
Kevin Byard,10698,S,CHI,19,9,8.6,73.7,98.4,24.4,18.0,0,2,2,5.3,6,71.6,75.4,89.0,49.1,82.6,71.0,7,31,12.5,6,2,0,86.5,28,720,732,6,33,38,3,331,123,0.5,11.8
Maliek Collins,10701,DI,CLV,12,0,,,0.7,,,0,0,0,,8,52.8,74.5,55.6,87.2,57.2,28.4,0,,50.0,1,0,2,0.0,0,2,293,8,1,0,0,0,0,0.0,
Jonathan Bullard,10706,DI,NO,15,0,,,0.9,,,0,0,0,,20,60.4,58.9,45.3,52.0,63.9,77.6,0,,0.0,0,0,2,0.0,0,1,117,1,2,0,0,0,0,0.0,
Javon Hargrave,10723,DI,MIN,16,1,,,1.3,,,0,0,0,,18,67.8,68.0,60.5,70.0,57.3,74.3,0,,40.0,2,0,2,0.0,0,4,299,4,2,0,0,0,0,0.0,
Sheldon Day,10737,DI,WAS,10,0,,,2.1,,,0,0,0,,32,61.4,47.4,53.7,51.6,49.4,46.6,0,,,0,0,1,0.0,0,2,97,0,0,0,0,0,0,0.0,
Eric Murray,10740,S,JAX,13,6,10.2,76.0,95.2,21.0,16.0,1,2,4,16.0,15,60.6,62.0,28.4,65.2,67.3,69.7,1,27,10.3,4,4,3,123.7,19,416,437,5,29,25,3,212,79,0.5,11.2
Andrew Billings,10756,DI,CHI,19,0,,,0.4,,,0,0,0,,6,62.1,39.4,25.2,61.2,37.6,44.3,0,,50.0,1,0,5,0.0,0,1,241,2,1,0,0,0,0,0.0,
Matthew Judon,10780,ED,BUF,14,0,4.0,85.7,18.4,6.2,5.3,0,0,0,0.0,4,29.9,43.2,85.7,46.2,55.2,38.6,0,22,42.9,3,0,0,108.3,6,38,206,2,4,7,0,70,47,1.9,11.7
Quinton Jefferson,10781,DI,DET,1,0,,,7.7,,,0,0,0,,11,60.0,64.7,72.7,58.2,60.0,,0,,,0,0,0,0.0,0,1,13,0,0,0,0,0,0,0.0,
DJ Reader,10800,DI,DET,17,1,,,0.9,,,0,0,0,,11,62.1,68.9,64.9,72.6,61.7,59.8,0,,0.0,0,0,2,0.0,0,3,316,0,0,0,0,0,0,0.0,
Elandon Roberts,10848,LB,LV,17,8,6.3,87.0,94.0,12.8,11.1,0,0,1,4.3,23,36.4,57.2,53.8,43.8,76.7,39.7,0,44,28.0,7,1,1,137.5,20,268,285,4,10,23,2,231,105,0.9,11.6
Jalen Mills,10867,S,DET,5,1,5.5,50.0,97.6,76.0,38.0,0,0,0,0.0,11,66.2,68.2,78.7,56.1,65.2,58.1,0,7,25.0,1,0,0,58.3,1,80,82,0,2,2,0,7,1,0.1,7.0
Mike Hilton,10898,CB,IND,2,1,0.7,66.7,95.1,17.5,11.7,0,0,0,0.0,14,56.6,60.0,75.1,73.6,60.6,63.9,0,5,25.0,1,0,1,70.1,2,39,41,1,2,3,0,7,1,0.2,3.5
Jonathan Jones,11217,CB,WAS,11,3,12.2,58.5,99.3,10.6,6.2,0,0,5,12.2,32,48.0,50.9,84.9,80.2,56.6,61.8,0,27,7.7,2,5,2,83.5,24,272,274,5,21,41,0,321,100,1.3,13.4
Roy Robertson-Harris,11341,DI,NYG,17,0,,,1.3,,,1,0,0,,21,53.4,51.8,77.0,56.8,50.7,57.7,0,,66.7,4,0,3,0.0,0,4,311,1,2,0,0,0,0,0.0,
Antonio Hamilton Sr.,11353,CB,WAS,7,1,8.7,64.7,100.0,6.3,4.1,0,0,2,11.8,32,60.7,63.5,79.5,,71.9,52.7,0,19,18.2,2,1,1,76.1,11,70,70,2,8,17,0,82,42,1.2,7.5
Solomon Thomas,11758,DI,DAL,16,0,,,0.4,,,1,0,0,,9,67.3,59.6,36.4,55.8,61.4,54.0,0,,42.9,3,0,4,0.0,0,1,234,2,4,0,0,0,0,0.0,
Jamal Adams,11761,LB,LV,17,2,0.7,94.7,87.6,6.3,6.0,0,0,1,2.6,23,69.2,67.3,20.3,71.4,62.3,36.5,0,22,20.6,7,0,2,98.6,36,247,282,16,25,38,1,211,196,0.9,5.9
Marshon Lattimore,11766,CB,WAS,9,2,15.8,54.5,100.0,16.1,8.8,2,0,5,15.2,32,52.6,53.2,50.2,,59.4,60.8,1,44,10.5,2,5,9,87.7,18,313,313,1,15,33,2,258,43,0.9,14.3
Haason Reddick,11768,ED,TB,13,0,0.8,82.4,21.8,6.0,4.9,0,0,0,0.0,30,70.0,57.2,62.4,60.1,45.2,29.9,0,28,17.6,3,0,2,97.1,14,86,394,11,14,17,0,124,122,1.5,8.9
Malik Hooker,11770,S,DAL,12,7,15.6,83.3,99.5,23.3,19.4,0,0,1,5.6,9,51.8,60.8,86.0,58.5,82.9,78.0,0,52,12.1,4,1,0,155.8,15,372,374,2,22,18,2,295,91,0.8,19.7
Marlon Humphrey,11771,CB,BLT,15,4,10.6,68.4,95.4,7.9,5.4,2,1,8,8.2,3,43.8,50.1,64.3,57.9,78.9,48.0,4,62,16.9,10,7,5,90.9,67,556,583,10,45,98,3,909,322,1.7,13.6
Jonathan Allen,11772,DI,MIN,17,1,-5.0,100.0,1.2,5.0,5.0,0,0,0,0.0,18,59.8,53.2,69.4,64.9,45.4,39.7,0,4,62.5,5,0,2,83.3,1,5,416,6,2,1,0,4,9,0.8,4.0
Adoree' Jackson,11773,CB,PHI,15,0,10.4,64.4,100.0,8.2,5.3,0,0,6,8.2,24,52.8,53.6,87.2,,55.0,43.7,1,40,16.4,9,6,1,90.7,47,406,406,8,46,73,2,552,155,1.4,11.7
Jabrill Peppers,11780,S,PIT,4,2,7.9,71.4,100.0,9.4,6.7,0,0,0,0.0,25,52.9,65.1,0.0,,90.9,67.0,0,35,16.7,1,0,1,144.0,5,50,50,1,3,7,1,72,28,1.5,14.4
Tre'Davious White,11782,CB,BUF,18,0,13.0,46.8,97.9,20.8,9.7,1,0,11,23.4,4,68.2,64.2,63.5,52.9,49.3,40.3,1,32,20.0,6,8,6,75.0,22,477,487,11,24,47,3,242,43,0.5,11.0
T.J. Watt,11785,ED,PIT,15,1,1.0,100.0,8.9,8.0,8.0,0,0,0,0.0,25,61.6,74.2,42.7,75.5,68.8,46.8,2,17,36.4,4,0,6,59.7,6,48,538,12,6,6,0,47,41,1.0,7.8
Budda Baker,11791,S,ARZ,16,14,9.4,77.8,93.7,15.7,12.2,0,2,2,4.4,1,35.7,52.4,66.0,83.8,76.6,47.4,1,47,15.1,11,2,2,120.5,35,583,622,11,48,45,4,361,115,0.7,10.3
Marcus Maye,11794,S,LAC,1,2,-4.0,0.0,100.0,,11.0,0,0,0,0.0,27,51.1,49.7,71.9,,59.1,82.2,0,,0.0,0,0,0,39.6,0,11,11,0,0,1,0,0,0,0.0,
Marcus Williams,11797,S,LAC,3,1,8.0,100.0,100.0,59.0,59.0,0,0,0,0.0,27,58.5,62.3,80.6,,70.0,63.5,0,8,0.0,0,0,0,100.0,1,63,63,1,3,1,0,8,0,0.1,8.0
Zach Cunningham,11812,LB,DET,2,0,3.5,100.0,100.0,2.5,2.5,0,0,0,0.0,11,51.9,63.1,73.2,,71.1,78.8,0,22,0.0,0,0,0,118.8,2,6,6,0,2,2,0,27,20,5.4,13.5
Tanoh Kpassagnon,11814,ED,CHI,4,0,,,2.2,,,0,0,0,,6,60.3,51.1,82.8,52.2,51.8,72.8,0,,0.0,0,0,0,0.0,0,1,45,1,1,0,0,0,0,0.0,
Chidobe Awuzie,11815,CB,BLT,14,3,12.0,54.7,98.3,13.4,7.3,0,0,11,20.8,3,77.2,76.4,87.3,64.6,60.3,61.0,0,31,5.4,2,7,1,86.0,29,408,415,11,32,53,2,328,68,0.8,11.3
Ahkello Witherspoon,11821,CB,LA,7,1,16.7,70.6,100.0,9.2,6.5,0,0,0,0.0,26,51.3,53.7,81.5,,61.9,28.2,1,43,30.0,3,0,1,105.8,12,115,115,2,6,17,1,203,44,1.8,16.9
Dawuane Smoot,11823,ED,JAX,18,1,2.0,100.0,7.6,26.0,26.0,0,0,0,0.0,15,54.1,44.1,86.4,52.0,37.4,31.1,0,7,12.5,1,0,0,95.8,1,27,355,4,6,1,0,7,5,0.3,7.0
Chris Wormley,11829,DI,IND,5,0,,,8.3,,,0,0,0,,14,56.6,56.3,79.4,69.9,51.9,71.9,0,,,0,0,0,0.0,0,3,36,1,0,0,0,0,0,0.0,
Alex Anzalone,11831,LB,DET,16,6,6.6,65.6,89.0,13.1,8.6,3,1,5,8.2,11,65.3,67.5,86.7,65.2,65.6,78.5,1,45,9.3,4,4,5,88.8,40,564,634,21,33,61,2,409,159,0.8,10.2
Fabian Moreau,11836,CB,MIN,10,1,6.4,50.0,100.0,17.9,8.9,0,0,1,6.3,18,70.3,71.4,82.2,,70.2,85.0,0,11,0.0,0,1,1,57.6,8,152,152,2,10,16,0,53,19,0.4,6.6
Shaquill Griffin,11845,CB,SEA,2,0,11.1,75.0,100.0,8.8,6.6,0,0,0,0.0,29,50.3,52.8,78.8,,65.2,62.2,0,21,25.0,1,0,0,129.7,6,56,56,1,3,8,1,49,20,0.9,8.2
Jourdan Lewis,11846,CB,JAX,11,5,6.5,67.2,96.0,9.2,6.2,2,0,6,9.8,15,69.0,67.2,32.7,63.7,61.5,44.3,2,25,16.7,5,4,9,92.9,41,406,423,13,20,61,5,310,183,0.8,7.6
Rasul Douglas,11854,CB,MIA,15,6,10.3,54.7,98.4,11.4,6.2,1,1,10,13.3,17,72.6,72.7,87.6,82.0,61.8,57.2,2,36,4.7,2,9,5,72.6,41,497,505,14,35,75,3,410,142,0.9,10.0
Trey Hendrickson,11858,ED,CIN,7,2,,,6.8,,,0,0,0,,7,67.1,82.9,43.8,90.0,56.8,68.3,0,,0.0,0,0,2,0.0,0,13,190,4,0,0,0,0,0,0.0,
Rayshawn Jenkins,11868,S,CLV,17,3,6.0,63.6,97.1,26.7,17.0,0,0,0,0.0,8,57.7,54.9,26.4,63.8,52.4,63.4,1,38,7.1,1,0,2,47.2,7,200,206,4,10,11,0,79,31,0.4,11.3
Carl Lawson,11871,ED,BLT,1,0,7.0,100.0,14.3,2.0,2.0,0,0,0,0.0,3,51.8,57.5,78.3,51.4,74.9,69.2,0,11,,0,0,0,112.5,1,2,14,0,0,1,0,11,4,5.5,11.0
Jalen Reeves-Maybin,11879,LB,CHI,1,0,,,66.7,,,0,0,0,,6,60.5,75.0,69.7,58.8,70.6,69.9,0,,,0,0,0,0.0,0,2,3,0,0,0,0,0,0,0.0,
Samson Ebukam,11880,ED,IND,14,1,5.3,100.0,11.7,10.3,10.3,0,0,0,0.0,14,77.6,64.1,68.1,60.1,59.0,69.4,0,13,0.0,0,0,1,104.2,3,31,265,6,7,3,0,27,11,0.9,9.0
Grover Stewart,11899,DI,IND,17,2,,,1.4,,,0,0,0,,14,63.7,57.3,54.9,59.5,56.8,49.4,1,,0.0,0,0,3,0.0,0,5,359,2,2,0,0,0,0,0.0,
Damontae Kazee,11904,S,CLV,2,0,,,100.0,,,0,0,0,,8,64.0,65.1,72.0,,60.0,,0,,,0,0,0,0.0,0,10,10,0,0,0,0,0,0,0.0,
Anthony Walker Jr.,11916,LB,TB,1,0,,,100.0,,,0,0,0,,30,60.0,62.0,66.1,,,,0,,,0,0,0,0.0,0,1,1,0,0,0,0,0,0,0.0,
Matt Milano,11918,LB,BUF,14,6,2.4,78.0,84.5,6.8,5.3,1,0,1,2.0,4,48.3,46.2,4.4,66.0,49.2,45.8,0,28,18.8,6,1,4,104.9,39,278,329,12,20,50,2,299,228,1.1,7.7
Chuck Clark,11941,S,PIT,13,6,9.0,78.3,98.6,15.3,12.0,1,2,4,17.4,25,67.2,74.6,83.7,55.4,86.5,74.6,0,42,8.6,3,4,1,138.2,18,292,296,10,26,23,2,235,98,0.9,13.1
Xavier Woods,11946,S,TEN,11,1,6.0,81.0,96.9,16.9,13.7,1,0,1,4.8,31,70.3,65.4,48.3,50.0,54.0,33.4,2,27,14.8,4,1,2,75.5,17,310,320,5,22,21,1,164,94,0.6,9.6
Al-Quadin Muhammad,11951,ED,DET,17,0,9.0,50.0,5.6,9.0,4.5,1,0,1,25.0,11,63.4,74.3,88.2,71.9,59.3,46.3,0,15,37.5,3,0,1,72.9,2,21,374,13,5,4,0,28,9,1.6,14.0
D.J. Jones,11953,DI,DEN,18,0,,,1.2,,,0,0,0,,10,57.0,74.4,74.1,66.8,73.3,28.0,0,,75.0,3,0,1,0.0,0,3,250,6,1,0,0,0,0,0.0,
Patrick O'Connor,12005,ED,DET,8,0,,,1.9,,,2,0,0,,11,60.0,48.5,1.6,52.2,59.8,72.4,0,,,0,0,2,0.0,0,1,54,0,0,0,0,0,0,0.0,
Michael Davis,12040,CB,NO,1,0,17.0,0.0,100.0,,6.0,0,0,0,0.0,20,76.0,76.0,73.1,,60.0,,0,,,0,0,0,39.6,0,6,6,0,0,1,0,0,0,0.0,
Adam Butler,12214,DI,LV,15,3,5.0,100.0,4.8,16.0,16.0,0,0,0,0.0,23,58.1,53.8,44.5,58.5,55.0,32.6,0,5,14.3,1,0,4,87.5,1,18,377,3,3,1,0,5,0,0.3,5.0
Arthur Maulet,12224,CB,DET,6,1,9.0,81.3,93.5,6.0,4.9,0,0,1,6.3,11,63.0,62.2,80.0,46.1,65.7,85.9,1,31,0.0,0,1,1,99.0,13,87,93,4,10,16,1,144,32,1.8,11.1
Sam Kamara,24176,DI,CLV,4,0,,,2.6,,,0,0,0,,8,62.4,58.3,28.4,59.6,57.4,73.0,0,,100.0,1,0,1,0.0,0,1,39,0,0,0,0,0,0,0.0,
Nathan Shepherd,24614,DI,NO,16,3,,,0.5,,,0,0,0,,20,64.8,62.3,57.3,67.4,55.7,46.7,0,,14.3,1,0,3,0.0,0,2,392,6,3,0,0,0,0,0.0,
Foyesade Oluokun,24904,LB,JAX,18,18,4.4,83.3,83.9,9.1,7.6,0,1,8,10.3,15,78.4,74.4,68.9,46.3,73.5,67.7,1,33,12.0,11,6,2,89.5,65,626,746,31,63,78,0,528,290,0.9,8.1
Anfernee Jennings,25449,ED,NE,18,1,7.7,33.3,2.7,6.0,2.0,1,0,1,33.3,19,41.2,67.1,71.2,59.8,73.2,47.0,0,5,16.7,1,1,1,42.4,1,6,220,6,4,3,0,5,2,0.8,5.0
Clelin Ferrell,25955,ED,SF,11,4,,,2.2,,,1,0,0,,28,73.3,53.1,49.2,51.2,54.9,67.1,0,,28.6,2,0,2,0.0,0,4,180,5,1,0,0,0,0,0.0,
Maxx Crosby,26316,ED,LV,15,3,0.5,50.0,1.9,10.0,5.0,1,0,0,0.0,23,59.0,79.7,33.5,77.1,78.7,55.6,1,5,27.3,3,0,8,16.7,1,10,525,13,5,2,0,5,0,0.5,5.0
Jeremiah Moon,26453,ED,PIT,1,0,-1.0,100.0,36.4,4.0,4.0,0,0,0,0.0,25,29.1,32.3,73.8,53.0,60.9,25.4,0,4,100.0,1,0,0,122.9,1,4,11,0,0,1,1,4,5,1.0,4.0
D.J. Reed,26940,CB,DET,11,1,13.0,61.4,99.7,9.9,6.1,4,1,6,10.5,11,61.3,65.2,86.4,58.5,78.7,71.9,2,37,5.9,2,3,6,79.6,35,375,376,9,31,57,1,480,124,1.4,13.7
Isaiah Rodgers,27069,CB,MIN,17,6,9.4,64.6,99.4,11.8,7.6,0,1,4,6.2,18,74.1,73.8,87.6,53.3,66.8,37.6,1,79,16.1,9,3,0,91.5,42,520,523,14,41,65,2,495,237,1.0,11.8
Bryce Huff,27128,ED,SF,17,0,5.0,100.0,2.9,11.0,11.0,1,0,0,0.0,28,39.4,67.9,70.3,72.8,58.5,30.3,0,12,75.0,6,0,2,116.7,1,12,412,4,2,1,0,12,7,1.1,12.0
Montez Sweat,27271,ED,CHI,19,3,10.0,75.0,3.5,6.0,4.5,0,0,0,0.0,6,52.3,72.4,86.0,72.4,62.9,57.9,0,13,33.3,4,0,1,99.0,3,20,567,15,5,4,0,33,10,1.8,11.0
Devin Bush,27375,LB,CLV,17,11,2.8,78.6,89.8,11.6,9.1,0,1,3,7.1,8,80.4,87.6,66.2,68.7,87.3,76.9,3,27,6.4,3,3,2,69.3,33,403,449,14,33,42,1,247,176,0.6,7.5
Joshua Uche,27379,ED,PHI,9,1,2.0,50.0,9.6,14.0,7.0,0,0,0,0.0,24,73.7,85.1,57.1,83.2,69.5,73.9,0,5,25.0,1,0,1,56.3,1,15,157,1,2,2,0,5,1,0.4,5.0
D'Angelo Ross,27732,CB,CLV,2,0,13.9,71.4,100.0,5.8,4.1,0,0,2,28.6,8,65.4,63.6,76.4,,53.2,78.7,0,21,0.0,0,2,0,108.0,5,30,30,1,4,7,0,78,27,2.7,15.6
Khalil Dorsey,27819,CB,DET,5,0,,,100.0,,,0,0,0,,11,53.9,55.7,73.7,,61.5,,0,,,0,0,0,0.0,0,11,11,0,0,0,0,0,0,0.0,
DaVon Hamilton,28072,DI,JAX,18,0,,,2.7,,,0,0,0,,15,48.5,55.5,87.2,55.4,58.6,52.3,0,,33.3,1,0,0,0.0,0,8,291,1,2,0,0,0,0,0.0,
Dre'Mont Jones,28075,ED,BLT,18,2,0.5,100.0,4.5,10.5,10.5,1,0,0,0.0,3,55.3,64.7,40.3,69.6,57.8,63.8,0,9,12.5,1,0,5,95.8,2,24,531,11,5,2,0,14,13,0.7,7.0
Malik Harrison,28081,LB,PIT,12,0,6.8,100.0,87.5,10.6,10.6,0,0,0,0.0,25,45.0,55.1,79.6,79.9,60.4,44.3,0,18,26.7,4,0,0,109.1,11,126,144,3,11,11,0,112,37,1.0,10.2
Jerome Baker,28091,LB,CLV,17,1,1.7,88.9,86.3,10.8,9.6,0,0,0,0.0,8,69.1,69.8,76.6,77.7,62.8,73.6,0,19,0.0,0,0,0,99.5,8,88,102,5,10,9,0,71,59,0.8,8.9
Neville Gallimore,28094,DI,IND,17,2,-1.0,100.0,0.4,1.0,1.0,0,0,0,0.0,14,58.6,56.6,71.8,70.2,45.8,34.9,0,3,16.7,1,0,1,79.2,1,1,260,3,3,1,0,3,4,3.0,3.0
Tremon Smith,28196,CB,HST,10,3,17.0,62.5,100.0,11.3,7.1,0,0,1,6.3,13,50.9,55.1,81.7,,76.2,74.1,0,66,6.3,1,1,0,121.9,10,120,120,4,12,16,1,180,48,1.6,18.0
Troy Dye,28251,LB,LAC,17,0,4.4,78.6,87.3,10.5,8.3,0,0,3,10.7,27,47.3,59.8,48.4,69.7,72.2,33.0,0,37,32.1,9,3,1,114.0,22,248,284,5,19,28,1,238,149,1.0,10.8
Brenden Schooler,28253,S,NE,5,0,8.7,66.7,93.1,13.5,9.0,0,0,0,0.0,19,42.6,29.9,0.0,55.9,40.1,40.8,0,3,0.0,0,0,1,70.1,2,27,29,1,3,3,0,6,0,0.2,3.0
DeShon Elliott,28854,S,PIT,5,5,6.0,72.2,93.4,13.1,9.4,0,0,1,5.6,25,60.7,67.8,26.1,78.3,78.7,68.6,1,59,9.1,2,1,1,97.7,13,184,197,3,15,18,1,173,113,1.0,13.3
Jack Jones,29050,CB,MIA,17,10,11.2,64.8,99.1,15.4,10.0,2,0,6,11.1,17,54.7,60.2,68.0,84.9,77.7,36.4,1,36,13.3,8,1,9,112.7,35,572,577,13,42,54,6,354,149,0.7,10.1
Germaine Pratt,29407,LB,IND,16,9,6.3,66.2,87.9,10.1,6.7,0,1,6,9.2,14,57.5,63.0,88.2,55.8,67.6,81.5,1,30,6.6,4,5,1,97.1,43,457,520,12,48,65,4,403,198,0.9,9.4
Chris Board,29456,LB,NYG,1,0,1.0,100.0,83.3,5.0,5.0,0,0,0,0.0,21,78.4,73.9,68.5,60.0,57.8,76.1,0,3,0.0,0,0,0,79.2,1,5,6,1,1,1,0,3,2,0.6,3.0
Logan Wilson,29623,LB,DAL,15,6,5.1,75.0,95.4,9.5,7.2,0,0,3,6.8,9,47.6,52.6,84.0,80.4,56.2,66.4,0,22,10.0,4,3,0,118.3,33,332,348,5,30,44,3,327,234,1.0,9.9
Andrew Van Ginkel,30267,ED,MIN,12,3,4.1,73.9,43.8,7.5,5.5,0,0,3,13.0,18,81.5,70.5,74.9,66.8,57.1,36.5,1,23,19.2,5,3,1,72.9,17,135,308,17,18,23,0,151,117,1.2,8.9
T.J. Edwards,30737,LB,CHI,11,6,5.7,77.8,89.5,10.3,8.0,0,1,3,8.3,6,67.5,70.1,83.9,60.7,68.2,76.3,1,42,10.0,3,3,0,119.6,28,306,342,12,21,36,3,317,156,1.1,11.3
Dane Jackson,32989,CB,BUF,2,0,26.0,100.0,100.0,2.0,2.0,0,0,0,0.0,4,36.2,29.5,67.4,,60.0,,0,26,,0,0,0,158.3,1,2,2,0,0,1,1,26,0,13.0,26.0
Mike Hughes,34057,CB,ATL,12,3,13.0,56.1,100.0,10.4,5.8,0,0,3,4.5,2,59.8,58.6,57.7,,54.7,61.2,1,52,7.3,3,3,2,84.5,37,406,406,13,35,66,3,426,88,1.1,11.5
Kendall Sheffield,34105,CB,MIA,2,0,3.0,100.0,100.0,15.0,15.0,0,0,0,0.0,17,75.7,56.9,72.8,,47.4,73.0,0,6,0.0,0,0,0,91.7,1,16,16,1,1,1,0,6,3,0.4,6.0
Darnell Savage,34247,S,BUF,13,2,11.1,71.4,98.3,10.7,7.7,0,0,2,9.5,4,43.3,42.7,82.7,55.1,53.0,53.4,0,29,12.5,2,2,0,131.7,15,171,174,2,12,21,4,154,56,1.0,10.3
Zayne Anderson,34622,S,GB,3,0,13.0,50.0,100.0,12.0,6.0,0,0,0,0.0,12,49.3,49.5,74.3,,61.2,,0,4,,0,0,0,56.3,1,13,13,0,0,2,0,4,6,0.3,4.0
Zack Baun,34632,LB,PHI,17,7,5.0,65.6,87.5,14.0,9.2,0,1,5,8.2,24,81.6,80.9,70.2,80.6,69.7,56.7,2,20,14.0,8,4,1,73.2,40,589,673,18,42,61,2,281,164,0.5,7.0
Akeem Davis-Gaither,34788,LB,ARZ,17,7,5.1,79.4,90.9,7.3,5.8,1,0,3,4.8,1,36.5,49.9,85.5,54.5,66.9,55.9,1,30,14.0,7,2,1,122.4,50,390,429,10,36,63,5,543,325,1.5,10.9
Jamel Dean,34918,CB,TB,14,4,13.2,46.3,99.1,16.8,7.8,1,0,7,13.0,30,75.9,80.6,57.9,99.9,63.3,73.7,3,56,5.9,2,1,4,47.7,25,443,447,8,28,54,1,311,105,0.7,12.4
Josh Butler,35097,CB,DAL,1,0,5.0,100.0,92.3,10.0,10.0,0,0,0,0.0,9,50.0,56.8,74.4,59.1,74.3,49.4,0,6,0.0,0,0,0,91.7,1,12,13,0,3,1,0,6,1,0.6,6.0
Trevis Gipson,35241,ED,CAR,14,2,2.0,50.0,6.1,8.0,4.0,0,0,0,0.0,5,55.9,59.3,85.7,57.5,59.0,30.5,0,8,25.0,1,0,0,60.4,1,8,131,2,1,2,0,8,7,1.0,8.0
Blake Cashman,35413,LB,MIN,13,18,5.3,74.2,71.3,12.2,9.0,1,0,1,3.2,18,48.6,63.6,63.2,58.9,75.4,83.4,0,30,3.8,2,1,2,101.9,23,295,414,7,33,31,0,283,187,1.0,12.3
Darrell Taylor,36001,ED,HST,4,0,,,5.0,,,0,0,0,,13,60.0,47.9,0.0,55.9,57.6,20.7,0,,,0,0,1,0.0,0,1,20,0,0,0,0,0,0,0.0,
Quinton Bell,37468,ED,MIA,5,0,2.5,50.0,24.0,17.0,8.5,0,0,0,0.0,17,74.4,58.7,32.5,54.5,59.7,30.7,0,2,66.7,2,0,1,56.3,1,18,75,1,1,2,0,2,3,0.1,2.0
Troy Reeder,38268,LB,LA,6,0,4.0,50.0,98.0,11.5,5.8,0,0,2,25.0,26,77.5,76.0,75.4,59.4,65.2,67.4,0,12,0.0,0,2,0,97.4,4,48,49,2,3,8,1,27,22,0.6,6.8
Camryn Bynum,38408,S,IND,17,4,8.3,71.0,96.7,29.0,20.6,0,0,4,12.9,14,67.7,70.8,88.6,57.8,77.0,89.2,4,32,6.3,3,3,0,66.3,22,675,698,6,41,31,1,252,124,0.4,11.5
Cameron Goode,38410,ED,MIA,8,0,-1.0,100.0,18.8,11.0,11.0,0,0,0,0.0,17,68.2,64.1,80.8,46.3,76.6,77.6,0,5,0.0,0,0,0,87.5,1,12,64,0,3,1,0,5,6,0.5,5.0
Eric Wilson,38587,LB,MIN,17,4,4.5,74.5,62.6,7.5,5.6,0,0,0,0.0,18,36.7,62.1,75.3,70.2,72.9,48.0,0,27,23.7,9,0,1,99.6,38,301,481,16,25,51,1,354,174,1.2,9.3
Joe Giles-Harris,39382,LB,CIN,4,0,4.1,57.1,100.0,5.3,3.0,0,1,2,28.6,7,89.8,86.7,71.0,,60.7,80.0,0,9,0.0,0,2,0,65.8,4,22,22,3,4,7,0,27,19,1.3,6.8
L'Jarius Sneed,40588,CB,TEN,7,0,14.1,61.9,99.5,14.4,8.9,2,0,3,14.3,31,49.5,50.4,35.3,58.5,59.6,47.6,0,40,18.8,3,1,6,137.7,13,203,204,1,13,21,3,224,58,1.2,17.2
Alohi Gilman,41662,S,BLT,17,7,7.8,65.9,98.2,23.6,15.6,0,2,9,22.0,3,71.9,70.4,27.8,58.6,71.6,51.4,0,52,16.7,9,6,3,114.2,27,673,685,6,38,41,2,403,225,0.6,14.9
Trevon Diggs,41817,CB,GB,10,1,14.0,76.2,99.6,16.7,12.7,1,0,0,0.0,12,64.6,58.7,11.0,40.3,44.5,59.9,0,35,4.8,1,0,3,157.2,16,284,285,9,19,21,3,286,78,1.1,17.9
Divine Deablo,42208,LB,ATL,13,4,4.7,67.6,89.6,17.5,11.8,1,0,7,20.6,2,78.6,77.7,54.2,65.0,71.3,70.6,0,21,13.8,4,7,2,82.6,23,430,480,6,21,34,0,197,125,0.5,8.6
Amen Ogbongbemiga,42449,LB,CHI,4,1,8.0,80.0,77.5,7.0,5.6,0,0,1,20.0,6,45.1,57.5,76.2,49.1,71.7,56.3,0,13,16.7,1,1,0,92.5,4,31,40,1,4,5,0,31,17,1.1,7.8
K'Von Wallace,42467,S,HST,2,0,13.0,50.0,97.4,23.3,11.7,0,1,0,0.0,13,63.1,70.1,78.8,59.1,83.3,73.7,0,9,14.3,1,0,1,56.3,3,74,76,4,6,6,0,17,4,0.2,5.7
Antoine Winfield Jr.,42475,S,TB,17,6,10.9,67.6,90.5,25.7,17.4,0,0,6,17.6,30,74.3,74.4,87.0,82.4,60.5,90.4,2,53,1.7,1,6,0,91.3,23,620,685,11,51,34,2,308,95,0.5,13.4
Tomon Fox,42486,ED,NYG,8,1,,,5.9,,,0,0,0,,21,63.6,56.4,80.2,53.0,57.3,74.4,0,,0.0,0,0,0,0.0,0,2,34,0,0,0,0,0,0,0.0,
Daniel Thomas,42544,S,DET,6,0,12.3,75.0,98.4,19.7,14.8,0,0,1,25.0,11,71.0,75.8,78.3,58.5,71.6,65.9,0,26,0.0,0,1,0,137.5,3,63,64,1,6,4,1,32,5,0.5,10.7
Krys Barnes,42548,LB,CAR,3,1,4.9,72.7,87.3,7.8,5.6,0,0,0,0.0,5,32.3,43.9,77.4,59.6,63.3,67.3,0,19,10.0,1,0,0,94.9,8,62,71,2,8,11,0,85,79,1.4,10.6
Justin Strnad,42659,LB,DEN,17,7,3.5,87.5,79.6,14.4,12.6,0,0,1,4.2,10,71.1,72.1,84.2,69.9,63.1,75.5,1,47,11.8,2,1,0,93.6,21,328,412,10,8,24,0,255,182,0.8,12.1
Chauncey Golston,42718,ED,NYG,9,0,7.0,100.0,9.0,9.0,9.0,0,0,0,0.0,21,56.3,68.0,86.1,54.6,78.1,66.0,0,11,,0,0,0,112.5,1,9,100,1,0,1,0,11,4,1.2,11.0
Nick Bosa,42741,ED,SF,3,1,,,1.4,,,0,0,0,,28,71.8,86.3,84.7,80.3,65.6,78.6,0,,0.0,0,0,0,0.0,0,1,71,3,1,0,0,0,0,0.0,
Osa Odighizuwa,42754,DI,DAL,17,2,,,1.4,,,2,0,0,,9,59.9,65.9,44.1,71.5,58.9,72.1,0,,0.0,0,0,5,0.0,0,6,426,3,0,0,0,0,0,0.0,
Chase Lucas,42833,CB,SF,6,1,2.8,63.6,93.8,10.1,6.5,1,1,1,9.1,28,46.6,49.0,0.0,87.4,61.3,23.7,0,16,57.1,4,1,2,77.1,7,76,81,1,2,11,0,58,44,0.8,8.3
Curtis Robinson,42871,LB,SF,8,6,3.1,85.7,89.3,7.7,6.6,0,0,1,4.8,28,57.8,51.2,81.9,45.4,48.4,41.8,0,18,11.5,3,1,0,111.5,18,150,168,6,17,21,1,146,93,1.1,8.1
Kristian Fulton,42894,CB,KC,8,0,13.6,50.0,99.2,15.4,7.7,0,0,5,31.3,16,69.0,61.6,81.9,60.0,34.8,32.6,0,35,10.0,1,4,0,78.9,8,126,127,4,9,16,0,135,33,1.1,16.9
Rashan Gary,42905,ED,GB,17,0,1.0,100.0,2.4,10.0,10.0,0,0,0,0.0,12,64.7,68.9,79.1,61.8,71.2,67.2,0,5,60.0,3,0,1,87.5,1,11,457,9,2,1,0,5,4,0.5,5.0
Khalid Kareem,42993,ED,ATL,4,0,,,5.3,,,0,0,0,,2,61.6,67.2,78.7,67.7,59.4,58.6,0,,100.0,1,0,0,0.0,0,2,38,0,0,0,0,0,0,0.0,
Jonathon Cooper,43021,ED,DEN,19,0,-0.4,66.7,13.9,11.0,7.3,3,0,1,11.1,10,57.1,64.3,40.9,66.8,63.5,57.0,0,13,36.4,4,0,6,83.6,6,73,527,12,7,9,0,56,53,0.8,9.3
Charvarius Ward,43034,CB,IND,7,0,12.4,56.8,99.7,12.8,7.2,0,1,8,21.6,14,77.4,77.1,45.3,60.0,73.7,45.7,0,39,25.0,5,7,2,81.6,21,289,290,4,15,37,0,286,116,1.1,13.6
Brandon Jones,43049,S,DEN,14,11,12.4,56.3,95.3,28.9,16.3,0,0,4,12.5,10,60.6,64.2,34.3,62.2,75.7,71.0,1,44,8.7,4,3,3,75.3,18,562,590,5,31,32,1,222,62,0.4,12.3
Devin White,43089,LB,LV,17,13,4.0,79.0,87.9,6.3,5.0,0,0,4,3.8,23,36.1,40.7,37.6,69.0,47.0,54.0,1,39,10.9,10,3,4,92.5,83,554,630,28,69,105,1,671,426,1.3,8.1
Jeremy Chinn,43179,S,LV,15,11,4.9,77.6,95.0,13.1,10.1,0,0,3,6.1,23,64.1,67.6,87.7,60.0,69.3,70.0,0,43,10.2,6,2,1,135.1,38,528,556,10,42,49,7,339,201,0.7,8.9
Mack Wilson Sr.,43190,LB,ARZ,8,3,5.2,75.0,91.0,9.8,7.4,0,1,2,5.0,1,59.8,60.1,83.8,80.6,52.4,41.9,1,26,14.7,5,2,1,90.5,30,312,343,9,26,40,1,269,146,0.9,9.0
Joe Bachie,43250,LB,TEN,5,2,5.4,100.0,88.8,4.4,4.4,1,0,0,0.0,31,46.6,45.4,0.0,72.4,52.5,72.8,0,29,7.7,1,0,2,107.4,17,79,89,6,10,17,0,166,75,2.2,9.8
Damar Hamlin,43291,S,BUF,1,0,23.0,0.0,90.0,,9.0,0,0,0,0.0,4,47.5,42.8,70.3,56.8,60.0,,0,,,0,0,0,39.6,0,9,10,0,0,1,0,0,0,0.0,
Myles Bryant,43336,S,HST,9,5,7.0,71.4,98.3,14.8,10.6,0,0,1,4.8,13,60.5,64.5,82.2,66.9,71.4,64.1,0,34,8.3,2,0,0,118.2,15,237,241,7,17,21,2,125,44,0.6,8.3
Josh Metellus,43395,S,MIN,14,8,9.4,66.0,95.1,13.8,9.1,0,0,3,6.4,18,46.8,55.4,63.4,72.6,68.5,72.9,2,40,2.6,1,3,2,105.8,31,448,471,10,30,47,5,350,130,0.8,11.3
Alex Highsmith,43507,ED,PIT,14,1,4.2,69.2,17.2,7.8,5.4,0,0,2,15.4,25,57.3,82.2,52.4,78.0,82.4,68.1,0,26,40.0,4,2,3,85.4,9,73,424,12,5,13,0,80,47,1.1,8.9
William Kwenkeu,43510,LB,BLT,1,0,8.0,100.0,50.0,1.0,1.0,0,0,0,0.0,3,60.0,36.8,64.0,60.0,,,0,1,,0,0,0,118.8,1,1,2,0,0,1,1,1,0,1.0,1.0
Darrell Baker Jr.,43542,CB,TEN,14,4,12.8,72.4,100.0,10.0,7.2,1,1,8,13.8,31,53.9,54.8,86.0,,55.3,62.1,0,60,11.1,5,5,4,135.8,42,443,443,12,36,58,5,621,195,1.5,14.8
Sam Franklin Jr.,43580,S,BUF,2,0,,,75.0,,,0,0,0,,4,64.3,65.4,94.8,60.0,60.0,,0,,,0,0,0,0.0,0,3,4,0,0,0,0,0,0,0.0,
Jake Hansen,43645,LB,HST,2,0,,,100.0,,,0,0,0,,13,63.7,77.1,68.2,,69.4,,0,,,0,0,0,0.0,0,3,3,0,0,0,0,0,0,0.0,
Jeffery Simmons,43742,DI,TEN,15,0,,,1.3,,,2,0,0,,31,69.9,88.3,15.1,91.4,66.2,48.0,0,,45.5,5,0,10,0.0,0,6,471,15,6,0,0,0,0,0.0,
Derrick Brown,43883,DI,CAR,18,4,,,0.8,,,0,1,0,,5,67.0,72.9,71.6,69.7,65.8,64.2,0,,16.7,2,0,2,0.0,0,4,500,9,6,0,0,0,0,0.0,
Pat Jones II,43974,ED,CAR,4,0,5.0,100.0,8.2,4.0,4.0,0,0,0,0.0,5,31.3,62.2,82.5,61.3,73.4,61.8,0,27,50.0,1,0,0,118.8,2,9,110,1,1,2,0,39,29,4.9,19.5
Byron Murphy Jr.,44027,CB,MIN,17,4,8.7,71.4,97.6,12.7,9.1,2,0,5,8.9,18,59.8,58.5,31.3,46.7,61.3,52.1,2,30,12.2,6,4,9,96.1,40,534,547,14,39,56,3,424,169,0.8,10.6
Benito Jones,44035,DI,MIA,14,0,,,1.8,,,0,0,0,,17,57.8,47.0,60.4,58.5,45.9,28.4,0,,0.0,0,0,2,0.0,0,2,112,1,1,0,0,0,0,0.0,
Nnamdi Madubuike,44304,DI,BLT,2,0,,,2.6,,,0,0,0,,3,60.2,73.5,28.3,71.7,69.9,72.2,0,,,0,0,1,0.0,0,2,76,2,0,0,0,0,0,0.0,
Boogie Basham,44320,ED,CAR,3,1,,,11.1,,,0,0,0,,5,79.5,68.8,76.9,63.1,57.8,49.8,0,,0.0,0,0,0,0.0,0,2,18,0,1,0,0,0,0,0.0,
Naquan Jones,44363,DI,HST,13,0,,,1.8,,,0,0,0,,13,61.3,36.4,8.9,58.1,36.7,35.4,0,,0.0,0,0,3,0.0,0,2,112,4,4,0,0,0,0,0.0,
Kyzir White,44485,LB,TEN,1,0,5.0,0.0,85.7,,6.0,0,0,0,0.0,31,66.4,46.1,73.1,58.9,41.3,31.7,0,,0.0,0,0,0,39.6,0,6,7,0,1,1,0,0,0,0.0,
Brian Burns,44522,ED,NYG,17,3,2.5,100.0,14.4,6.5,6.5,0,0,0,0.0,21,83.1,75.8,90.2,71.5,59.8,57.8,0,36,17.4,4,0,1,109.5,11,79,550,26,16,11,0,113,85,1.6,10.3
D.J. Wonnum,44550,ED,CAR,17,2,3.6,50.0,12.8,14.3,7.1,0,1,1,12.5,5,61.8,56.7,87.5,50.4,61.6,50.8,1,19,50.0,6,1,0,26.0,4,58,454,4,4,8,0,42,33,0.7,10.5
Jonah Williams,44597,DI,NO,15,1,,,0.6,,,0,0,0,,20,62.3,41.6,64.0,58.1,34.3,40.8,0,,0.0,0,0,1,0.0,0,1,163,5,2,0,0,0,0,0.0,
Leki Fotu,44614,DI,HST,10,0,,,1.1,,,0,0,0,,13,60.0,41.8,84.1,51.6,41.3,29.5,0,,,0,0,0,0.0,0,1,89,1,0,0,0,0,0,0.0,
Terrell Burgess,45255,S,NO,15,1,23.0,40.0,98.3,27.5,11.0,0,1,4,80.0,20,71.4,79.5,79.4,59.0,80.1,76.3,0,29,16.7,1,4,0,68.8,2,58,59,1,4,5,0,40,9,0.7,20.0
Jordan Fuller,45326,S,ATL,4,0,,,100.0,,,0,0,0,,2,53.0,60.5,70.8,,70.1,29.3,0,,50.0,1,0,0,0.0,0,7,7,0,1,0,0,0,0,0.0,
Brandon Stephens,45644,CB,NYJ,16,4,10.6,67.1,99.1,11.6,7.8,0,1,8,11.4,22,63.0,67.0,88.4,62.0,75.4,71.9,0,46,8.9,4,6,3,126.4,47,583,588,12,37,70,8,509,164,0.9,10.8
Da'Shawn Hand,48386,DI,LAC,14,1,5.0,0.0,2.0,,6.0,0,0,0,0.0,27,65.3,59.2,57.6,54.9,62.0,67.6,1,,25.0,1,0,2,0.0,0,6,296,3,2,1,0,0,0,0.0,
Jalyn Holmes,48400,DI,WAS,10,1,,,0.9,,,0,0,0,,32,57.3,57.8,85.9,51.3,61.7,60.2,0,,0.0,0,0,0,0.0,0,1,114,0,0,0,0,0,0,0.0,
Kentavius Street,48404,DI,ATL,7,0,,,0.9,,,0,0,0,,2,63.3,53.3,82.9,56.3,49.8,66.7,0,,,0,0,0,0.0,0,1,110,2,0,0,0,0,0,0.0,
Anthony Nelson,48405,ED,TB,15,4,3.7,90.0,24.0,6.2,5.6,0,0,0,0.0,30,59.1,65.5,88.2,71.9,52.0,50.5,1,26,21.4,3,0,0,104.6,9,58,242,3,7,10,1,106,73,1.9,11.8
Jonathan Greenard,48407,ED,MIN,12,1,0.3,77.8,19.4,8.7,6.8,1,0,0,0.0,18,47.8,74.2,27.5,77.6,77.8,29.2,0,29,58.3,7,0,5,97.7,7,65,335,6,4,9,0,67,72,1.1,9.6
Mike Danna,48415,ED,KC,15,1,0.7,100.0,6.3,4.3,4.3,0,0,0,0.0,16,59.7,57.3,88.9,56.7,55.0,64.4,1,15,0.0,0,0,0,63.2,3,13,205,2,2,3,0,26,24,2.0,8.7
Tyquan Lewis,48475,ED,IND,13,2,-3.5,100.0,6.6,6.5,6.5,1,0,0,0.0,14,55.8,46.1,44.0,51.4,49.4,39.4,0,10,50.0,2,0,3,95.8,2,15,227,3,0,2,0,14,21,1.1,7.0
Carl Granderson,48500,ED,NO,17,1,2.6,80.0,23.2,8.1,6.5,0,0,1,6.7,20,68.5,65.2,59.5,61.5,64.4,43.1,1,32,26.7,4,1,3,95.3,12,102,440,13,10,15,1,123,95,1.3,10.3
Bradley Chubb,48526,ED,MIA,17,1,9.7,100.0,14.2,6.0,6.0,0,0,0,0.0,17,30.0,54.5,77.4,60.3,57.2,28.8,0,34,66.7,12,0,3,118.8,10,65,458,8,5,10,0,172,75,2.9,17.2
Dorance Armstrong,48557,ED,WAS,7,0,2.0,100.0,2.7,2.0,2.0,0,0,0,0.0,32,49.2,77.6,56.7,71.2,77.5,82.3,0,9,0.0,0,0,1,95.8,2,4,147,8,3,2,0,14,10,3.5,7.0
Harold Landry III,48600,ED,NE,18,4,3.7,66.7,9.9,24.0,16.0,0,0,0,0.0,19,81.7,71.1,64.5,59.4,63.4,63.7,0,9,10.5,2,0,3,78.5,2,48,484,17,13,3,0,15,3,0.3,7.5
Roy Lopez,48676,DI,DET,17,0,,,0.4,,,0,0,0,,11,64.1,68.7,54.4,63.6,68.9,53.0,0,,50.0,1,0,2,0.0,0,1,239,2,1,0,0,0,0,0.0,
Daron Payne,48698,DI,WAS,15,1,,,0.5,,,0,0,1,,32,72.0,60.8,73.4,64.5,49.0,29.8,0,,0.0,0,1,1,0.0,0,2,373,7,4,0,0,0,0,0.0,
Greg Gaines,48706,DI,TB,17,0,,,0.9,,,0,0,0,,30,57.2,48.2,48.9,53.1,51.2,49.7,0,,,0,0,2,0.0,0,2,211,2,0,0,0,0,0,0.0,
Taven Bryan,48753,DI,BLT,5,0,,,4.3,,,0,0,0,,3,62.7,44.9,80.5,52.2,37.9,26.2,0,,100.0,1,0,0,0.0,0,3,69,0,0,0,0,0,0,0.0,
Daniel Ekuale,48874,DI,PIT,7,0,,,2.3,,,0,0,0,,25,60.0,73.3,79.2,70.2,66.6,32.9,0,,,0,0,0,0.0,0,1,44,0,0,0,0,0,0,0.0,
Poona Ford,48875,DI,LA,20,2,,,0.3,,,0,0,0,,26,63.1,86.0,88.2,76.3,78.6,43.2,0,,57.1,4,0,0,0.0,0,1,343,4,1,0,0,0,0,0.0,
Vita Vea,48956,DI,TB,17,1,,,3.1,,,1,0,0,,30,56.9,72.8,68.6,77.0,62.5,39.1,0,,85.7,6,0,2,0.0,0,16,518,4,0,0,0,0,0,0.0,
Tim Settle,48966,DI,HST,12,1,,,0.9,,,0,0,0,,13,60.9,71.3,49.6,78.0,61.3,27.5,0,,50.0,2,0,2,0.0,0,2,217,2,1,0,0,0,0,0.0,
Nick Scott,49012,S,CAR,18,12,13.0,76.5,99.7,23.4,17.9,0,0,2,5.9,5,61.0,62.3,25.3,74.8,68.0,71.4,1,54,9.6,7,1,4,124.3,26,635,637,8,54,34,2,417,156,0.7,16.0
Josh Woods,49023,LB,ATL,2,0,2.5,100.0,100.0,3.5,3.5,0,0,0,0.0,2,63.8,63.9,72.4,,60.4,46.4,0,24,25.0,1,0,0,118.8,2,7,7,3,3,2,0,30,25,4.3,15.0
Justin Reid,49048,S,NO,15,3,5.7,75.8,97.1,16.9,12.8,0,0,2,6.1,20,59.2,66.7,61.9,75.2,77.0,57.0,1,18,10.8,4,2,2,84.9,25,442,455,10,30,33,1,176,124,0.4,7.0
Tre Flowers,49059,CB,PIT,2,0,,,100.0,,,0,0,0,,25,66.3,66.7,71.7,,60.0,,0,,,0,0,0,0.0,0,11,11,0,0,0,0,0,0,0.0,
Jalen Thompson,49116,S,ARZ,15,9,10.4,65.2,97.5,18.2,11.9,0,2,6,13.0,1,69.2,68.7,84.3,60.5,63.2,85.9,0,30,5.1,3,5,1,98.4,30,582,597,6,47,46,2,303,120,0.6,10.1
Jessie Bates III,49162,S,ATL,17,9,9.3,69.2,98.4,22.8,15.8,0,0,2,5.1,2,59.6,64.5,62.4,66.6,73.4,84.3,3,33,6.5,3,2,1,100.6,27,656,667,9,34,39,4,362,143,0.6,13.4
Elijah Campbell,49190,S,MIA,3,0,6.0,100.0,90.0,9.0,9.0,0,0,0,0.0,17,35.0,29.8,71.2,60.0,60.0,24.2,0,17,100.0,2,0,0,118.8,1,9,10,0,0,1,0,17,11,1.9,17.0
Ronnie Harrison,49206,LB,ATL,10,1,4.0,76.9,88.7,13.3,10.2,0,0,0,0.0,2,52.0,62.3,25.7,77.7,71.7,40.5,0,18,42.9,6,0,1,124.8,10,141,159,5,7,13,1,103,74,0.8,10.3
Demetrius Flannigan-Fowles,49231,LB,NYG,7,5,5.1,82.4,89.6,8.1,6.7,0,0,0,0.0,21,48.9,47.7,80.0,68.1,47.4,55.1,0,21,7.7,1,0,0,102.2,14,121,135,5,7,17,0,145,67,1.3,10.4
Andrew Wingard,49268,S,JAX,17,8,9.6,66.7,91.4,19.7,13.1,0,0,6,13.3,15,48.8,58.5,88.1,55.9,80.9,61.1,1,61,19.6,11,4,2,92.9,30,629,688,8,37,45,2,321,111,0.5,10.7
Carlton Davis III,49335,CB,NE,21,11,11.3,59.1,98.8,13.3,7.9,0,1,14,15.9,19,71.8,74.0,69.9,55.5,80.4,80.2,2,36,8.8,6,13,13,81.4,52,730,739,20,51,88,4,515,157,0.7,9.9
Kindle Vildor,49346,CB,TB,7,0,10.2,72.2,100.0,8.8,6.4,0,0,2,11.1,30,56.8,59.3,81.8,,72.1,76.8,1,21,8.3,1,1,0,94.4,13,124,124,3,11,18,1,159,39,1.4,12.2
Jaire Alexander,49350,CB,PHI,2,1,17.2,100.0,100.0,8.0,8.0,0,0,0,0.0,24,31.0,36.9,77.7,,72.6,54.3,0,32,16.7,1,0,1,118.8,5,43,43,1,4,5,0,116,30,2.9,23.2
Isaac Yiadom,49355,CB,NO,6,1,11.9,75.0,100.0,7.8,5.8,0,0,0,0.0,20,54.9,50.3,80.9,,29.7,62.3,0,29,8.3,1,0,1,101.3,12,99,99,4,10,16,0,141,43,1.5,11.8
Chris Lammons,49368,CB,IND,4,0,7.2,69.2,95.6,9.1,6.3,0,0,2,15.4,14,80.6,74.3,79.1,69.2,41.5,57.3,1,11,22.2,2,1,0,40.2,9,87,91,2,7,13,0,34,21,0.4,3.8
C.J. Gardner-Johnson,49371,S,CHI,14,3,7.4,68.3,90.2,10.0,6.9,2,0,6,9.5,6,44.9,51.4,62.5,59.3,67.0,44.7,2,46,21.7,10,3,3,93.9,43,460,510,9,33,63,3,488,221,1.1,11.3
Jaylon Jones,49374,CB,CHI,2,0,4.0,100.0,100.0,9.0,9.0,0,0,0,0.0,6,74.4,74.5,76.1,,66.6,78.6,0,6,0.0,0,0,0,85.4,2,20,20,0,4,2,0,9,1,0.5,4.5
Donte Jackson,49377,CB,LAC,18,2,13.2,50.0,100.0,17.1,8.5,0,2,8,17.4,27,73.4,70.8,86.9,,47.3,27.8,4,75,21.7,5,7,1,58.5,23,415,415,7,16,46,3,323,112,0.8,14.0
Cam Lewis,49395,S,BUF,18,3,5.9,59.1,94.0,11.0,6.5,2,1,4,9.1,4,58.0,60.0,82.5,56.8,65.0,47.7,0,37,15.6,5,4,3,81.8,26,296,315,10,24,44,1,242,134,0.8,9.3
M.J. Stewart,49397,S,HST,7,1,14.3,58.3,98.7,20.4,11.9,0,0,0,0.0,13,42.4,49.4,80.8,56.2,79.5,63.0,0,25,21.4,3,0,1,102.1,7,151,153,2,10,12,1,68,32,0.5,9.7
Donovan Wilson,49408,S,DAL,15,8,9.2,78.4,95.7,17.8,14.0,1,0,2,5.4,9,38.8,50.8,86.2,59.0,73.9,41.8,2,48,26.0,13,2,2,119.2,29,554,579,6,29,37,8,315,129,0.6,10.9
Julian Blackmon,49434,S,NO,1,2,0.0,66.7,100.0,19.0,12.7,0,0,0,0.0,20,76.6,82.4,77.0,,69.2,83.7,0,4,0.0,0,0,0,70.1,2,42,42,2,3,3,0,7,10,0.2,3.5
Taron Johnson,49511,CB,BUF,15,8,6.9,66.7,93.8,9.9,6.6,0,0,3,4.8,4,63.7,57.9,85.1,36.8,44.4,68.3,0,33,9.6,5,3,4,94.5,42,438,467,12,39,63,2,398,239,1.0,9.5
Nick McCloud,49535,CB,CHI,14,3,9.5,81.3,96.8,9.9,8.1,0,0,2,6.3,6,51.4,49.9,84.3,48.7,46.0,61.9,0,64,5.3,1,2,3,148.2,26,275,284,4,15,32,5,322,139,1.2,12.4
Denzel Ward,49558,CB,CLV,15,3,10.4,59.3,99.3,13.3,7.9,0,1,8,14.8,8,59.7,59.2,87.2,45.2,55.7,39.2,1,45,18.8,6,4,3,89.7,32,452,455,5,23,54,3,355,137,0.8,11.1
Ashtyn Davis,49560,S,MIA,14,5,11.5,77.4,97.2,16.1,12.5,0,0,2,6.5,17,52.2,51.1,83.5,54.1,49.6,40.7,1,29,19.0,8,2,0,108.8,24,413,425,6,29,31,2,254,78,0.7,10.6
Rock Ya-Sin,49564,CB,DET,16,6,13.8,54.0,98.7,13.0,7.0,1,1,9,18.0,11,64.8,62.8,86.4,60.3,50.8,81.0,0,37,0.0,0,5,8,77.7,27,382,387,6,24,50,1,287,80,0.8,10.6
Zach Allen,49605,DI,DEN,19,0,-6.0,0.0,1.0,,5.0,1,0,1,100.0,10,66.3,63.5,60.9,76.6,39.3,28.8,0,,85.7,6,1,3,39.6,0,6,613,9,1,1,0,0,0,0.0,
Cole Holcomb,49753,LB,PIT,8,2,5.3,100.0,82.5,10.3,10.3,0,0,0,0.0,25,65.6,72.6,79.5,54.1,74.7,64.3,0,24,9.1,1,0,0,107.8,8,85,103,4,8,8,0,79,37,1.0,9.9
Quincy Williams,49779,LB,NYJ,13,3,4.1,82.1,87.6,7.8,6.4,0,0,6,10.7,22,35.2,45.5,59.7,66.9,57.3,50.7,0,45,22.9,8,4,2,136.5,46,382,436,16,24,56,5,538,372,1.5,11.7
Azeez Al-Shaair,49792,LB,HST,18,5,4.5,76.9,96.1,12.3,9.5,0,1,4,6.2,13,69.0,75.8,66.1,61.0,82.4,63.6,2,27,21.0,13,4,2,81.8,50,658,685,28,44,65,1,364,255,0.6,7.3
Zaire Franklin,49834,LB,IND,17,26,6.6,77.3,83.9,9.5,7.4,0,0,3,4.0,14,29.9,38.4,33.5,57.5,54.9,47.3,0,42,11.4,8,3,3,109.3,58,589,702,13,36,75,2,610,337,1.1,10.5
Christian Rozeboom,49862,LB,CAR,16,10,5.7,82.6,89.0,7.2,6.0,0,0,2,2.9,5,42.3,48.4,62.7,61.7,56.6,49.4,1,31,15.9,11,1,1,109.2,57,430,483,18,48,69,3,565,269,1.4,9.9
Sebastian Joseph-Day,49935,DI,TEN,17,0,,,0.4,,,0,0,0,,31,60.3,66.6,73.3,65.7,62.9,52.8,0,,0.0,0,0,1,0.0,0,1,232,1,1,0,0,0,0,0.0,
Derrick Nnadi,49970,DI,KC,15,0,,,3.6,,,0,0,0,,16,58.2,43.6,64.9,50.2,46.0,33.8,0,,,0,0,1,0.0,0,4,110,0,0,0,0,0,0,0.0,
Uchenna Nwosu,50084,ED,SEA,19,0,5.8,55.6,11.1,9.8,5.4,3,0,0,0.0,29,40.1,55.6,25.7,62.7,60.8,48.0,1,19,60.0,9,0,6,25.5,5,53,479,9,6,9,0,36,26,0.7,7.2
John Franklin-Myers,50088,DI,DEN,18,1,6.5,50.0,1.5,6.0,3.0,1,0,0,0.0,10,52.7,63.0,17.0,68.0,66.6,34.0,0,17,66.7,2,0,6,79.2,1,6,412,8,0,2,0,17,4,2.8,17.0
Josh Sweat,50120,ED,ARZ,17,0,11.0,80.0,4.6,4.0,3.2,0,0,0,0.0,1,43.4,74.2,63.7,73.6,69.8,69.3,0,32,40.0,2,0,2,148.8,4,17,372,14,3,5,1,51,11,3.2,12.8
Jacob Martin,50152,ED,WAS,17,1,8.5,66.7,4.9,5.0,3.3,0,0,1,16.7,32,30.1,58.4,66.6,63.9,60.9,36.7,0,31,54.5,6,0,2,100.7,4,21,431,7,4,6,0,62,24,3.1,15.5
Malcolm Roach,50191,DI,DEN,14,3,4.0,0.0,1.2,,2.0,0,0,0,0.0,10,65.7,62.5,57.7,63.4,57.8,32.8,0,,22.2,2,0,2,39.6,0,3,259,8,4,1,0,0,0,0.0,
Arden Key,50201,ED,TEN,12,1,3.3,100.0,5.2,5.0,5.0,1,0,0,0.0,31,76.9,63.7,50.7,56.7,71.1,56.5,0,13,50.0,4,0,3,90.3,3,16,310,7,3,3,0,17,7,1.1,5.7
Oren Burks,50203,LB,CIN,15,1,2.6,86.4,93.3,7.1,6.1,0,0,0,0.0,7,28.1,30.2,83.4,73.2,50.1,27.2,0,30,30.8,4,0,1,142.4,19,140,150,3,8,22,2,240,201,1.8,12.6
Josh Hines-Allen,50235,ED,JAX,18,1,5.0,100.0,6.3,19.0,19.0,0,0,0,0.0,15,68.2,87.3,77.3,83.8,72.4,56.1,0,10,37.5,6,0,4,104.2,2,40,632,14,9,2,0,18,8,0.5,9.0
Marcus Davenport,50291,ED,DET,8,1,20.0,100.0,0.7,1.0,1.0,0,0,0,0.0,11,53.7,52.4,86.2,55.8,51.8,47.1,0,26,0.0,0,0,0,118.8,1,1,151,1,0,1,0,26,6,26.0,26.0
Cornell Armstrong,50351,CB,MIA,3,0,1.0,75.0,94.0,14.7,11.0,0,0,0,0.0,17,48.1,49.4,77.4,52.3,63.7,29.9,0,15,33.3,1,0,0,143.8,3,47,50,0,2,4,1,38,43,0.9,12.7
Isaiah Oliver,50393,S,NYJ,13,2,4.8,86.4,95.4,8.4,7.3,3,0,3,13.6,22,49.1,44.5,79.8,63.9,40.5,49.9,0,33,11.1,3,3,4,108.7,19,167,175,6,22,22,0,222,131,1.4,11.7
A.J. Green III,50394,CB,MIA,1,0,,,100.0,,,0,0,0,,17,62.9,64.0,68.9,,60.0,,0,,,0,0,0,0.0,0,3,3,0,0,0,0,0,0,0.0,
Jeremy Reaves,50406,S,WAS,17,6,6.5,64.7,98.1,17.3,11.2,1,0,5,14.7,32,62.6,63.7,57.8,59.0,65.5,54.6,1,61,14.9,7,5,3,79.4,22,406,414,10,34,34,1,211,134,0.6,9.6
Juan Thornhill,50426,S,JAX,7,6,11.1,91.7,99.1,18.5,16.9,0,2,1,8.3,15,35.9,36.9,85.4,57.9,57.0,66.2,0,29,10.0,3,1,0,146.2,11,221,223,4,21,12,1,149,26,0.7,13.5
Jalen Davis,50431,CB,CIN,7,2,8.6,72.2,95.2,12.8,9.3,0,0,1,5.6,7,65.1,65.5,79.7,85.4,52.7,47.8,1,23,22.2,4,1,1,74.3,13,178,187,6,12,18,0,152,83,0.9,11.7
Mike Jackson,50437,CB,CAR,18,7,12.0,52.6,99.1,11.8,6.2,1,1,18,18.6,5,85.8,83.5,69.6,53.2,68.6,55.4,5,46,9.8,6,11,3,65.1,51,632,638,13,48,97,4,628,199,1.0,12.3
Parry Nickerson,50511,CB,PHI,3,0,4.0,100.0,100.0,3.0,3.0,0,0,0,0.0,24,56.0,56.6,70.6,,60.0,75.7,0,18,0.0,0,0,0,111.1,3,9,9,2,2,3,0,32,20,3.6,10.7
Avonte Maddox,50543,S,DET,8,1,10.5,76.9,99.1,20.5,15.8,0,2,3,23.1,11,75.0,79.1,84.6,61.3,75.7,61.5,1,30,22.7,5,3,1,108.3,10,222,224,1,16,13,2,108,32,0.5,10.8
Charles Omenihu,50612,ED,KC,17,0,3.5,75.0,2.5,3.3,2.5,0,0,0,0.0,16,52.1,62.0,31.1,58.8,75.0,50.3,0,17,33.3,2,0,5,93.8,3,10,393,6,4,4,0,28,19,2.8,9.3
Luke Gifford,50675,LB,SF,15,2,12.5,70.0,98.1,7.3,5.1,0,0,1,10.0,28,29.9,42.8,80.2,60.0,55.7,56.2,0,32,16.7,1,0,0,110.4,7,51,52,0,3,10,0,120,55,2.4,17.1
Cody Barton,50727,LB,TEN,17,11,5.2,68.4,91.7,14.0,9.6,0,0,6,10.5,31,56.9,52.5,87.2,60.2,46.0,75.3,3,50,10.0,4,5,0,79.3,39,582,635,9,25,57,2,416,237,0.8,10.7
Jordyn Brooks,50851,LB,MIA,17,16,3.8,86.6,85.4,6.5,5.6,0,0,2,2.4,17,52.7,77.8,31.7,75.0,92.0,90.4,0,55,6.0,5,2,3,113.5,71,487,570,21,62,82,3,682,439,1.5,9.6
Roquan Smith,50892,LB,BLT,15,14,5.2,80.3,86.4,10.6,8.5,0,2,4,6.6,3,74.4,74.5,87.5,42.9,77.2,75.3,0,51,13.3,10,3,2,102.3,49,548,634,26,51,61,1,442,255,0.8,9.0
Tremaine Edmunds,50905,LB,CHI,15,9,6.6,78.9,86.2,8.5,6.7,0,0,2,2.8,6,52.9,66.0,86.8,54.9,81.1,74.3,4,33,9.2,6,2,1,93.1,56,498,578,19,50,71,4,530,254,1.1,9.5
Robert Spillane,50918,LB,NE,17,12,4.6,85.1,88.6,8.4,7.2,0,0,4,5.4,19,62.9,71.8,87.9,52.5,83.4,51.1,2,31,23.4,15,3,0,97.0,63,558,630,14,37,74,2,578,336,1.1,9.2
Bobby Okereke,50954,LB,NYG,17,19,4.5,77.0,92.8,12.3,9.5,1,0,4,6.6,21,65.2,56.3,48.5,65.5,45.5,50.2,2,22,7.8,5,4,3,91.4,47,623,671,13,40,61,2,407,246,0.7,8.7
Frankie Luvu,51028,LB,WAS,17,11,3.0,90.2,65.1,10.8,9.7,1,1,3,7.3,32,44.8,53.7,65.3,58.2,62.4,30.2,0,25,18.2,8,3,2,133.2,37,426,654,8,25,41,4,335,240,0.8,9.1
Tyrel Dodson,51045,LB,MIA,16,13,5.5,81.3,87.9,8.5,6.9,1,0,2,3.1,17,45.4,55.3,64.6,66.2,66.1,64.7,1,59,10.4,7,2,3,108.1,52,467,531,21,47,64,2,576,326,1.3,11.1
Jahlani Tavai,51055,LB,NE,16,2,3.1,88.2,79.8,6.6,5.8,0,0,0,0.0,19,50.0,56.9,84.0,44.9,65.6,56.3,0,18,11.1,2,0,1,93.6,15,103,129,3,14,17,0,110,61,1.1,7.3
Julian Love,51081,S,SEA,11,3,12.1,42.9,96.6,42.7,18.3,0,1,5,23.8,29,82.7,79.8,87.6,54.6,65.4,59.3,2,21,14.3,4,4,1,14.7,9,403,417,3,21,21,0,83,39,0.2,9.2
Marcelino McCrary-Ball,51112,LB,NYJ,4,2,2.6,80.0,80.4,9.0,7.2,1,0,0,0.0,22,44.9,46.4,0.0,58.7,63.5,84.6,0,12,0.0,0,0,2,100.0,4,37,46,0,6,5,0,40,30,1.1,10.0
Taylor Rapp,51172,S,BUF,6,2,8.5,80.0,100.0,23.6,18.9,0,0,0,0.0,4,47.3,44.6,81.5,,45.4,36.5,0,39,18.8,3,0,0,113.3,8,199,199,1,11,10,0,112,42,0.6,14.0
P.J. Locke,51189,S,DEN,10,1,8.2,50.0,94.7,19.2,9.6,0,0,3,16.7,10,59.1,61.0,23.6,57.5,69.5,64.6,1,20,21.4,3,3,1,53.5,9,179,189,4,10,18,1,62,39,0.4,6.9
Minkah Fitzpatrick,51206,S,MIA,14,1,6.7,77.1,94.1,15.9,12.3,1,0,5,14.3,17,78.3,81.8,63.4,77.1,79.6,61.4,1,28,19.5,8,4,4,103.6,27,459,488,6,32,35,2,253,164,0.6,9.4
Fred Warner,51222,LB,SF,6,2,5.5,72.7,94.6,11.3,8.2,0,0,2,9.1,28,91.5,93.2,83.4,57.5,91.3,74.4,0,32,8.7,2,2,0,94.1,16,193,204,7,19,22,0,166,89,0.9,10.4
Drue Tranquill,51276,LB,KC,17,6,2.0,94.9,78.0,10.0,9.5,1,0,2,5.1,16,61.0,76.2,85.1,56.7,89.4,86.9,0,27,8.1,3,1,1,121.5,37,389,499,12,28,39,2,353,279,1.0,9.5
Mike Edwards,51282,S,KC,6,1,5.4,80.0,98.7,17.3,13.8,0,1,1,20.0,16,53.7,54.9,79.9,58.3,62.7,38.6,0,14,30.0,3,1,0,86.7,4,77,78,2,6,5,0,24,4,0.3,6.0
Terrell Edmunds,51334,S,LV,1,0,,,100.0,,,0,0,0,,23,60.0,60.0,62.9,,,,0,,,0,0,0,0.0,0,1,1,0,0,0,0,0,0,0.0,
Will Harris,51336,S,WAS,9,3,9.4,66.7,99.4,22.9,15.2,1,0,3,14.3,32,55.3,58.4,83.8,77.8,61.6,54.6,0,31,15.8,3,2,2,121.3,14,341,343,2,13,21,2,161,70,0.5,11.5
Derwin James Jr.,51368,S,LAC,17,7,6.8,67.9,87.4,13.0,8.8,0,1,4,7.1,27,80.0,78.7,50.1,73.1,71.1,61.2,3,29,8.9,5,2,3,77.2,38,525,601,21,44,56,2,390,200,0.8,10.3
Amani Hooker,51378,S,TEN,16,6,10.5,65.1,97.4,18.0,11.7,0,3,5,11.6,31,44.8,51.9,63.1,73.8,64.9,61.3,0,63,10.0,5,5,1,111.9,28,535,549,6,39,43,2,413,155,0.8,14.8
Marcus Epps,51391,S,PHI,8,0,7.8,88.9,100.0,22.3,19.8,0,0,0,0.0,24,45.3,51.8,23.5,,80.9,74.9,0,36,7.7,1,0,2,118.5,8,185,185,2,12,9,0,112,53,0.6,14.0
Jaylinn Hawkins,51423,S,NE,19,6,10.0,68.8,95.0,28.4,19.5,0,1,2,6.3,19,74.7,74.9,47.9,57.4,79.7,66.8,4,38,14.0,6,2,2,84.1,22,659,694,8,31,32,3,254,128,0.4,11.5
Kaden Elliss,51485,LB,ATL,17,4,4.1,76.7,73.9,10.1,7.8,0,0,4,6.7,2,61.8,67.8,88.7,83.6,56.9,60.1,1,24,16.0,8,4,0,106.9,46,495,670,19,38,60,4,370,267,0.8,8.0
Dre Greenlaw,51503,LB,DEN,10,1,4.1,70.0,85.5,13.3,9.3,0,0,0,0.0,10,64.4,76.1,81.6,49.0,86.9,70.4,1,23,15.8,3,0,0,80.8,14,194,227,5,15,20,1,118,64,0.6,8.4
Kenny Moore II,51596,CB,IND,14,5,9.1,65.2,90.5,9.6,6.3,2,0,5,7.6,14,62.1,66.7,58.8,58.6,84.4,67.3,1,47,12.2,5,3,6,89.2,43,438,484,16,31,66,1,540,233,1.3,12.6
Claudin Cherelus,52094,LB,CAR,7,2,6.5,90.0,90.6,5.5,5.0,0,0,0,0.0,5,29.4,51.5,80.3,70.2,76.1,59.8,0,41,26.7,4,0,0,130.8,18,106,117,4,9,20,1,228,119,2.3,12.7
Paulson Adebo,52280,CB,NYG,12,3,11.0,66.7,99.8,9.0,6.0,0,3,7,9.7,21,57.9,58.4,87.1,60.0,56.8,65.8,1,33,6.8,4,5,3,92.0,48,464,465,9,52,72,2,533,164,1.2,11.1
Ivan Pace Jr.,53587,LB,MIN,14,3,4.3,73.7,66.9,6.8,5.0,0,0,0,0.0,18,29.9,45.1,33.8,72.5,56.2,50.0,0,80,26.7,4,0,1,121.8,14,99,148,5,8,19,1,186,128,2.0,13.3
Carrington Valentine,53750,CB,GB,17,4,11.7,54.1,99.0,14.5,7.8,2,3,4,6.6,12,61.6,62.3,65.8,68.6,62.0,40.2,1,29,21.2,7,4,4,103.9,33,506,511,4,22,61,6,451,124,0.9,13.7
C.J. Brewer,54409,DI,TB,5,0,,,6.3,,,0,0,0,,30,60.0,53.1,76.9,59.5,52.4,71.1,0,,,0,0,0,0.0,0,1,16,0,0,0,0,0,0,0.0,
Malcolm Koonce,55015,ED,LV,17,0,6.7,66.7,4.9,7.5,5.0,1,0,0,0.0,23,41.6,59.1,51.1,59.4,66.1,52.7,0,27,33.3,2,0,3,102.1,2,17,348,8,4,3,0,32,12,2.1,16.0
Coby Bryant,55088,S,SEA,18,6,9.9,62.1,99.1,40.1,24.9,0,0,5,17.2,29,67.2,70.3,92.1,66.8,75.2,41.4,4,58,19.1,9,4,0,82.0,18,768,775,7,32,29,3,232,127,0.3,12.9
Boye Mafe,55220,ED,SEA,20,3,7.5,66.7,10.3,10.8,7.2,2,0,1,16.7,29,73.0,70.3,28.7,69.2,67.8,67.3,0,27,0.0,0,1,5,95.8,4,44,427,7,7,6,0,55,32,1.3,13.8
Esezi Otomewo,55221,DI,PIT,12,0,,,1.8,,,0,0,0,,25,60.5,49.9,50.3,52.7,53.4,39.3,0,,33.3,1,0,1,0.0,0,2,114,1,2,0,0,0,0,0.0,
Mark Robinson,55265,LB,PIT,1,0,,,100.0,,,0,0,0,,25,60.0,74.0,64.6,,64.8,,0,,,0,0,0,0.0,0,1,1,0,0,0,0,0,0,0.0,
Tycen Anderson,55351,S,CIN,7,1,15.0,100.0,100.0,18.5,18.5,0,0,0,0.0,7,53.4,50.8,75.3,,52.8,82.3,0,18,0.0,0,0,0,158.3,2,37,37,1,4,2,1,32,9,0.9,16.0
Kalia Davis,55389,DI,SF,19,1,,,0.3,,,1,0,0,,28,62.9,38.7,74.7,52.4,33.9,42.4,0,,20.0,1,0,1,0.0,0,1,289,2,3,0,0,0,0,0.0,
Ja'Sir Taylor,55426,CB,NYJ,5,2,10.9,62.5,98.6,13.8,8.6,0,0,1,12.5,22,50.3,41.1,81.0,59.0,28.1,36.8,0,17,14.3,1,1,0,111.5,5,73,74,2,4,8,3,34,13,0.5,6.8
Elijah Hicks,55584,S,CHI,9,0,6.3,100.0,85.7,17.7,17.7,0,0,0,0.0,6,72.6,73.0,81.4,49.6,67.4,83.2,0,10,0.0,0,0,0,100.0,3,54,63,2,4,3,0,24,5,0.5,8.0
A.J. Terrell,55586,CB,ATL,15,4,13.8,58.3,99.8,15.7,9.2,3,1,15,25.0,2,57.3,57.7,65.5,57.9,59.1,51.9,0,39,7.5,3,10,12,95.6,35,582,583,8,33,60,3,406,91,0.7,11.6
Josh Blackwell,55589,CB,CHI,2,0,,,100.0,,,0,0,0,,6,63.9,64.7,67.8,,60.0,73.0,0,,0.0,0,0,0,0.0,0,2,2,0,1,0,0,0,0,0.0,
Marco Wilson,55592,CB,CIN,4,0,16.0,100.0,100.0,7.5,7.5,0,0,0,0.0,7,36.4,39.0,74.7,,60.3,29.5,0,28,33.3,1,0,0,118.8,2,15,15,1,2,2,0,37,5,2.5,18.5
CJ Henderson,55593,CB,ATL,3,0,9.6,66.7,100.0,12.6,8.4,0,0,1,8.3,2,60.8,61.9,80.5,,63.7,55.3,1,22,11.1,1,1,0,99.3,8,108,108,1,8,12,2,106,52,1.0,13.3
Lonnie Johnson Jr.,55615,S,LV,9,5,18.3,70.0,99.1,28.6,20.0,0,2,2,20.0,23,49.5,43.7,84.8,56.4,34.6,38.2,0,51,16.7,3,2,1,101.7,7,212,214,2,10,10,0,99,23,0.5,14.1
Amik Robertson,55619,CB,DET,17,4,11.6,67.0,98.6,7.9,5.3,1,2,10,10.3,11,48.0,48.6,87.4,57.8,49.0,30.7,1,64,16.7,9,9,3,109.3,65,553,561,15,41,97,6,817,252,1.6,12.6
Jeff Okudah,55674,CB,MIN,6,1,14.3,91.7,98.6,6.1,5.6,1,0,1,8.3,18,35.7,32.4,0.0,60.0,64.5,83.2,0,28,0.0,0,0,2,146.5,11,71,72,1,11,12,1,175,27,2.6,15.9
Tre Brown,55677,CB,NYJ,1,0,4.3,66.7,95.5,9.5,6.3,0,0,0,0.0,22,60.4,43.7,73.3,66.0,29.3,30.1,0,14,50.0,1,0,0,77.1,2,21,22,1,1,3,0,14,15,0.7,7.0
Deommodore Lenoir,55686,CB,SF,19,6,12.7,65.3,99.9,14.4,9.4,0,0,6,8.3,28,65.7,60.3,20.1,66.7,44.3,46.7,2,43,11.5,6,3,10,99.8,47,717,718,13,40,72,5,548,146,0.8,11.7
Marcus Jones,55717,CB,NE,21,4,6.2,74.4,95.0,9.2,6.8,1,1,10,11.6,19,74.2,73.4,63.6,79.6,60.1,66.5,4,42,4.9,3,7,2,107.4,64,623,656,23,54,86,8,653,340,1.1,10.2
Darious Williams,55724,CB,LA,14,2,11.6,60.4,99.4,11.5,6.9,0,1,5,10.4,26,61.4,64.7,85.9,54.1,76.6,54.8,1,51,13.8,4,5,2,97.0,29,350,352,7,23,48,3,373,128,1.1,12.9
Ja'Marcus Ingram,55738,CB,HST,8,0,12.9,77.8,98.7,10.4,8.1,0,0,1,11.1,13,46.8,40.3,80.7,58.3,28.5,28.8,1,53,28.6,2,0,0,79.2,7,74,75,1,5,9,0,158,68,2.2,22.6
Xavier McKinney,55775,S,GB,17,8,10.0,56.3,97.8,34.7,19.5,0,1,10,31.3,12,77.4,79.3,66.4,67.2,82.8,90.6,2,32,5.7,3,9,2,63.9,18,665,680,5,42,32,1,235,74,0.4,13.1
Montaric Brown,55797,CB,JAX,15,4,12.3,54.4,99.4,13.5,7.4,1,1,10,14.7,15,74.0,72.0,61.0,58.5,59.1,71.4,2,30,7.3,3,9,3,73.3,37,539,542,13,34,68,3,383,89,0.8,10.4
Kamren Curl,55800,S,LA,20,13,8.0,77.3,96.1,15.0,11.6,2,1,5,7.6,26,71.9,77.8,94.1,65.6,87.9,87.0,3,42,9.3,8,4,3,83.8,51,804,837,19,65,66,1,495,233,0.6,9.7
Arron Mosby,55908,ED,GB,2,0,-7.0,100.0,10.0,1.0,1.0,0,0,0,0.0,12,60.0,37.7,0.0,59.0,51.1,,0,-2,,0,0,1,79.2,1,1,10,0,0,1,0,-2,5,-2.0,-2.0
Eric Stokes,55912,CB,LV,16,3,11.5,56.0,100.0,19.8,11.1,0,0,6,12.0,23,73.5,73.6,88.6,,66.8,61.6,0,25,5.4,2,4,2,77.2,28,585,585,9,32,50,1,261,91,0.5,9.3
Grant Stuard,55933,LB,DET,2,0,,,100.0,,,0,0,0,,11,62.6,66.8,69.9,,63.5,33.4,0,,,0,0,0,0.0,0,3,3,0,0,0,0,0,0,0.0,
Bryan Cook,55940,S,KC,17,6,8.8,65.6,99.8,22.9,15.0,0,1,6,18.8,16,83.2,83.5,61.3,58.3,80.1,88.4,0,26,6.1,3,6,1,111.7,21,502,503,8,40,32,3,182,60,0.4,8.7
Nate Hobbs,55948,CB,GB,11,3,13.5,68.0,98.4,13.0,8.8,1,1,2,8.0,12,58.1,61.7,83.6,50.7,77.4,64.7,0,35,14.3,3,2,3,125.3,17,245,249,6,15,25,2,239,58,1.1,14.1
Tony Adams,55953,S,NYJ,10,5,7.6,61.9,97.0,18.8,11.7,1,0,5,23.8,22,67.1,63.7,83.7,61.7,51.6,53.2,0,30,6.9,2,5,3,100.5,13,262,270,11,22,21,1,156,84,0.6,12.0
Raheem Layne,55960,S,NYG,3,0,5.7,66.7,96.8,28.0,18.7,0,0,1,33.3,21,67.6,63.4,80.2,56.6,48.0,30.5,0,9,16.7,1,0,0,79.9,2,60,62,2,5,3,0,16,15,0.3,8.0
Geno Stone,55967,S,CIN,17,10,7.3,71.0,95.4,25.0,17.7,0,2,1,3.2,7,50.7,54.3,92.3,72.8,53.9,33.3,2,68,19.5,15,1,0,109.5,22,579,607,10,52,31,3,319,219,0.6,14.5
Markquese Bell,56033,S,DAL,14,5,6.6,82.4,96.4,14.1,11.6,1,0,2,11.8,9,45.3,46.8,82.8,66.9,53.6,66.1,1,44,9.5,2,0,3,104.4,14,214,222,1,14,17,1,174,105,0.9,12.4
Mike Brown,56054,S,TEN,3,0,,,75.0,,,0,0,0,,31,60.3,67.1,71.3,66.7,,,0,,,0,0,0,0.0,0,3,4,0,0,0,0,0,0,0.0,
Benjamin St-Juste,56061,CB,LAC,17,1,13.3,47.5,100.0,13.2,6.3,0,0,7,17.5,27,77.8,76.3,37.6,,67.2,80.7,1,18,0.0,0,3,2,60.9,19,263,263,8,22,40,1,205,47,0.8,10.8
Reed Blankenship,56065,S,PHI,17,3,11.2,71.1,99.5,19.2,13.7,0,0,2,4.4,24,29.9,42.6,89.6,67.8,75.3,71.6,1,49,14.0,6,1,2,116.8,32,650,653,9,34,45,4,379,92,0.6,11.8
Ty Okada,56089,S,SEA,19,3,9.1,65.7,96.5,20.6,13.5,0,1,5,14.3,29,70.0,73.1,88.5,71.2,73.9,72.3,1,41,8.1,3,4,1,107.0,23,501,519,8,31,35,3,281,91,0.6,12.2
Kemon Hall,56123,CB,TEN,2,0,3.4,100.0,94.1,5.1,5.1,0,0,0,0.0,31,60.4,58.8,75.4,67.4,48.9,45.9,0,32,12.5,1,0,0,154.2,9,48,51,2,7,9,1,109,83,2.4,12.1
Jason Pinnock,56144,S,SF,18,2,4.5,88.5,96.4,11.8,10.5,0,0,0,0.0,28,43.5,49.8,84.2,59.2,67.0,45.1,0,24,16.7,4,0,0,134.8,23,293,304,9,18,26,4,178,115,0.7,7.7
Tre Avery,56146,CB,CLV,3,1,12.4,71.4,100.0,7.0,5.0,0,0,0,0.0,8,52.5,55.9,76.2,,71.4,80.1,0,40,0.0,0,0,0,101.5,5,37,37,1,3,7,0,67,19,1.9,13.4
DaRon Bland,56158,CB,DAL,12,7,9.7,67.5,97.9,8.2,5.5,0,0,6,7.8,9,64.5,65.2,85.8,38.2,68.7,60.9,1,50,8.9,5,5,0,108.8,52,461,471,13,44,77,5,633,248,1.5,12.2
Marte Mapu,56159,LB,NE,17,2,3.6,77.3,97.3,6.1,4.7,0,0,3,13.6,19,79.7,80.4,77.4,72.1,61.1,84.4,1,21,0.0,0,3,0,82.6,17,109,112,4,10,22,0,185,147,1.8,10.9
Keisean Nixon,56167,CB,GB,18,6,12.1,62.5,99.7,11.2,7.0,2,0,14,15.9,12,68.7,66.7,1.2,74.2,67.1,77.9,1,46,3.3,2,13,13,105.4,55,657,659,14,52,88,7,623,117,1.0,11.3
Ifeatu Melifonwu,56203,S,MIA,16,6,4.3,95.0,91.9,16.0,15.2,0,0,0,0.0,17,63.5,62.9,83.8,61.4,57.5,54.2,1,24,14.7,5,0,0,120.2,19,318,346,5,23,20,3,167,101,0.5,8.8
Christian Braswell,56207,CB,JAX,10,1,12.4,52.2,100.0,10.3,5.3,0,0,2,8.7,15,66.5,67.2,81.6,,65.8,70.7,0,31,7.1,1,1,0,62.2,12,131,131,3,12,23,0,92,22,0.7,7.7
Quentin Lake,56245,S,LA,13,6,8.6,64.2,94.0,11.0,7.1,2,2,10,14.9,26,65.0,69.5,85.6,63.8,76.8,72.1,1,39,6.1,3,9,6,98.6,43,503,535,10,40,67,4,472,181,1.0,11.0
Darnay Holmes,56247,CB,LV,12,2,10.7,62.5,95.3,6.7,4.2,2,0,1,3.1,23,46.2,46.7,80.9,58.4,51.4,68.5,0,66,11.1,2,1,3,111.7,20,143,150,5,14,32,2,282,150,2.1,14.1
Jaylon Johnson,56259,CB,CHI,9,0,12.9,61.5,98.3,14.3,8.8,1,0,5,19.2,6,60.3,58.7,84.9,52.4,51.2,49.2,1,47,5.9,1,4,1,85.1,16,235,239,0,16,26,0,298,134,1.3,18.6
Keith Taylor Jr.,56289,CB,JAX,1,0,12.2,66.7,100.0,8.3,5.5,0,0,0,0.0,15,60.9,60.9,77.2,,59.0,81.0,0,26,0.0,0,0,0,96.5,4,36,36,1,4,6,0,56,15,1.7,14.0
Elijah Molden,56290,S,LAC,13,7,10.7,57.9,100.0,30.5,17.6,1,0,0,0.0,27,49.2,52.7,85.8,,62.9,53.6,1,43,13.5,5,0,3,100.9,11,356,356,4,25,19,3,150,85,0.4,13.6
Devon Key,56307,S,DEN,10,0,9.8,75.0,100.0,21.7,16.3,0,0,0,0.0,10,83.6,88.5,75.9,,65.7,82.4,0,9,0.0,0,0,0,83.3,3,68,68,2,4,4,0,18,12,0.3,6.0
Chris Rumph II,56345,ED,NO,17,2,2.8,100.0,39.7,11.6,11.6,0,0,0,0.0,20,51.6,62.9,85.6,57.5,67.8,62.3,0,21,12.5,1,0,0,118.8,5,60,151,2,5,5,0,64,50,1.1,12.8
Victor Dimukeje,56347,ED,NYG,2,0,8.0,0.0,20.0,,1.0,0,0,1,100.0,21,60.0,65.6,74.0,54.7,48.8,70.5,0,,,0,1,0,39.6,0,1,5,0,0,1,0,0,0,0.0,
A.J. Epenesa,56369,ED,BUF,18,3,5.0,33.3,9.5,25.0,8.3,0,0,0,0.0,4,74.0,58.9,52.9,63.4,48.5,49.9,2,8,16.7,1,0,3,2.8,1,26,275,3,2,3,0,8,1,0.3,8.0
Chase Young,56436,ED,NO,12,0,5.3,100.0,10.4,8.0,8.0,1,0,0,0.0,20,49.6,78.0,46.0,86.3,63.6,44.7,0,36,50.0,4,0,3,118.8,4,33,318,15,4,4,0,61,40,1.9,15.3
Yetur Gross-Matos,56444,ED,SF,10,1,-1.0,100.0,3.3,5.0,5.0,0,0,0,0.0,28,58.9,59.5,56.2,73.1,38.2,28.7,0,11,20.0,1,0,1,112.5,1,5,152,2,3,1,0,11,12,2.2,11.0
Patrick Johnson,56460,ED,PHI,7,0,2.0,66.7,18.3,5.0,3.3,0,0,0,0.0,24,27.8,35.7,80.8,56.2,44.0,29.0,0,18,33.3,1,0,1,147.2,2,11,60,2,2,3,1,36,32,3.6,18.0
Cam Sample,56462,ED,CIN,14,1,2.0,66.7,4.5,3.0,2.0,0,0,0,0.0,7,53.8,54.1,84.8,53.9,56.5,61.0,0,14,14.3,1,0,0,127.8,2,6,133,5,5,3,1,22,21,3.7,11.0
LaBryan Ray,56501,DI,CAR,13,0,,,1.5,,,0,0,0,,5,59.5,45.7,14.0,45.6,56.7,60.6,0,,50.0,1,0,2,0.0,0,1,68,0,1,0,0,0,0,0.0,
Milton Williams,56682,DI,NE,16,1,6.0,100.0,1.7,7.0,7.0,0,0,0,0.0,19,60.8,72.6,87.1,80.9,48.6,33.3,0,17,30.0,3,0,0,118.8,1,7,419,11,6,1,0,17,11,2.4,17.0
DJ Johnson,56704,ED,CAR,3,0,,,10.5,,,0,0,0,,5,61.2,54.8,77.8,54.6,55.0,72.8,0,,,0,0,0,0.0,0,2,19,0,0,0,0,0,0,0.0,
Kwity Paye,56713,ED,IND,17,2,2.5,100.0,10.1,10.8,10.8,0,0,0,0.0,14,36.5,59.0,89.3,56.8,65.8,43.8,0,20,40.0,4,0,0,118.8,4,46,454,6,4,4,0,67,57,1.6,16.8
Javon Kinlaw,56834,DI,WAS,17,1,,,0.7,,,3,0,0,,32,59.5,46.8,16.3,59.4,47.6,28.9,0,,55.6,5,0,8,0.0,0,3,408,3,3,0,0,0,0,0.0,
Arnold Ebiketie,56862,ED,ATL,17,0,-2.0,100.0,10.7,11.0,11.0,0,0,0,0.0,2,64.5,74.9,85.5,73.4,65.2,57.5,0,0,30.0,3,0,0,79.2,2,22,205,7,7,2,0,0,4,0.0,0.0
Micheal Clemons,56872,ED,NYJ,16,0,7.0,100.0,1.2,4.0,4.0,0,0,0,0.0,22,61.7,59.9,67.6,59.8,58.6,28.7,0,8,75.0,3,0,2,100.0,1,4,327,1,1,1,0,8,1,2.0,8.0
Jaelan Phillips,56902,ED,PHI,18,3,2.3,90.9,16.1,8.0,7.3,0,0,1,9.1,24,69.7,74.2,72.2,76.2,60.3,37.8,0,16,43.8,7,1,2,100.4,10,84,521,8,6,11,0,89,68,1.1,8.9
Dayo Odeyingbo,56923,ED,CHI,8,1,7.5,100.0,5.0,5.0,5.0,0,0,0,0.0,6,51.7,53.5,72.2,57.0,53.2,69.1,0,21,33.3,1,0,2,118.8,2,11,218,2,1,2,0,27,12,2.7,13.5
DeAngelo Malone,56941,ED,ATL,5,0,,,26.7,,,0,0,0,,2,77.4,55.7,74.9,49.7,49.6,69.9,1,,,0,0,0,0.0,0,4,15,0,0,0,0,0,0,0.0,
James Lynch,56962,DI,TEN,17,0,,,1.1,,,1,0,0,,31,55.0,53.0,46.7,54.6,59.0,54.1,0,,0.0,0,0,2,0.0,0,2,181,0,2,0,0,0,0,0.0,
Cory Durden,56976,DI,NE,21,2,,,0.4,,,0,0,0,,19,68.7,70.3,73.5,86.9,49.8,43.4,0,,33.3,2,0,1,0.0,0,1,266,2,2,0,0,0,0,0.0,
Marlon Tuipulotu,57035,DI,KC,3,1,,,10.0,,,0,0,0,,16,61.7,38.6,74.8,55.9,30.1,66.8,0,,0.0,0,0,0,0.0,0,1,10,0,0,0,0,0,0,0.0,
Jack Gibbens,57662,LB,NE,21,8,4.8,82.1,85.7,7.8,6.4,1,1,3,7.7,19,62.7,63.0,52.9,59.2,63.0,71.9,0,24,5.6,2,3,2,110.1,32,264,308,13,26,39,2,247,164,1.0,7.7
D'Marco Jackson,57691,LB,CHI,12,4,3.1,63.6,85.1,12.6,8.0,0,0,3,13.6,6,81.7,76.4,83.9,57.1,62.5,63.3,1,23,4.3,1,2,0,68.9,14,183,215,8,18,22,1,93,80,0.5,6.6
K.J. Britt,57727,LB,MIA,8,3,3.1,87.5,93.2,10.7,9.4,0,0,0,0.0,17,44.6,58.7,78.3,48.5,79.2,74.8,0,9,12.5,1,0,0,132.8,7,82,88,1,4,8,1,51,30,0.7,7.3
Jalen Pitre,57737,S,HST,16,6,5.9,74.6,91.9,9.2,6.8,0,0,8,11.3,13,83.1,84.4,84.4,64.9,79.7,58.3,4,33,14.5,8,6,2,71.6,53,514,559,15,41,71,0,525,290,1.1,9.9
Terrel Bernard,57739,LB,BUF,12,2,7.7,73.2,86.4,9.9,7.2,0,0,2,4.9,4,46.7,48.8,56.1,52.4,57.1,34.3,1,29,25.0,8,2,1,99.4,30,310,359,9,22,41,1,378,158,1.3,12.6
Isaiah McDuffie,57754,LB,GB,18,4,4.5,75.0,88.4,9.4,7.1,0,0,1,3.1,12,56.8,65.5,85.5,70.7,68.2,77.3,1,26,10.5,4,1,1,87.5,24,237,268,11,30,32,1,196,104,0.9,8.2
Baylon Spector,57782,LB,BUF,2,0,,,33.3,,,0,0,0,,4,62.8,77.6,74.6,60.3,76.5,73.2,0,,,0,0,0,0.0,0,3,9,0,0,0,0,0,0,0.0,
Nate Landman,57788,LB,LA,20,14,4.1,80.8,89.2,10.7,8.6,0,0,6,8.2,26,62.1,69.4,87.3,64.2,73.8,54.0,1,35,16.2,11,3,1,111.8,59,662,742,15,43,73,3,651,431,1.0,11.0
Ventrell Miller,57809,LB,JAX,12,3,5.4,35.7,79.7,19.8,7.1,0,0,1,7.1,15,58.4,72.6,20.3,73.7,82.8,67.1,1,9,10.0,1,1,2,14.6,5,110,138,3,6,14,0,22,25,0.2,4.4
James Houston,57810,ED,DAL,17,0,10.0,0.0,8.1,,16.0,0,0,0,0.0,9,66.5,69.1,22.8,69.5,67.4,63.2,0,,50.0,2,0,3,39.6,0,16,198,6,2,1,0,0,0,0.0,
Mykal Walker,57834,LB,NYJ,10,1,-0.7,66.7,87.1,14.8,9.8,0,0,1,16.7,22,68.7,75.6,79.0,50.9,76.0,85.6,0,17,0.0,0,1,0,78.5,4,61,70,0,0,6,0,30,31,0.5,7.5
Robert Beal Jr.,57840,ED,SF,7,0,,,3.8,,,0,0,0,,28,61.5,53.3,83.9,51.8,54.7,59.3,0,,50.0,1,0,0,0.0,0,2,52,0,1,0,0,0,0,0.0,
Del'Shawn Phillips,57868,LB,LAC,7,1,2.0,100.0,77.5,10.0,10.0,0,0,0,0.0,27,41.5,54.1,0.0,66.3,68.4,53.3,0,37,33.3,1,0,1,118.8,3,31,40,2,1,3,0,66,60,2.2,22.0
Jake Hummel,57879,LB,BLT,4,0,-3.0,100.0,75.0,11.0,11.0,0,0,0,0.0,3,59.7,69.1,73.5,52.7,74.1,41.3,0,8,100.0,1,0,0,100.0,1,12,16,0,0,1,0,8,11,0.7,8.0
Jamin Davis,57905,LB,LV,2,0,9.5,100.0,87.5,3.5,3.5,0,0,0,0.0,23,36.2,41.6,71.9,66.7,54.3,74.7,0,23,0.0,0,0,0,118.8,2,7,8,0,2,2,0,38,19,5.4,19.0
Patrick Queen,57941,LB,PIT,18,18,5.5,79.6,89.2,8.5,6.8,1,0,2,2.2,25,32.4,43.5,70.3,70.5,56.0,30.1,0,50,20.0,15,1,2,114.6,74,669,750,11,42,93,3,829,460,1.3,11.2
K'Lavon Chaisson,57945,ED,NE,20,1,4.0,33.3,4.6,25.0,8.3,2,0,1,33.3,19,85.7,59.0,38.3,61.9,43.8,26.8,0,6,50.0,7,1,6,42.4,1,26,561,14,6,3,0,6,0,0.2,6.0
Willie Gay,57987,LB,MIA,13,1,5.3,75.0,76.9,7.0,5.3,0,0,2,16.7,17,69.5,66.7,81.0,61.9,55.1,85.1,0,18,0.0,0,2,0,90.6,9,70,91,5,11,12,0,75,31,1.2,8.3
Pete Werner,58093,LB,NO,17,5,6.1,73.7,87.4,11.4,8.4,0,1,2,5.3,20,48.1,56.4,83.3,53.0,66.8,47.4,0,42,16.3,7,2,0,110.2,28,332,380,7,31,38,1,346,181,1.1,12.4
Baron Browning,58095,ED,ARZ,15,7,-0.7,93.3,36.5,7.9,7.3,1,0,0,0.0,1,42.7,51.6,16.8,64.0,58.8,27.3,1,11,30.8,8,0,5,65.0,14,114,312,6,11,15,0,94,99,0.9,6.7
Kenneth Murray Jr.,58099,LB,DAL,17,15,4.8,72.9,92.6,13.3,9.7,0,0,3,6.3,9,48.1,38.8,63.3,52.2,31.9,61.8,0,41,12.0,6,1,2,99.7,35,497,537,12,29,48,1,345,232,0.7,9.9
Derrick Barnes,58120,LB,DET,17,6,3.5,89.3,66.2,14.1,12.6,0,0,1,3.6,11,56.6,62.2,89.9,54.0,69.1,65.7,1,33,11.1,3,1,0,112.4,25,369,557,11,18,28,2,247,167,0.7,9.9
Buddy Johnson,58189,LB,IND,1,0,12.3,100.0,88.2,4.7,4.7,0,0,0,0.0,14,33.5,32.8,74.6,57.7,56.3,76.6,0,23,0.0,0,0,0,118.8,3,15,17,0,1,3,0,62,25,4.4,20.7
Devin Lloyd,58238,LB,JAX,16,11,4.6,84.2,78.9,7.6,6.4,0,0,2,3.5,15,78.9,88.4,62.7,81.8,85.2,60.4,5,32,10.9,5,2,1,71.1,48,386,489,11,30,57,1,480,286,1.3,10.0
Joe Tryon-Shoyinka,58272,ED,CHI,13,0,,,2.7,,,0,0,0,,6,63.1,72.2,84.9,67.6,66.2,78.7,0,,0.0,0,0,0,0.0,0,2,74,1,2,0,0,0,0,0.0,
Daniel Scott,60640,S,IND,2,0,3.0,100.0,100.0,13.0,13.0,0,0,0,0.0,14,63.1,64.2,72.4,,,71.6,0,3,0.0,0,0,0,79.2,1,13,13,1,1,1,0,3,0,0.2,3.0
Michael Carter II,60644,CB,PHI,13,2,4.8,66.7,94.1,10.4,6.9,0,1,0,0.0,24,48.6,57.8,82.1,63.3,77.2,58.0,0,31,11.1,1,0,1,94.4,12,143,152,1,6,18,0,159,122,1.3,13.3
James Pierre,60649,CB,PIT,11,4,9.6,45.7,100.0,14.9,6.8,0,1,10,28.6,25,88.9,86.2,85.3,,59.9,45.9,1,25,11.5,3,9,0,57.2,16,255,255,6,19,35,1,163,75,0.7,10.2
Grant Delpit,60685,S,CLV,17,12,7.0,68.9,90.8,12.0,8.3,0,0,3,4.9,8,60.8,66.6,68.4,73.2,71.5,64.8,1,44,9.1,4,3,1,98.9,42,535,589,14,28,61,2,517,296,1.0,12.3
Malcolm Rodriguez,60731,LB,DET,5,0,7.0,81.8,92.5,3.8,3.1,0,0,0,0.0,11,27.7,28.4,76.0,54.0,57.3,29.3,0,27,25.0,2,0,0,129.2,9,37,40,2,6,11,1,85,46,2.5,9.4
Darren Hall,60742,S,ARZ,7,2,8.2,83.3,97.3,13.2,11.0,0,0,0,0.0,1,46.1,51.1,77.1,56.4,69.2,52.5,0,39,30.0,3,0,0,158.3,5,73,75,0,5,6,1,79,36,1.2,15.8
Garret Wallow,60761,LB,SF,5,2,5.6,75.0,88.1,9.5,7.1,0,0,1,12.5,28,57.9,44.7,78.4,50.4,38.4,66.5,0,24,20.0,2,1,0,91.7,6,59,67,3,6,8,0,52,27,0.9,8.7
Isaiah Pola-Mao,60781,S,LV,17,4,11.3,67.5,98.0,20.7,14.0,0,2,2,5.0,23,30.2,39.8,45.8,63.5,66.5,40.2,2,43,20.7,12,2,3,115.1,27,597,609,7,42,40,5,365,114,0.7,13.5
Keion White,60998,ED,SF,16,1,,,1.2,,,0,0,0,,28,62.8,58.1,90.2,60.4,49.3,54.0,0,,25.0,1,0,0,0.0,0,4,339,3,2,0,0,0,0,0.0,
Noah Igbinoghene,61155,CB,WAS,12,3,8.2,64.5,98.3,11.1,7.2,0,0,4,12.9,32,54.4,55.6,81.5,78.0,54.1,51.8,0,42,12.0,3,4,3,96.6,20,233,237,6,19,31,0,303,178,1.4,15.2
Dominique Robinson,61436,ED,CHI,13,0,5.0,100.0,4.9,3.0,3.0,0,0,0,0.0,6,46.5,62.1,87.3,65.0,58.0,56.1,0,28,20.0,1,0,0,118.8,2,7,142,5,4,2,0,41,31,6.8,20.5
Daiyan Henley,61500,LB,LAC,17,7,4.3,82.1,88.6,8.3,6.8,0,0,4,5.1,27,54.9,58.7,67.5,67.2,60.5,81.0,3,29,7.3,4,3,2,86.9,64,558,630,17,44,78,1,598,411,1.1,9.3
Tariq Woolen,61790,CB,SEA,19,3,10.6,57.3,99.7,13.6,7.8,2,0,14,17.1,29,62.4,59.8,0.0,70.0,64.1,36.7,1,45,20.8,10,10,11,93.9,47,677,679,11,35,82,6,486,175,0.8,10.3
Christian Elliss,61853,LB,NE,19,9,2.8,88.1,81.3,8.9,7.9,0,0,4,9.5,19,59.5,64.5,28.5,81.0,62.2,51.4,0,23,17.0,9,4,2,109.8,37,348,428,7,35,42,1,355,259,1.1,9.6
Charles Snowden,62775,ED,LV,13,2,1.8,88.9,59.4,8.9,7.9,0,0,0,0.0,23,72.3,70.5,85.3,68.3,62.3,76.2,1,13,0.0,0,0,0,50.7,8,76,128,5,5,9,0,51,39,0.7,6.4
Theo Jackson,62919,S,MIN,13,3,7.1,70.0,96.5,41.0,28.7,0,0,0,0.0,18,65.7,68.4,86.7,73.5,65.3,64.6,0,31,15.0,3,0,0,97.5,7,302,313,3,14,10,0,89,51,0.3,12.7
Matthew Butler,62931,DI,MIA,12,0,,,2.8,,,0,0,0,,17,57.0,43.3,28.2,53.6,47.2,50.9,0,,100.0,1,0,2,0.0,0,3,107,0,0,0,0,0,0,0.0,
Jack Cochrane,63345,LB,KC,6,1,4.7,66.7,92.6,12.0,8.0,0,0,0,0.0,16,83.2,78.5,77.4,56.2,65.1,77.4,1,8,0.0,0,0,0,34.7,2,25,27,0,1,3,0,12,8,0.5,6.0
Akayleb Evans,65033,CB,CAR,4,0,11.0,75.0,100.0,12.3,9.3,0,0,0,0.0,5,55.0,57.7,77.3,,66.2,74.6,0,15,0.0,0,0,0,133.3,3,37,37,0,1,4,1,28,9,0.8,9.3
Samuel Womack III,65771,CB,NYJ,4,0,13.2,60.0,100.0,10.8,6.5,1,0,2,20.0,22,57.7,62.0,80.7,,75.5,82.8,0,18,0.0,0,1,1,111.7,6,67,67,2,7,10,1,63,21,1.0,10.5
Zyon McCollum,66769,CB,TB,13,3,12.1,57.1,99.2,11.7,6.7,0,1,8,11.4,30,61.9,63.9,86.5,51.4,69.9,64.8,1,54,8.5,4,6,1,94.1,40,495,499,10,40,70,5,446,112,1.0,11.2
Tristin McCollum,66771,S,LV,9,1,11.8,75.0,98.9,28.7,21.5,0,0,0,0.0,23,48.1,52.3,80.3,59.0,72.6,68.8,0,19,12.5,1,0,0,93.8,3,92,93,2,6,4,0,28,15,0.3,9.3
Kobie Turner,66894,DI,LA,20,1,4.5,0.0,1.5,,4.5,0,0,0,0.0,26,59.4,80.3,63.5,83.9,66.1,29.7,1,,60.0,6,0,3,0.0,0,9,587,10,3,2,0,0,0,0.0,
Zach Sieler,66917,DI,MIA,17,1,6.0,100.0,2.5,11.0,11.0,0,0,0,0.0,17,58.0,60.6,60.1,53.9,69.0,48.3,0,7,44.4,4,0,3,95.8,1,12,483,6,4,1,0,7,1,0.6,7.0
Dennis Gardeck,66928,LB,JAX,18,4,4.9,89.5,52.0,7.9,7.1,0,0,2,10.5,15,43.3,57.7,67.6,67.6,63.3,72.7,0,32,10.0,2,2,4,114.0,17,146,281,6,14,19,0,216,149,1.6,12.7
Jonathan Owens,66930,S,CHI,10,0,5.0,100.0,81.0,8.0,8.0,1,0,0,0.0,6,50.4,48.6,79.3,51.3,60.6,77.8,0,15,0.0,0,0,1,112.5,4,34,42,0,3,4,0,44,24,1.4,11.0
Tavierre Thomas,66931,S,MIN,3,0,3.0,100.0,100.0,5.0,5.0,0,0,0,0.0,18,64.2,75.3,87.0,,71.7,81.8,0,6,0.0,0,0,0,91.7,1,5,5,0,1,1,0,6,3,1.2,6.0
Trent McDuffie,72191,CB,KC,13,8,9.0,67.3,93.7,10.2,6.9,0,1,5,9.1,16,74.7,75.6,87.8,50.3,78.5,83.1,1,46,4.2,2,4,5,94.7,37,404,431,13,38,55,3,342,130,0.9,9.2
Evan Williams,73864,S,GB,17,7,9.9,71.8,98.2,20.2,14.5,1,0,1,2.6,12,62.4,70.1,67.7,62.6,85.3,66.0,3,43,13.2,7,1,5,78.9,28,600,611,7,39,39,2,299,69,0.5,10.7
Jonah Laulu,75763,DI,LV,17,7,4.0,50.0,1.7,6.0,3.0,0,1,1,50.0,23,63.4,40.9,78.4,52.7,34.4,31.5,0,7,23.1,3,1,1,58.3,1,7,404,6,3,2,0,7,4,1.2,7.0
Chad Muma,75818,LB,NE,6,0,6.0,100.0,89.7,26.0,26.0,0,0,0,0.0,19,60.7,67.5,75.9,54.7,70.3,79.5,0,11,0.0,0,0,0,112.5,1,26,29,0,1,1,0,11,5,0.4,11.0
Asante Samuel Jr.,76625,CB,PIT,6,0,10.5,70.0,100.0,21.6,15.1,0,0,1,10.0,25,68.0,70.1,82.9,,74.1,73.2,1,27,14.3,1,0,0,93.8,7,160,160,1,6,10,2,80,39,0.5,11.4
Erick Hallett,76631,S,TEN,3,1,9.2,80.0,92.5,11.5,9.2,0,0,1,10.0,31,54.5,53.8,79.5,36.1,66.1,58.1,0,30,23.1,3,1,1,114.6,8,98,106,3,9,10,0,115,77,1.3,14.4
Elijah Jones,76632,CB,ARZ,1,0,21.3,33.3,100.0,20.0,6.7,0,0,2,66.7,1,83.0,82.4,73.5,,67.0,76.7,0,21,0.0,0,2,0,59.0,1,20,20,0,1,3,0,21,0,1.1,21.0
Andre Cisco,76641,S,NYJ,8,2,10.4,82.4,96.0,17.7,14.6,0,0,1,5.9,22,54.5,61.3,87.3,50.0,75.6,43.6,0,28,18.5,5,1,0,152.6,14,265,276,3,20,17,3,189,106,0.8,13.5
Juanyeh Thomas,76655,S,DAL,5,1,2.3,100.0,99.4,48.0,48.0,0,0,0,0.0,9,56.0,60.0,83.4,58.8,69.0,56.5,0,16,33.3,3,0,0,143.8,3,156,157,1,5,3,1,27,20,0.2,9.0
Chamarri Conner,76662,S,KC,17,5,6.5,82.4,92.5,9.5,7.8,1,1,2,2.9,16,46.7,53.2,86.9,66.0,63.5,38.9,1,51,15.9,10,2,3,114.6,56,564,610,14,48,68,3,643,343,1.2,11.5
Tanner Ingle,76667,S,LA,1,0,,,100.0,,,0,0,0,,26,60.7,69.3,99.9,,60.0,,0,,,0,0,0,0.0,0,1,1,0,0,0,0,0,0,0.0,
DJ Ivey,76670,CB,CIN,12,1,13.5,62.5,98.9,8.5,5.3,0,0,3,18.8,7,71.6,69.3,80.7,58.4,46.1,64.0,0,20,0.0,0,3,0,83.6,10,89,90,3,9,16,0,113,55,1.3,11.3
DeMarvion Overshown,76729,LB,DAL,6,5,2.8,94.4,94.6,7.6,7.2,0,0,0,0.0,9,64.5,67.4,78.5,77.7,63.4,53.9,0,29,9.5,2,0,0,121.3,17,140,148,8,14,18,1,156,112,1.2,9.2
Zaire Barnes,76766,LB,NYG,3,1,1.6,75.0,88.9,4.9,3.7,0,0,1,8.3,21,49.6,48.9,75.8,72.5,49.4,31.1,0,20,25.0,2,0,0,116.0,9,48,54,6,5,12,1,68,66,1.5,7.6
Will McDonald IV,76842,ED,NYJ,15,0,6.0,100.0,4.5,9.0,9.0,1,0,0,0.0,22,50.7,59.1,82.5,71.0,41.4,27.8,0,12,62.5,5,0,1,108.3,2,18,403,10,3,2,0,20,8,1.1,10.0
Desjuan Johnson,76850,ED,LA,9,0,,,2.1,,,0,0,0,,26,78.7,73.1,43.2,68.3,68.3,50.1,0,,0.0,0,0,1,0.0,0,2,94,3,2,0,0,0,0,0.0,
Jalen Redmond,76861,DI,MIN,17,0,,,1.9,,,0,0,0,,18,61.4,72.7,80.7,62.5,72.7,44.6,0,,28.6,2,0,1,0.0,0,7,376,9,5,0,0,0,0,0.0,
Greg Rousseau,76889,ED,BUF,18,0,6.7,66.7,7.6,16.0,10.7,0,0,0,0.0,4,59.7,86.3,82.6,75.7,85.1,72.8,0,14,37.5,3,0,1,92.4,2,35,463,10,5,3,0,25,4,0.8,12.5
Travis Jones,76914,DI,BLT,16,0,,,3.8,,,0,0,0,,3,60.2,79.2,88.5,66.0,81.1,50.8,0,,50.0,1,0,0,0.0,0,19,497,5,1,0,0,0,0,0.0,
Logan Hall,76919,DI,TB,17,0,,,1.4,,,0,0,0,,30,63.2,66.8,40.6,65.5,66.0,34.6,0,,45.5,5,0,4,0.0,0,5,366,5,6,0,0,0,0,0.0,
Moro Ojomo,76927,DI,PHI,18,0,,,0.2,,,0,0,0,,24,71.3,70.6,78.6,70.6,60.4,29.3,0,,50.0,2,0,1,0.0,0,1,478,7,2,0,0,0,0,0.0,
Karl Brooks,76941,DI,GB,16,1,-5.0,100.0,1.4,6.0,6.0,0,0,0,0.0,12,59.8,46.3,64.6,58.2,38.9,60.7,0,3,40.0,2,0,2,79.2,1,6,426,3,2,1,0,3,8,0.5,3.0
Braden Fiske,76958,DI,LA,20,0,,,0.7,,,1,0,0,,26,69.8,57.3,54.9,64.0,44.4,27.7,0,,75.0,6,0,3,0.0,0,3,460,7,2,0,0,0,0,0.0,
Alim McNeill,76996,DI,DET,10,0,,,0.9,,,1,0,0,,11,60.2,52.1,46.8,61.3,47.2,28.3,0,,,0,0,3,0.0,0,3,321,0,0,0,0,0,0,0.0,
Shaka Heyward,77120,LB,CIN,3,1,3.0,0.0,80.0,,16.0,0,0,0,0.0,7,69.1,54.3,76.4,55.1,43.3,77.0,0,,0.0,0,0,0,39.6,0,16,20,0,1,1,0,0,0,0.0,
Payton Wilson,77127,LB,PIT,18,12,4.2,84.9,85.2,9.5,8.0,0,0,1,1.9,25,48.4,53.0,86.0,63.5,57.7,61.5,1,33,15.4,12,1,2,103.6,45,456,535,18,54,53,2,410,259,1.0,9.1
Zaven Collins,77190,ED,ARZ,17,2,3.8,71.4,32.1,10.4,7.4,0,0,1,7.1,1,59.0,71.3,72.9,69.5,71.8,38.8,0,41,35.7,5,0,1,86.0,10,111,346,5,7,14,0,82,67,0.8,8.2
Nik Bonitto,77196,ED,DEN,19,0,4.6,75.0,13.7,11.7,8.8,0,0,0,0.0,10,64.7,79.2,27.1,86.5,60.8,35.3,0,46,38.9,7,0,7,110.9,6,73,533,24,11,8,0,89,68,1.3,14.8
Joseph Ossai,77205,ED,CIN,14,3,4.0,100.0,8.3,4.7,4.7,2,0,0,0.0,7,57.4,64.0,32.0,62.4,70.7,47.1,0,16,30.8,4,0,5,143.8,7,34,409,8,6,7,1,63,35,1.9,9.0
Jarrick Bernard-Converse,77841,CB,NYG,3,0,,,100.0,,,0,0,0,,21,66.0,69.9,71.9,,68.4,76.5,0,,0.0,0,0,0,0.0,0,5,5,1,1,0,0,0,0,0.0,
Tre'von Moehrig,77847,S,CAR,17,8,6.0,78.6,90.5,9.6,7.5,1,0,2,2.9,5,52.4,62.5,68.9,78.1,73.6,57.6,1,30,19.4,13,2,2,95.9,55,553,611,23,46,70,2,431,186,0.8,7.8
Ar'Darius Washington,77848,S,BLT,4,0,7.2,100.0,88.5,7.2,7.2,0,0,0,0.0,3,45.1,58.7,76.6,91.6,73.6,52.4,0,31,25.0,1,0,0,118.8,6,46,52,3,3,6,0,104,61,2.4,17.3
Derion Kendrick,78022,CB,LA,7,0,9.6,50.0,94.1,12.7,6.4,0,2,3,21.4,26,74.7,72.8,78.5,51.9,62.6,60.0,2,9,14.3,1,3,0,16.7,7,95,101,1,6,14,0,36,36,0.4,5.1
Alec Pierce,78038,WR,IND,1,0,41.0,0.0,100.0,,1.0,0,0,1,100.0,14,60.0,60.0,62.6,,,,0,,,0,1,4,39.6,0,1,1,0,0,1,0,0,0,0.0,
Shemar Bartholomew,78995,CB,GB,1,0,-1.0,100.0,100.0,18.0,18.0,0,0,0,0.0,12,61.1,58.7,76.4,,51.6,29.2,0,8,100.0,1,0,0,100.0,1,20,20,0,0,1,0,8,9,0.4,8.0
Cobie Durant,79126,CB,LA,20,7,12.6,55.4,99.5,11.5,6.4,1,0,8,8.7,26,65.1,65.5,88.9,53.5,61.7,57.0,6,52,10.2,5,6,4,79.2,51,616,619,8,37,92,8,643,208,1.1,12.6
Christian Benford,79181,CB,BUF,16,3,13.5,60.7,97.5,15.1,9.2,1,0,3,5.4,4,53.9,66.8,67.0,97.6,90.1,73.1,2,40,8.3,3,2,4,101.5,34,545,559,11,30,56,6,376,79,0.7,11.1
Nick Hampton,81162,ED,LA,12,0,1.8,100.0,26.0,4.8,4.8,0,0,0,0.0,26,55.6,60.4,81.4,54.4,67.1,77.5,0,11,0.0,0,0,0,91.7,4,19,73,0,2,4,0,24,17,1.3,6.0
Cam Jones,81244,LB,NYJ,2,0,,,100.0,,,0,0,0,,22,61.0,66.2,67.0,,61.8,,0,,,0,0,0,0.0,0,2,2,0,0,0,0,0,0,0.0,
Micah McFadden,81246,LB,NYG,1,0,,,100.0,,,0,0,0,,21,65.6,64.1,70.7,,58.2,75.0,0,,,0,0,0,0.0,0,6,6,0,0,0,0,0,0,0.0,
Damone Clark,81282,LB,HST,7,1,5.2,72.7,90.0,6.8,4.9,0,0,0,0.0,13,28.2,34.5,75.7,59.5,67.1,49.1,0,16,25.0,2,0,0,115.7,8,54,60,1,5,11,1,60,26,1.1,7.5
Durell Nchami,81292,ED,IND,2,0,3.0,100.0,8.7,2.0,2.0,0,0,0,0.0,14,76.2,56.0,78.2,52.6,48.9,72.4,0,4,0.0,0,0,0,83.3,1,2,23,1,1,1,0,4,1,2.0,4.0
Cameron McGrone,81300,LB,CLV,3,0,4.8,75.0,84.4,8.7,6.5,0,0,0,0.0,8,27.5,28.2,78.0,52.2,66.8,27.1,0,19,100.0,1,0,0,135.4,3,27,32,0,0,4,1,30,37,1.2,10.0
Nick Bolton,81322,LB,KC,17,10,3.7,82.2,81.6,7.7,6.4,1,1,4,5.5,16,67.7,78.9,87.4,61.9,85.2,60.4,1,33,11.6,8,3,2,101.1,60,492,603,22,51,73,2,543,396,1.2,9.1
Micah Parsons,81360,ED,GB,14,2,,,1.6,,,0,0,1,,12,74.8,92.0,30.0,92.9,70.2,79.7,0,,25.0,1,0,6,0.0,0,7,443,15,1,0,0,0,0,0.0,
Ernest Jones,81399,LB,SEA,18,15,5.8,76.9,90.5,10.3,7.9,0,1,1,1.3,29,51.1,61.5,88.0,52.2,76.5,75.2,6,54,8.4,7,1,3,72.5,60,651,719,17,61,78,1,639,382,1.0,10.7
Brenton Cox Jr.,81957,ED,GB,5,0,,,1.9,,,1,0,0,,12,60.0,54.2,21.8,67.5,44.9,53.2,0,,,0,0,1,0.0,0,1,52,1,0,0,0,0,0,0.0,
Azeez Ojulari,81959,ED,PHI,3,0,,,20.5,,,0,0,0,,24,65.1,62.5,79.9,49.4,69.3,60.4,0,,100.0,1,0,0,0.0,0,8,39,0,0,0,0,0,0,0.0,
Odafe Oweh,82161,ED,LAC,18,2,6.2,55.6,7.1,5.4,3.0,0,0,0,0.0,27,35.1,75.5,76.6,81.0,64.1,54.1,0,13,14.3,1,0,1,69.2,5,28,397,13,4,9,0,45,23,1.7,9.0
Thomas Booker IV,82168,DI,LV,17,2,,,1.4,,,1,0,0,,23,58.6,45.5,30.3,67.8,39.4,49.8,0,,40.0,2,0,5,0.0,0,4,292,1,1,0,0,0,0,0.0,
Christian Barmore,82198,DI,NE,21,0,,,0.9,,,0,0,0,,19,61.5,53.2,90.1,66.9,33.6,30.0,0,,90.0,9,0,0,0.0,0,5,546,4,1,0,0,0,0,0.0,
Teair Tart,82261,DI,LAC,18,1,6.0,100.0,1.4,3.0,3.0,0,0,0,0.0,27,56.7,71.0,22.0,68.1,74.7,58.0,0,9,20.0,1,0,5,104.2,1,4,281,2,3,1,0,9,3,3.0,9.0
Devonte Wyatt,82268,DI,GB,10,1,,,0.9,,,1,0,0,,12,61.9,52.9,49.3,71.4,38.7,76.8,0,,20.0,1,0,2,0.0,0,2,224,4,3,0,0,0,0,0.0,
Aidan Hutchinson,82330,ED,DET,17,0,10.0,100.0,1.4,9.0,9.0,1,0,0,0.0,11,72.9,91.9,59.8,92.2,70.6,47.3,1,12,62.5,5,0,6,77.1,1,9,631,18,3,1,0,12,2,1.3,12.0
Cameron Thomas,82387,ED,CLV,17,1,,,4.3,,,0,0,0,,8,62.4,67.6,51.3,66.6,65.5,81.0,0,,0.0,0,0,2,0.0,0,7,162,4,1,0,0,0,0,0.0,
Kingsley Enagbare,82409,ED,GB,17,2,5.2,80.0,9.3,6.8,5.4,0,0,0,0.0,12,52.8,61.2,76.4,58.5,64.5,49.6,0,23,22.2,2,0,2,116.7,4,28,301,5,5,5,0,60,57,2.2,15.0
Bobby Brown III,82429,DI,CAR,18,1,,,0.6,,,0,0,0,,5,66.9,56.7,49.3,50.4,61.1,55.7,0,,50.0,2,0,2,0.0,0,1,164,1,1,0,0,0,0,0.0,
Tyree Wilson,82432,ED,LV,17,0,,,1.3,,,0,0,0,,23,63.3,57.6,89.1,60.4,48.2,28.6,0,,42.9,3,0,0,0.0,0,4,308,7,4,0,0,0,0,0.0,
Tommy Togiai,82501,DI,HST,17,0,,,0.7,,,0,0,0,,13,67.1,76.4,86.5,71.0,67.8,69.0,0,,37.5,3,0,1,0.0,0,2,287,6,5,0,0,0,0,0.0,
Quay Walker,82547,LB,GB,15,11,5.3,79.8,85.1,7.1,5.7,0,0,8,9.5,12,40.9,46.0,66.5,61.0,54.4,84.9,0,41,11.1,7,6,1,122.9,67,507,596,17,45,84,6,653,328,1.4,9.7
Channing Tindall,82548,LB,ARZ,2,0,,,66.7,,,0,0,0,,1,60.5,75.7,68.9,59.4,65.0,73.2,0,,,0,0,0,0.0,0,2,3,0,0,0,0,0,0,0.0,
Jack Sanborn,82566,LB,DAL,5,4,7.2,91.7,98.4,10.5,9.6,0,0,1,8.3,9,58.6,56.3,79.7,55.0,54.7,41.0,0,25,16.7,3,1,0,107.3,11,121,123,3,11,12,0,117,56,1.0,10.6
Mekhi Blackmon,83036,CB,IND,17,2,11.5,63.6,99.8,11.6,7.4,2,0,5,7.6,14,46.1,51.2,86.8,61.7,72.4,55.8,2,88,14.3,8,2,8,93.2,42,518,519,11,46,66,3,563,226,1.2,13.4
Kendall Williamson,83090,S,LAC,2,0,,,85.7,,,0,0,0,,27,62.8,73.4,71.1,57.2,77.0,79.7,0,,,0,0,0,0.0,0,12,14,0,0,0,0,0,0,0.0,
Ethan Bonner,83091,CB,MIA,7,2,14.6,50.0,100.0,12.8,6.4,0,0,1,12.5,17,50.7,50.4,80.5,,51.5,28.2,1,35,40.0,4,1,0,86.5,4,54,54,1,4,8,1,82,14,1.6,20.5
Pat Surtain II,83119,CB,DEN,16,2,14.5,55.2,99.7,16.2,9.0,1,1,11,16.4,10,73.3,73.3,88.2,71.4,63.3,47.9,1,37,15.9,7,10,10,73.9,37,638,640,8,35,67,2,355,108,0.6,9.6
Jalyn Armour-Davis,83120,CB,TEN,11,3,12.3,77.4,99.7,11.9,9.2,3,0,1,3.2,31,49.6,54.2,85.6,60.0,71.1,52.5,0,43,12.5,3,1,5,134.6,24,299,300,6,18,31,2,346,115,1.2,14.4
Josh Jobe,83122,CB,SEA,19,2,11.5,51.0,99.4,12.6,6.4,2,2,13,13.5,29,52.9,57.6,65.2,85.7,77.2,65.9,1,57,11.3,6,10,10,74.1,49,658,662,10,45,96,3,540,175,0.9,11.0
Jamien Sherwood,83175,LB,NYJ,17,12,5.1,79.7,89.4,10.0,8.0,0,0,5,7.8,22,46.1,65.6,87.5,70.5,81.0,82.7,0,42,10.2,6,3,2,125.1,51,547,612,16,41,64,4,578,390,1.1,11.3
Roger McCreary,83176,CB,LA,14,4,5.6,82.4,94.2,8.8,7.2,0,0,2,5.9,26,72.0,72.1,82.3,57.9,68.6,63.0,1,33,8.6,3,2,1,108.1,28,259,275,11,28,34,2,278,169,1.1,9.9
Tyson Campbell,83217,CB,CLV,17,4,14.3,51.7,99.7,12.5,6.4,0,0,14,15.7,8,65.2,68.7,89.0,59.9,77.5,67.1,1,50,11.3,6,7,2,92.8,46,599,601,12,43,89,6,637,147,1.1,13.8
Chris Smith II,83220,S,NYJ,1,1,4.0,100.0,100.0,2.0,2.0,0,0,0,0.0,22,62.4,63.3,65.4,,60.0,77.3,0,10,0.0,0,0,0,108.3,1,2,2,0,0,1,0,10,6,5.0,10.0
Quan Martin,83236,S,WAS,17,5,12.0,73.0,98.9,19.3,14.1,3,1,4,10.8,32,39.0,48.5,34.1,88.2,70.4,60.2,0,86,16.3,8,3,4,154.6,27,559,565,3,36,37,5,565,270,1.1,20.9
Kerby Joseph,83239,S,DET,6,0,12.1,55.6,100.0,39.6,22.0,0,0,1,11.1,11,57.4,59.1,22.6,60.0,66.9,30.0,3,30,30.8,4,1,1,74.5,5,211,211,1,9,9,1,62,26,0.3,12.4
Sydney Brown,83241,S,PHI,10,1,6.8,66.7,98.4,18.3,12.2,0,0,0,0.0,24,58.1,60.0,83.4,57.7,62.9,67.6,0,19,23.1,3,0,0,81.7,6,122,124,3,9,9,0,52,30,0.5,8.7
JuJu Brents,83256,CB,MIA,4,0,12.7,57.1,100.0,15.5,8.9,0,0,1,14.3,17,78.6,74.5,78.8,,55.6,52.2,0,13,0.0,0,1,0,67.0,4,66,66,1,6,7,0,29,6,0.5,7.3
Kaevon Merriweather,83257,S,HST,6,0,12.0,100.0,90.0,9.0,9.0,0,0,0,0.0,13,46.4,45.3,76.8,59.2,56.7,83.9,0,23,0.0,0,0,0,118.8,1,9,10,0,1,1,0,23,11,2.6,23.0
Riley Moss,83259,CB,DEN,19,6,13.7,56.0,99.6,10.7,6.0,2,1,20,16.0,10,61.2,64.2,71.2,87.9,71.6,67.0,1,52,10.7,8,15,12,93.1,70,802,805,20,61,125,7,871,175,1.2,12.4
Percy Butler,83271,S,WAS,8,1,6.5,100.0,90.9,4.0,4.0,0,0,0,0.0,32,67.3,69.3,71.8,60.0,61.5,80.4,0,22,0.0,0,0,0,118.8,2,10,11,0,2,2,0,43,30,5.4,21.5
Jordan Howden,83305,S,NO,13,0,2.6,77.8,97.5,20.7,16.1,0,0,0,0.0,20,68.7,75.1,15.7,52.1,85.5,72.5,0,15,16.7,2,0,1,89.4,7,153,157,4,10,9,0,49,45,0.3,7.0
Keidron Smith,83310,S,NYJ,1,2,8.3,66.7,100.0,13.5,9.0,0,0,0,0.0,22,53.8,50.8,0.0,,60.9,49.2,0,18,14.3,1,0,1,92.4,2,28,28,0,4,3,0,25,4,0.9,12.5
Isaiah Stalbird,83325,LB,NO,10,3,5.3,33.3,73.1,33.0,11.0,0,0,0,0.0,20,51.0,67.2,80.2,76.8,75.5,37.4,0,9,42.9,3,0,0,42.4,1,38,52,2,1,3,0,9,4,0.3,9.0
Cam Taylor-Britt,83326,CB,CIN,8,2,13.6,66.7,97.8,14.9,9.9,1,0,3,14.3,7,57.0,57.6,83.5,63.8,56.2,38.8,0,35,28.6,4,3,5,133.5,14,220,225,3,8,21,3,183,64,0.9,13.1
Greg Newsome II,83341,CB,JAX,18,1,11.3,67.9,100.0,9.3,6.3,1,0,5,6.4,15,55.3,54.3,63.8,,49.7,41.4,1,61,14.3,7,2,5,109.0,53,528,528,13,41,78,5,641,176,1.3,12.1
Kitan Oladapo,83349,S,GB,4,0,1.5,100.0,90.2,8.8,8.8,0,1,0,0.0,12,51.3,57.2,76.5,72.9,64.9,61.5,0,11,0.0,0,0,0,101.0,4,37,41,1,2,4,0,33,27,0.9,8.3
Christian Izien,83360,S,TB,8,3,8.3,83.3,96.1,9.2,7.7,0,0,0,0.0,30,50.4,51.3,78.2,50.8,61.2,65.5,0,36,7.7,1,0,0,127.8,10,98,102,2,9,12,1,96,40,1.0,9.6
Jaycee Horn,83375,CB,CAR,17,5,13.7,58.7,98.1,14.8,8.7,2,2,5,7.9,5,60.8,57.7,47.1,36.5,53.2,28.9,5,62,20.0,7,3,9,79.3,37,578,589,4,23,63,5,528,178,1.0,14.3
Kyler Gordon,83451,CB,CHI,5,2,12.6,60.9,85.0,9.1,5.5,1,1,2,8.7,6,60.4,61.3,0.0,63.1,78.0,85.9,0,34,0.0,0,2,2,99.4,14,136,160,7,9,23,1,177,38,1.4,12.6
Alontae Taylor,83469,CB,NO,17,2,7.4,69.7,92.5,8.3,5.8,0,1,8,9.0,20,67.7,63.8,48.0,54.7,56.0,63.5,2,43,8.8,5,6,4,108.7,62,541,585,22,50,89,8,597,332,1.2,9.6
Javontae Jean-Baptiste,83514,ED,WAS,3,1,,,9.7,,,0,0,0,,32,66.5,75.5,81.2,60.9,71.2,76.1,0,,0.0,0,0,0,0.0,0,3,31,2,1,0,0,0,0,0.0,
Austin Ajiake,83826,LB,IND,14,3,6.0,69.2,92.6,11.7,8.1,0,0,0,0.0,14,34.0,40.7,81.4,69.5,59.9,40.9,0,14,22.2,2,0,0,107.5,9,113,122,1,4,13,1,69,39,0.7,7.7
Corey Ballentine,83833,CB,DAL,2,0,18.5,50.0,93.3,13.0,6.5,0,0,0,0.0,9,57.3,48.3,74.5,59.1,50.5,22.9,0,17,100.0,1,0,0,79.2,1,14,15,0,0,2,0,17,14,1.3,17.0
Jevon Holland,83873,S,NYG,14,4,12.1,58.1,98.5,26.3,15.3,1,1,4,12.9,21,53.0,58.4,61.4,52.7,73.8,73.7,1,36,14.7,5,3,4,93.9,18,512,520,7,25,31,2,263,83,0.6,14.6
Talanoa Hufanga,83903,S,DEN,19,6,8.5,58.5,95.2,29.6,17.3,0,2,10,24.4,10,67.9,70.8,71.9,63.9,75.9,66.0,0,63,9.8,6,8,4,104.7,24,758,796,13,49,41,3,290,129,0.4,12.1
Josh Newton,84268,CB,CIN,14,1,9.1,52.2,100.0,13.9,7.3,0,0,5,21.7,7,63.9,59.3,82.5,,35.6,27.4,0,23,25.0,3,3,0,79.3,12,181,181,2,8,23,1,106,65,0.6,8.8
Miles Battle,84301,CB,NE,1,0,5.3,50.0,100.0,8.5,4.3,0,1,0,0.0,19,71.1,67.7,87.7,,54.1,76.5,0,8,0.0,0,0,0,58.3,2,17,17,0,2,4,0,14,0,0.8,7.0
Markees Watts,84537,ED,TB,2,0,-2.0,100.0,14.3,3.0,3.0,0,0,0,0.0,30,40.4,46.6,80.0,63.5,47.8,22.4,0,15,100.0,2,0,0,118.8,1,3,21,0,0,1,0,15,17,5.0,15.0
Darius Muasau,86008,LB,NYG,12,1,1.7,73.7,89.1,13.9,10.2,0,0,1,5.3,21,53.9,52.1,81.8,66.9,49.9,55.7,0,23,6.7,1,1,0,108.0,14,204,229,7,13,19,1,123,110,0.6,8.8
Rico Payton,86957,CB,NYG,2,0,-0.5,50.0,100.0,8.0,4.0,0,0,1,25.0,21,53.5,55.6,76.0,,62.2,46.4,0,4,40.0,2,1,2,56.3,2,18,18,1,3,4,0,5,16,0.3,2.5
Charles Woods,89148,CB,NE,12,1,8.3,66.7,100.0,13.4,8.9,0,0,1,8.3,19,60.2,59.3,81.6,,51.4,63.7,0,22,11.1,1,1,0,91.7,8,112,112,1,7,12,0,98,48,0.9,12.3
Patrick O'Connell,89300,LB,SEA,3,1,2.8,75.0,97.1,10.3,7.8,0,0,0,0.0,29,70.6,74.7,75.6,76.1,64.4,83.5,0,7,0.0,0,0,0,79.2,3,33,34,3,4,4,0,14,1,0.5,4.7
Kyle Dugger,90621,S,PIT,17,9,8.5,67.6,96.6,18.0,12.1,0,2,3,8.1,25,41.7,49.6,84.8,89.1,58.9,62.9,2,64,10.8,4,2,1,107.9,25,478,495,5,24,37,4,320,126,0.7,12.8
Daniel Hardy,91336,ED,CHI,8,0,-5.0,100.0,16.7,2.5,2.5,1,0,0,0.0,6,29.8,29.0,5.4,56.3,30.5,23.5,0,13,50.0,1,0,1,97.9,2,5,30,0,1,2,0,15,25,3.0,7.5
E.J. Speed,94351,LB,HST,18,2,4.5,71.4,88.3,11.3,8.0,0,0,0,0.0,13,55.0,55.6,12.6,50.3,64.1,46.7,0,15,18.2,4,0,3,96.6,20,241,273,9,16,28,1,155,96,0.7,7.8
Bralyn Lux,97143,CB,CIN,2,1,3.0,100.0,100.0,7.0,7.0,0,0,0,0.0,7,69.2,73.7,73.7,,74.0,77.8,0,5,0.0,0,0,0,85.4,2,14,14,0,1,2,0,9,3,0.6,4.5
Mike Sainristil,97180,CB,WAS,17,5,8.7,71.3,99.0,8.5,6.1,3,2,8,8.5,32,52.1,52.7,87.0,52.6,52.6,55.4,4,38,12.5,8,7,4,109.7,67,607,613,14,51,94,9,767,366,1.3,11.4
Marcus Harris,97230,CB,TEN,9,2,9.6,52.0,96.5,16.0,8.3,0,0,4,16.0,31,67.4,68.4,82.9,59.9,68.1,88.0,0,38,0.0,0,4,1,83.9,13,220,228,4,17,25,1,151,86,0.7,11.6
Rashad Wisdom,97249,S,TB,1,0,,,100.0,,,0,0,0,,30,60.9,61.3,71.3,,,,0,,,0,0,0,0.0,0,3,3,0,0,0,0,0,0,0.0,
Jaden Davis,97250,CB,ARZ,3,0,5.0,100.0,92.9,7.7,7.7,0,0,0,0.0,1,49.3,52.1,75.3,55.5,66.8,28.9,0,12,,0,0,0,139.6,3,26,28,0,0,3,1,24,9,1.0,8.0
Reddy Steward,97289,CB,DAL,15,5,3.2,86.5,92.6,6.6,5.7,0,0,3,5.8,9,58.6,51.1,48.3,48.5,35.8,46.2,0,28,13.3,6,3,4,99.5,45,312,337,14,34,52,0,410,328,1.4,9.1
Dell Pettus,97290,S,NE,15,4,6.1,64.7,96.3,9.5,6.1,0,0,1,5.9,19,74.9,78.9,82.3,67.1,73.9,47.8,0,24,11.8,2,1,0,83.9,11,105,109,2,11,17,0,114,47,1.1,10.4
Jordan Clark,97324,CB,NYJ,4,1,5.4,80.0,99.0,5.8,4.7,1,0,0,0.0,22,50.6,46.4,0.0,59.0,42.9,36.4,0,30,23.1,3,0,1,135.4,16,100,101,3,9,20,3,140,70,1.5,8.8
Thomas Harper,97325,S,DET,10,2,16.4,50.0,99.3,53.2,26.6,0,0,2,20.0,11,75.9,77.8,84.7,50.9,72.5,73.9,1,39,0.0,0,2,0,78.8,5,285,287,3,19,10,2,84,4,0.3,16.8
Nic Jones,97327,CB,NYG,4,0,21.7,66.7,100.0,7.0,4.7,0,0,1,33.3,21,53.9,47.1,72.2,,41.1,78.5,0,30,0.0,0,0,0,109.7,2,16,16,0,2,3,0,39,3,2.8,19.5
Cameron Mitchell,97340,CB,IND,10,0,10.5,56.5,99.4,12.5,7.1,1,1,4,17.4,14,58.4,58.4,83.4,57.7,56.8,44.3,0,23,23.1,3,4,2,109.1,13,175,176,6,10,23,4,112,39,0.7,8.6
Dadrion Taylor-Demerson,97348,S,ARZ,12,4,6.2,65.2,98.7,18.5,12.1,0,0,3,13.0,1,58.6,61.0,83.6,51.6,66.4,74.8,2,22,10.3,3,2,0,47.6,15,299,303,4,22,23,0,151,95,0.5,10.1
Christian Roland-Wallace,97374,S,KC,10,5,5.4,75.0,96.2,13.1,9.8,0,1,1,8.3,16,75.0,78.8,80.7,68.2,72.4,90.1,1,15,0.0,0,1,0,83.0,9,125,130,6,15,12,1,73,35,0.6,8.1
Jarrian Jones,97486,CB,JAX,15,6,7.8,61.7,97.7,10.6,6.6,2,2,8,13.3,15,74.5,74.7,84.8,56.9,69.6,80.3,3,54,4.7,2,7,8,68.7,37,419,429,11,35,60,2,359,192,0.9,9.7
Dean Clark,97495,S,NYJ,4,1,6.5,66.7,100.0,26.0,17.3,0,0,0,0.0,22,61.5,54.2,81.4,,33.3,35.5,0,13,0.0,0,0,0,118.8,4,111,111,2,6,6,1,31,25,0.3,7.8
Nick Cross,97514,S,IND,17,4,7.6,72.5,91.4,12.1,8.8,1,0,5,7.2,14,50.4,59.8,68.8,69.0,72.0,60.5,1,53,14.1,9,3,2,110.0,50,641,701,14,51,69,4,567,240,0.9,11.3
Dax Hill,97519,CB,CIN,17,8,7.5,67.1,96.6,9.8,6.6,2,0,8,9.4,7,67.7,64.9,46.5,50.4,60.0,63.0,1,40,7.9,5,6,6,95.0,57,590,611,12,50,85,4,536,290,1.0,9.4
Drake Thomas,97525,LB,SEA,20,5,3.4,65.7,85.6,9.7,6.4,0,0,7,10.0,29,65.9,72.9,82.6,65.5,77.0,41.7,1,27,20.8,11,6,1,74.6,46,476,556,14,37,70,0,398,304,0.9,8.7
Quincy Riley,97539,CB,NO,15,4,14.8,58.8,100.0,12.2,7.2,1,1,10,19.6,20,61.1,61.1,54.1,,61.4,51.6,1,37,13.3,4,8,3,96.4,30,385,385,8,22,51,3,415,121,1.1,13.8
Tyrique Stevenson,97562,CB,CHI,15,4,11.5,61.5,100.0,8.9,5.5,3,0,9,13.8,6,62.3,66.2,54.9,,83.2,61.9,1,57,10.5,4,9,5,91.6,40,382,382,6,30,65,1,617,232,1.7,15.4
Josh Wallace,97676,S,LA,9,0,6.4,71.4,95.9,12.0,8.6,0,0,1,4.8,26,67.8,71.8,81.2,88.3,70.0,59.2,1,52,13.3,2,1,3,92.6,15,188,196,7,13,21,1,176,98,1.0,11.7
Alex Austin,97683,CB,NE,4,0,16.9,76.9,97.9,8.6,6.6,0,0,2,15.4,19,37.9,42.2,80.8,57.4,64.3,67.2,0,47,0.0,0,1,2,142.5,10,92,94,1,8,13,1,158,26,1.8,15.8
Dorian Williams,97694,LB,BUF,16,4,3.3,75.0,74.6,11.0,8.3,0,0,1,5.0,4,48.4,56.1,52.5,62.3,63.2,42.9,0,19,33.3,6,0,1,122.1,15,173,232,3,8,20,2,116,78,0.7,7.7
Ronnie Hickman Jr.,97702,S,CLV,17,14,6.2,57.6,98.5,29.0,16.7,0,1,6,18.2,8,75.3,71.6,86.4,51.4,61.7,70.4,2,36,4.0,2,4,0,65.7,19,584,593,5,34,33,1,244,172,0.4,12.8
Storm Duck,97705,CB,MIA,2,1,18.7,66.7,100.0,6.5,4.3,0,0,1,16.7,17,38.4,42.2,76.8,,64.4,75.4,0,27,0.0,0,0,0,147.2,4,27,27,0,1,6,1,72,9,2.8,18.0
Omar Speights,97723,LB,LA,19,6,4.6,71.4,93.4,11.1,7.9,0,0,4,8.2,26,58.4,67.8,60.6,69.0,74.1,65.7,0,27,16.3,8,3,1,85.8,35,413,442,9,35,49,0,285,155,0.7,8.1
Mohamed Kamara,97731,ED,TB,1,0,,,33.3,,,0,0,0,,30,60.0,69.1,70.2,68.4,60.0,,0,,,0,0,0,0.0,0,1,3,0,0,0,0,0,0,0.0,
Javon Solomon,97821,ED,BUF,15,0,,,6.3,,,0,0,0,,4,65.2,42.7,15.0,51.8,46.6,78.3,0,,0.0,0,0,2,0.0,0,8,127,2,1,0,0,0,0,0.0,
Jack Kiser,97889,LB,JAX,4,3,4.2,100.0,94.4,6.0,6.0,0,0,0,0.0,15,44.3,49.7,73.1,57.3,73.9,44.9,0,16,20.0,2,0,0,152.9,5,34,36,1,5,5,1,56,35,1.9,11.2
Tyler Nubin,97895,S,NYG,13,4,4.9,77.1,94.8,16.3,12.6,0,0,1,2.9,21,60.0,57.2,85.8,67.2,47.1,48.1,0,87,12.8,5,1,1,119.5,27,475,501,11,30,35,2,286,188,0.6,10.6
Adetomiwa Adebawore,97934,DI,IND,17,1,,,0.8,,,0,0,0,,14,59.8,49.8,46.8,66.5,36.4,34.6,0,,63.6,7,0,3,0.0,0,3,362,5,3,0,0,0,0,0.0,
Levelle Bailey,97956,LB,DEN,1,0,,,81.8,,,0,0,0,,10,64.8,63.9,71.8,56.9,,,0,,,0,0,0,0.0,0,9,11,0,0,0,0,0,0,0.0,
Derick Hall,98130,ED,SEA,17,0,8.5,100.0,6.4,10.5,10.5,1,0,1,50.0,29,29.3,70.5,73.0,71.8,69.9,34.0,0,17,80.0,8,1,2,118.8,2,22,343,5,2,2,0,33,16,1.6,16.5
Jordan Magee,98155,LB,WAS,15,2,3.1,90.9,89.7,7.4,6.7,0,0,0,0.0,32,53.1,54.9,79.3,58.5,57.1,56.6,0,57,12.0,3,0,0,121.6,20,156,174,11,20,22,1,210,141,1.4,10.5
Derek Stingley Jr.,98253,CB,HST,19,1,13.4,52.9,99.5,17.1,9.1,1,2,10,14.7,13,73.5,65.6,46.8,53.4,29.5,28.6,4,56,12.9,4,9,9,74.7,36,662,665,6,26,68,4,545,142,0.9,15.1
Colby Wooden,98312,DI,GB,18,1,,,0.6,,,0,0,0,,12,59.4,50.6,76.9,59.1,46.4,34.9,0,,25.0,2,0,1,0.0,0,2,317,5,5,0,0,0,0,0.0,
Alex Wright,98318,ED,CLV,14,0,-3.0,100.0,5.1,7.0,7.0,1,0,0,0.0,8,77.5,78.5,77.4,64.7,73.4,55.0,0,3,11.1,1,0,1,79.2,2,14,276,11,8,2,0,1,7,0.1,0.5
George Karlaftis,98319,ED,KC,16,2,1.7,66.7,2.9,7.0,4.7,0,0,0,0.0,16,49.6,76.2,65.5,75.8,70.4,53.8,0,8,36.4,4,0,3,77.1,2,14,477,9,5,3,0,14,9,1.0,7.0
Darius Alexander,98333,DI,NYG,16,2,,,0.4,,,0,0,0,,21,69.6,42.9,85.3,54.9,30.3,32.6,0,,20.0,1,0,0,0.0,0,1,259,5,2,0,0,0,0,0.0,
Kayvon Thibodeaux,98444,ED,NYG,10,1,3.0,100.0,2.4,2.0,2.0,1,0,0,0.0,21,42.5,66.0,65.1,58.0,80.7,27.9,0,16,71.4,5,0,3,137.5,4,8,332,4,1,4,1,30,18,3.8,7.5
Eric Watts,98459,ED,NYJ,4,0,12.0,100.0,5.5,1.5,1.5,0,0,0,0.0,22,34.7,54.4,82.2,50.8,67.5,77.2,0,22,0.0,0,0,0,158.3,2,3,55,0,2,2,1,29,5,9.7,14.5
Tatum Bethune,98532,LB,SF,9,8,4.2,80.6,89.4,9.0,7.3,1,0,3,8.3,28,42.5,52.0,0.0,64.8,73.2,50.3,0,50,18.6,8,3,5,106.4,29,271,303,8,27,36,0,343,246,1.3,11.8
Swayze Bozeman,98634,LB,NYG,3,0,5.0,60.0,90.0,6.0,3.6,0,0,0,0.0,21,42.8,38.8,71.4,57.9,50.3,75.5,0,17,,0,0,0,77.9,3,18,20,0,0,5,0,31,22,1.7,10.3
Nick Jackson,98640,LB,TB,1,0,-3.0,100.0,75.0,6.0,6.0,0,0,0,0.0,30,35.6,37.0,72.1,54.8,58.0,71.7,0,16,,0,0,0,118.8,1,6,8,0,0,1,0,16,19,2.7,16.0
Kaiir Elam,98693,CB,TEN,12,4,13.1,60.0,99.4,10.5,6.3,1,0,3,6.0,31,56.3,56.8,86.1,58.5,55.5,68.9,0,65,10.0,3,1,3,114.1,30,334,336,5,23,50,4,424,139,1.3,14.1
Mohamoud Diabate,98780,LB,CLV,17,4,3.9,88.9,87.3,13.3,11.8,0,0,0,0.0,8,51.3,59.8,78.5,49.6,68.0,53.6,0,19,20.0,3,0,0,129.6,8,110,126,3,8,9,1,56,39,0.5,7.0
Ty'Ron Hopper,98781,LB,GB,9,0,5.7,100.0,83.6,15.7,15.7,0,0,0,0.0,12,80.6,63.9,80.8,54.2,48.9,51.7,1,18,50.0,1,0,0,79.2,3,51,61,0,1,3,0,42,25,0.9,14.0
Jay Ward,98833,S,MIN,13,2,11.0,100.0,94.1,45.0,45.0,0,0,0,0.0,18,68.6,70.4,84.3,44.8,71.3,52.6,0,28,25.0,2,0,0,118.8,2,96,102,1,4,2,0,39,17,0.4,19.5
Cor'Dale Flott,98834,CB,NYG,14,2,14.2,53.0,99.8,13.2,7.0,0,1,8,12.1,21,68.1,65.6,87.0,58.5,48.4,44.6,1,36,8.3,3,8,2,72.8,35,500,501,6,31,66,1,440,115,1.0,12.6
Jaylen McCollough,98845,S,LA,20,2,6.0,72.3,91.6,11.0,8.0,0,2,6,12.8,26,73.2,70.0,84.2,51.4,60.1,47.7,0,27,13.5,5,5,0,84.4,34,391,427,16,30,47,0,249,146,0.7,7.3
Demani Richardson,98852,S,CAR,3,0,,,100.0,,,0,0,0,,5,61.7,71.5,73.2,,73.4,81.7,0,,,0,0,0,0.0,0,10,10,0,0,0,0,0,0,0.0,
Jordan Battle,98857,S,CIN,17,6,10.7,63.2,96.6,23.7,15.0,0,0,2,5.3,7,54.5,61.5,82.5,59.4,72.3,59.1,4,58,21.6,11,2,0,85.5,24,600,621,8,34,38,3,402,245,0.7,16.8
DeMarcco Hellams,98863,S,ATL,3,0,-5.0,100.0,87.5,6.0,6.0,0,0,0,0.0,2,27.8,28.9,68.9,60.0,64.2,26.5,0,7,100.0,1,0,0,95.8,1,7,8,0,0,1,0,7,12,1.2,7.0
Nehemiah Pritchett,98875,CB,SEA,6,0,12.6,71.4,100.0,11.0,7.9,0,0,2,28.6,29,60.2,57.9,78.2,,49.4,44.8,0,20,0.0,0,2,0,138.7,5,58,58,0,1,7,3,63,9,1.1,12.6
Jaylin Simpson,98876,S,GB,1,0,14.1,57.1,100.0,8.3,4.7,1,0,0,0.0,12,30.0,30.3,77.0,,45.6,59.7,0,17,12.5,1,0,2,80.7,4,35,35,1,7,7,0,52,10,1.6,13.0
Brandin Echols,98900,CB,PIT,17,1,7.3,72.6,96.5,7.1,5.1,1,0,4,5.5,25,63.5,63.1,52.7,66.2,58.9,50.2,3,58,17.0,8,3,3,92.8,53,391,405,17,38,73,3,589,288,1.6,11.1
DeMarvin Leal,98919,ED,PIT,3,0,,,16.7,,,0,0,0,,25,60.6,56.6,74.5,52.7,60.0,73.5,0,,,0,0,0,0.0,0,2,12,0,0,0,0,0,0,0.0,
Justin Eboigbe,98925,DI,LAC,18,0,,,2.0,,,0,0,0,,27,60.6,57.5,86.5,55.2,57.4,60.0,0,,50.0,1,0,0,0.0,0,5,246,7,1,0,0,0,0,0.0,
Eric Gregory,98930,DI,NE,7,0,,,3.4,,,0,0,0,,19,58.2,68.0,82.0,59.9,68.8,52.8,0,,100.0,1,0,0,0.0,0,2,59,0,0,0,0,0,0,0.0,
Travon Walker,98940,ED,JAX,15,3,1.8,100.0,7.6,7.8,7.8,0,0,0,0.0,15,50.8,67.6,78.1,67.1,65.8,70.4,0,14,11.1,1,0,1,116.7,4,31,409,4,5,4,0,48,41,1.5,12.0
Zion Logue,98944,DI,BUF,3,0,4.0,0.0,2.6,,1.0,0,0,0,0.0,4,62.5,53.6,78.5,58.4,46.2,69.6,0,,,0,0,0,39.6,0,1,38,1,0,1,0,0,0,0.0,
Isaiah McGuire,98948,ED,CLV,17,1,5.0,100.0,5.5,14.0,14.0,0,0,0,0.0,8,59.3,73.5,89.8,62.9,75.5,70.0,0,12,16.7,1,0,0,116.7,1,14,253,4,4,1,0,12,7,0.9,12.0
Henry To'oTo'o,98982,LB,HST,19,13,4.5,70.9,93.1,9.1,6.4,0,0,4,5.1,13,59.5,65.1,62.3,80.6,66.4,36.5,0,60,12.5,8,3,3,103.8,56,542,582,21,43,79,3,568,425,1.1,10.1
Christian Harris,98996,LB,HST,7,0,4.4,80.0,95.7,10.5,8.4,0,0,0,0.0,13,53.8,54.8,0.0,56.6,64.8,60.8,0,9,50.0,1,0,1,85.0,4,45,47,1,1,5,0,22,20,0.5,5.5
Owen Pappoe,99006,LB,ARZ,3,0,5.1,75.0,95.6,6.8,5.1,0,0,2,25.0,1,70.3,64.1,78.4,56.6,54.6,82.8,0,16,0.0,0,2,0,97.9,6,43,45,1,8,8,0,64,27,1.6,10.7
Nolan Smith,99014,ED,PHI,13,1,0.6,71.4,14.1,7.0,5.0,0,0,0,0.0,24,59.3,70.2,56.1,67.1,71.2,70.7,0,18,10.0,1,0,2,91.4,5,40,284,7,8,7,0,50,40,1.4,10.0
Jermaine Johnson,99015,ED,NYJ,14,2,-0.5,50.0,2.7,9.0,4.5,0,0,0,0.0,22,66.8,61.0,78.6,59.4,58.1,44.1,0,10,18.2,2,0,1,64.6,1,11,403,7,7,2,0,10,5,1.1,10.0
Nakobe Dean,99018,LB,PHI,10,3,4.5,67.9,87.7,12.5,8.5,0,0,1,3.6,24,62.6,62.2,83.3,92.4,42.4,54.9,0,60,18.5,5,1,2,101.9,19,249,284,13,19,28,1,211,136,0.9,11.1
Sam Williams,99106,ED,DAL,17,1,12.5,0.0,6.9,,9.0,1,0,1,50.0,9,85.0,57.5,22.1,55.0,54.7,52.7,0,,27.3,3,1,5,39.6,0,20,290,4,7,2,0,0,0,0.0,
Tyler Owens,99271,S,WAS,6,1,10.7,100.0,87.5,11.3,11.3,0,0,0,0.0,32,41.5,48.5,76.3,52.9,71.3,78.2,0,26,0.0,0,0,0,158.3,3,35,40,0,1,3,2,46,19,1.4,15.3
Dee Winters,99376,LB,SF,18,7,3.1,82.5,89.8,6.8,5.6,1,0,3,3.1,28,59.6,60.1,33.4,56.4,64.3,53.2,1,24,15.5,11,3,3,103.4,80,578,644,23,53,97,5,554,412,1.0,6.9
Tykee Smith,99500,S,TB,16,8,8.9,71.1,94.5,20.5,14.6,1,0,7,18.4,30,56.8,65.8,85.7,87.9,72.4,68.7,1,63,6.1,3,6,1,118.5,27,580,614,6,38,38,3,382,190,0.7,14.1
Darien Porter,99553,CB,LV,13,3,15.3,61.3,100.0,15.6,9.6,2,0,4,12.9,23,52.2,54.4,86.7,,59.5,48.6,0,44,13.8,4,3,4,87.6,19,319,319,3,22,31,0,256,58,0.9,13.5
Garrett Williams,99723,CB,ARZ,10,4,9.0,72.2,97.3,11.7,8.4,0,0,3,8.3,1,64.2,62.5,83.0,48.5,56.1,29.1,1,67,20.6,7,3,2,132.9,26,322,331,5,23,36,6,368,187,1.2,14.2
Demetrius Knight Jr.,99728,LB,CIN,17,9,3.3,77.4,89.2,8.3,6.4,1,0,4,6.5,7,45.2,40.2,89.0,63.3,34.4,46.9,2,39,14.8,8,3,2,115.7,48,422,473,14,37,62,5,531,406,1.3,11.1
Jarvis Brownlee Jr.,99734,CB,NYJ,9,5,5.1,77.3,97.7,7.0,5.4,1,1,3,6.8,22,49.5,50.6,0.0,47.1,77.7,73.4,0,26,8.6,3,1,9,108.9,34,257,263,12,27,44,2,288,165,1.2,8.5
SirVocea Dennis,99767,LB,TB,16,6,4.3,90.0,86.6,9.2,8.3,0,0,2,3.3,30,30.5,49.1,83.6,73.6,68.2,55.4,1,50,19.3,11,1,0,114.9,54,522,603,15,40,60,2,635,434,1.3,11.8
Ruke Orhorhoro,99768,DI,ATL,17,0,,,0.3,,,0,0,0,,2,59.5,37.3,62.3,53.5,30.1,47.6,0,,100.0,2,0,2,0.0,0,1,391,4,0,0,0,0,0,0.0,
Renardo Green,99773,CB,SF,16,1,13.9,52.1,100.0,14.2,7.4,3,0,10,14.1,28,54.7,54.8,66.9,,54.9,75.8,0,40,4.5,2,7,6,81.0,37,557,557,6,41,71,2,445,109,0.8,12.0
Kyu Blu Kelly,100375,CB,LV,12,2,13.3,69.4,100.0,9.7,6.7,0,1,3,6.1,23,48.4,51.9,87.5,,63.9,68.7,3,60,6.7,2,3,3,106.7,34,354,354,6,26,49,4,530,133,1.6,15.6
Trikweze Bridges,100378,CB,DAL,10,1,16.4,57.1,100.0,9.7,5.5,0,0,1,3.6,9,48.6,49.3,82.8,43.1,58.8,54.0,1,42,11.8,2,1,0,107.7,16,168,168,5,14,28,3,250,41,1.6,15.6
D.J. James,100379,CB,NE,1,0,10.0,100.0,100.0,2.0,2.0,0,0,0,0.0,19,46.1,44.2,68.3,,,71.4,0,11,0.0,0,0,0,112.5,1,2,2,0,1,1,0,11,1,5.5,11.0
Carl Jones Jr.,100406,LB,BLT,1,0,,,100.0,,,0,0,0,,3,60.0,61.2,60.0,,,,0,,,0,0,0,0.0,0,1,1,0,0,0,0,0,0,0.0,
Nahshon Wright,100412,CB,CHI,19,6,12.1,64.5,99.6,11.2,7.2,2,2,8,8.6,6,64.8,65.9,36.4,73.4,71.2,63.7,5,44,10.2,6,7,8,98.0,60,704,707,11,47,93,8,800,248,1.2,13.3
Brandon Dorlus,100452,DI,ATL,15,0,-6.0,100.0,0.3,1.0,1.0,0,0,0,0.0,2,55.8,63.4,86.6,62.0,61.6,30.4,0,-1,80.0,4,0,0,79.2,1,1,315,9,1,1,0,-1,5,-1.0,-1.0
Laiatu Latu,100551,ED,IND,16,1,5.4,100.0,12.9,12.6,12.6,1,0,0,0.0,14,88.3,84.1,50.6,77.0,72.4,61.6,3,14,30.0,3,0,4,72.1,5,65,502,11,6,5,0,54,27,0.9,10.8
Jamal Hill,100609,LB,HST,2,0,,,100.0,,,0,0,0,,13,61.9,64.4,67.0,,62.0,77.5,0,,,0,0,0,0.0,0,2,2,0,0,0,0,0,0,0.0,
Craig Woodson,100612,S,NE,21,6,8.7,63.8,94.4,23.0,14.7,0,2,5,10.6,19,63.0,72.2,88.4,60.6,89.7,80.6,1,23,11.5,6,5,1,108.8,30,726,769,11,40,47,6,257,85,0.4,8.6
Sauce Gardner,100903,CB,IND,11,2,10.2,48.6,98.3,18.8,9.1,1,1,9,25.7,14,75.6,76.9,54.3,39.6,84.5,81.4,0,43,4.8,1,8,5,87.9,17,343,349,5,18,35,2,221,66,0.7,13.0
Ja'Quan McMillian,100931,CB,DEN,19,5,7.2,67.9,93.6,10.1,6.8,0,1,4,4.9,10,78.9,80.8,86.2,81.9,68.0,76.6,3,61,9.6,5,3,2,77.3,55,588,628,23,42,81,2,502,243,0.9,9.1
JL Skinner,101311,S,DEN,3,0,25.0,0.0,100.0,,20.0,0,0,1,100.0,10,42.8,42.1,76.4,,61.6,,0,,,0,0,1,39.6,0,22,22,0,0,1,0,0,0,0.0,
Jerrick Reed II,101322,S,TEN,2,0,8.3,100.0,100.0,13.3,13.3,0,0,0,0.0,31,59.1,53.5,75.3,,45.8,61.0,0,11,0.0,0,0,0,100.0,3,43,43,1,3,3,0,24,-1,0.6,8.0
Joey Porter Jr.,101364,CB,PIT,15,2,9.9,47.8,99.7,17.5,8.4,3,2,16,23.9,25,76.6,70.1,45.0,59.5,41.3,55.6,1,21,7.1,3,13,9,55.9,32,597,599,9,37,67,0,325,86,0.6,10.2
DJ Turner II,101376,CB,CIN,17,7,13.3,46.8,100.0,19.1,8.9,1,2,16,25.8,7,78.1,73.3,88.9,,37.9,60.5,2,39,9.1,3,13,3,77.3,29,580,580,2,23,62,4,419,102,0.8,14.4
Deonte Banks,101384,CB,NYG,14,0,11.8,81.3,99.6,10.0,8.1,3,0,4,12.5,21,45.0,42.4,46.2,67.3,36.7,52.3,0,36,5.0,1,1,7,149.7,26,282,283,5,19,32,4,334,58,1.3,12.8
Devon Witherspoon,101388,CB,SEA,15,10,6.9,76.9,95.3,9.1,7.0,0,0,9,11.5,29,83.6,90.1,86.3,92.9,90.1,75.4,1,48,9.1,6,8,3,106.3,60,569,597,25,50,78,3,611,287,1.1,10.2
Dane Belton,101398,S,NYG,17,12,7.9,68.4,95.9,15.8,10.8,0,0,4,10.5,21,59.8,62.3,56.5,51.8,70.7,90.6,1,51,2.0,1,4,3,102.5,26,443,462,9,36,38,3,256,115,0.6,9.8
David Ojabo,101420,ED,BLT,13,1,,,2.2,,,0,0,0,,3,63.6,53.2,83.9,52.4,53.8,51.7,0,,0.0,0,0,0,0.0,0,2,92,0,1,0,0,0,0,0.0,
Mike Morris,101421,DI,SEA,14,0,,,6.7,,,0,0,0,,29,53.9,60.8,49.5,61.0,63.2,36.2,0,,100.0,1,0,1,0.0,0,7,104,0,0,0,0,0,0,0.0,
Sam Okuayinonu,101425,ED,SF,17,0,2.0,0.0,3.3,,13.0,0,0,0,0.0,28,79.7,60.7,81.2,57.5,52.8,57.7,0,,40.0,4,0,1,39.6,0,13,393,9,6,1,0,0,0,0.0,
Leo Chenal,101463,LB,KC,14,3,3.9,85.7,54.6,10.0,8.6,0,0,0,0.0,16,72.6,75.1,85.0,57.2,76.2,71.5,1,47,7.1,1,0,0,98.8,12,130,238,9,10,14,1,128,104,1.1,10.7
Maema Njongmeta,101465,LB,CAR,1,0,,,75.0,,,0,0,0,,5,44.1,34.9,67.1,60.0,60.0,,0,,,0,0,0,0.0,0,3,4,0,0,0,0,0,0,0.0,
Tommy Eichenberg,101488,LB,LV,8,1,2.0,100.0,88.2,8.8,8.8,0,0,0,0.0,23,53.8,58.2,79.7,64.3,62.1,82.8,0,9,0.0,0,0,0,89.2,5,45,51,1,5,5,0,27,17,0.6,5.4
Jack Campbell,101515,LB,DET,17,8,4.6,73.8,87.3,12.4,9.2,0,1,2,3.3,11,71.4,90.2,68.6,72.4,93.0,81.4,0,42,14.5,8,2,2,112.2,45,599,686,24,39,61,4,392,287,0.7,8.7
Keeanu Benton,101536,DI,PIT,18,0,,,1.1,,,0,0,0,,25,60.2,58.2,79.4,74.5,41.5,37.0,0,,50.0,1,0,1,0.0,0,5,464,7,1,0,0,0,0,0.0,
Jaquan Brisker,101665,S,CHI,19,7,9.8,72.0,90.3,17.3,12.5,1,0,8,16.0,6,54.1,64.6,41.9,72.3,79.0,82.5,1,45,7.8,4,5,4,111.6,36,660,731,11,40,50,4,374,143,0.6,10.4
Alijah Huzzie,101807,CB,HST,1,0,1.0,100.0,92.3,6.0,6.0,0,0,0,0.0,13,91.1,90.6,73.0,57.2,74.1,79.0,1,4,0.0,0,0,0,43.8,2,12,13,2,2,2,0,8,6,0.7,4.0
Jared Verse,101912,ED,LA,20,3,7.5,100.0,2.8,8.5,8.5,1,0,0,0.0,26,90.1,80.8,56.7,81.3,62.4,29.7,0,13,33.3,5,0,4,118.8,2,18,654,12,7,2,0,26,11,1.5,13.0
Xavier Smith,102585,WR,LA,1,0,,,100.0,,,1,0,0,,26,71.0,72.2,60.0,,,71.4,0,,0.0,0,0,4,0.0,0,1,1,0,1,0,0,0,0,0.0,
Kyle Hamilton,102684,S,BLT,16,14,6.6,71.2,89.5,15.2,10.8,1,1,8,15.4,3,84.3,86.3,21.1,91.5,78.7,76.5,0,42,3.4,2,4,6,112.6,37,590,659,12,43,52,3,399,249,0.7,10.8
Isaiah Foskey,102728,ED,CIN,2,0,,,4.5,,,0,0,0,,7,48.8,56.0,76.4,76.5,45.1,24.0,0,,100.0,2,0,0,0.0,0,1,22,0,0,0,0,0,0,0.0,
JD Bertrand,102787,LB,ATL,5,1,4.8,76.5,94.5,6.2,4.8,0,0,2,11.8,2,34.9,43.2,79.2,74.6,55.6,64.1,0,18,11.1,1,1,0,138.4,13,86,91,0,7,17,2,136,101,1.7,10.5
Marist Liufau,102789,LB,DAL,17,0,4.8,93.3,77.9,4.4,4.1,0,0,0,0.0,9,28.5,40.7,24.0,56.5,68.9,28.5,0,36,38.5,5,0,1,135.3,14,67,86,1,8,15,1,167,112,2.7,11.9
Cam Hart,102955,CB,LAC,17,3,12.8,60.0,99.3,10.6,6.4,0,0,10,15.4,27,59.9,60.1,86.5,76.8,53.6,49.8,1,45,10.5,4,10,3,102.6,39,441,444,5,31,65,4,568,159,1.4,14.6
Jarius Monroe,103580,S,NYJ,2,0,,,100.0,,,0,0,0,,22,45.0,44.5,99.9,,60.0,,0,,,0,0,0,0.0,0,3,3,0,0,0,0,0,0,0.0,
Kei'Trel Clark,104163,CB,ARZ,10,0,13.9,75.0,100.0,9.4,7.1,0,0,2,12.5,1,54.1,56.1,82.2,,63.9,39.1,0,38,15.4,2,2,1,131.5,12,121,121,2,11,16,1,177,33,1.6,14.8
PJ Jules,104232,S,CIN,1,0,,,100.0,,,0,0,0,,7,61.0,73.3,66.1,,69.9,76.4,0,,,0,0,0,0.0,0,2,2,0,0,0,0,0,0,0.0,
Branson Combs,105001,LB,JAX,4,0,5.5,100.0,82.6,9.5,9.5,0,0,0,0.0,15,59.0,54.0,73.4,52.8,54.7,71.4,0,8,,0,0,0,93.8,2,19,23,0,0,2,0,13,2,0.7,6.5
Chris Edmonds,105737,S,CLV,1,0,,,100.0,,,0,0,0,,8,60.0,63.7,64.6,,60.6,,0,,,0,0,0,0.0,0,1,1,0,0,0,0,0,0,0.0,
Jalyx Hunt,105989,ED,PHI,18,1,1.9,50.0,16.1,13.0,6.5,0,1,0,0.0,24,70.8,67.1,77.0,66.3,58.8,52.8,3,14,41.7,5,0,2,19.6,5,69,429,10,6,10,0,37,23,0.6,7.4
Brandon Codrington,106248,CB,BUF,1,0,,,100.0,,,0,0,0,,4,66.0,66.3,70.9,,60.0,,0,,,0,0,0,0.0,0,8,8,0,0,0,0,0,0,0.0,
Truman Jones,106527,ED,TEN,9,0,,,3.0,,,0,0,0,,31,62.2,58.2,81.2,54.9,60.2,64.1,0,,50.0,1,0,0,0.0,0,2,67,1,1,0,0,0,0,0.0,
Dom Jones,106697,CB,CLV,5,0,10.4,71.4,100.0,4.4,3.1,0,0,0,0.0,8,45.8,51.2,76.4,,68.6,77.6,0,39,0.0,0,0,0,136.3,5,25,25,0,2,7,2,59,6,2.7,11.8
Joe Andreessen,108177,LB,BUF,8,1,3.4,80.0,89.1,9.8,7.8,0,0,0,0.0,4,52.4,68.1,77.4,75.2,74.6,34.1,0,13,33.3,2,0,0,81.7,4,41,46,0,3,5,0,18,5,0.5,4.5
Rodney Thomas II,108389,S,IND,17,2,6.0,80.0,97.7,30.3,24.2,0,0,0,0.0,14,69.5,73.5,82.7,64.7,69.0,88.9,0,22,0.0,0,0,0,100.8,4,126,129,1,5,5,0,41,22,0.3,10.3
Michael Hoecht,108840,ED,BUF,2,0,,,4.3,,,0,0,0,,4,62.2,60.1,3.2,71.6,45.8,39.2,0,,0.0,0,0,1,0.0,0,2,46,2,1,0,0,0,0,0.0,
Dee Alford,110542,CB,ATL,15,1,9.8,65.4,94.2,6.8,4.5,1,0,9,11.5,2,56.5,52.8,84.7,60.4,34.8,54.1,3,58,10.0,5,3,5,77.1,51,373,396,18,44,78,2,524,209,1.5,10.3
D'Anthony Bell,111578,S,CAR,6,0,-0.8,75.0,96.4,15.7,11.8,0,0,0,0.0,5,69.1,75.0,75.8,76.0,68.4,65.0,0,12,0.0,0,0,0,90.6,3,54,56,4,5,4,0,25,21,0.5,8.3
Darrell Luter Jr.,121428,CB,SF,8,1,10.8,66.7,100.0,14.4,9.6,2,0,2,11.1,28,51.0,56.8,83.9,,82.0,58.1,0,38,12.5,2,1,3,132.2,12,184,184,1,13,18,2,162,28,0.9,13.5
Natrone Brooks,121449,CB,ATL,5,0,13.9,66.7,100.0,8.3,5.6,0,0,2,22.2,2,54.8,58.7,77.3,,73.3,50.2,0,36,25.0,1,2,0,146.5,6,53,53,0,3,9,1,112,18,2.2,18.7
Mac McWilliams,121497,CB,PHI,2,0,11.5,50.0,100.0,13.0,6.5,0,0,0,0.0,24,29.9,36.9,73.4,,66.9,23.2,0,2,100.0,1,0,1,95.8,1,16,16,0,0,2,1,2,0,0.2,2.0
Cam'Ron Jackson,121769,DI,CAR,8,0,,,7.4,,,0,0,0,,5,54.7,46.5,80.5,58.0,46.3,28.4,0,,,0,0,0,0.0,0,2,27,0,0,0,0,0,0,0.0,
Upton Stout,121906,CB,SF,18,10,5.9,73.5,90.8,6.5,4.8,1,0,8,9.6,28,58.2,62.0,57.4,72.2,68.4,69.8,0,34,10.6,7,6,8,98.1,61,423,466,20,49,83,1,612,320,1.5,10.0
Zion Childress,121963,S,DAL,1,0,,,100.0,,,0,0,0,,9,60.8,61.4,68.4,,60.0,,0,,,0,0,0,0.0,0,3,3,0,0,0,0,0,0,0.0,
Tyrice Knight,122025,LB,SEA,12,7,2.4,96.2,89.6,6.7,6.5,0,1,0,0.0,29,65.0,78.6,82.7,93.9,70.2,57.9,0,65,15.2,5,0,0,105.3,25,180,201,12,21,26,0,241,182,1.4,9.6
Bryan Bresee,122142,DI,NO,15,0,,,0.5,,,0,0,0,,20,63.5,52.9,55.9,62.5,46.2,27.3,0,,80.0,4,0,3,0.0,0,2,373,2,1,0,0,0,0,0.0,
R.J. Mickens,122153,S,LAC,11,3,6.2,40.0,99.6,57.5,23.0,0,1,0,0.0,27,74.2,70.8,85.4,59.1,50.5,57.4,2,11,6.3,1,0,0,8.3,4,239,240,1,12,10,0,28,12,0.1,7.0
Myles Murphy,122154,ED,CIN,17,1,6.0,100.0,2.7,11.0,11.0,1,0,0,0.0,7,53.8,64.2,57.3,63.5,64.8,57.6,0,9,15.4,2,0,3,104.2,1,11,403,9,10,1,0,9,3,0.8,9.0
Trenton Simpson,122157,LB,BLT,16,5,4.6,80.0,80.6,8.0,6.4,1,0,1,3.3,3,57.9,70.7,84.1,67.0,79.6,66.7,0,30,16.1,5,1,1,86.7,24,200,248,11,21,30,0,144,88,0.7,6.0
Elijah Roberts,122222,DI,TB,17,0,,,2.4,,,1,0,0,,30,57.9,50.5,58.6,63.0,41.4,75.3,0,,0.0,0,0,2,0.0,0,8,334,3,1,0,0,0,0,0.0,
Aeneas Peebles,122379,DI,BLT,6,0,,,3.6,,,0,0,0,,3,61.3,59.6,78.9,62.3,52.3,70.2,0,,0.0,0,0,0,0.0,0,2,55,0,1,0,0,0,0,0.0,
Kyle Kennard,122483,ED,LAC,5,0,2.0,100.0,12.2,2.0,2.0,0,0,0,0.0,27,29.9,47.3,80.2,53.4,59.8,25.9,0,11,50.0,1,0,0,101.4,3,6,49,0,1,3,0,25,19,4.2,8.3
Xavier Hutchinson,122518,WR,HST,1,0,,,100.0,,,1,0,0,,13,60.7,70.6,89.4,,,,0,,,0,0,3,0.0,0,1,1,0,0,0,0,0,0,0.0,
T.J. Tampa,122537,CB,BLT,13,0,12.2,61.5,100.0,10.5,6.5,0,0,2,15.4,3,72.8,65.1,82.0,,29.6,65.8,1,24,0.0,0,1,1,83.3,8,90,90,2,7,13,2,70,17,0.8,8.8
Trey Amos,122628,CB,WAS,10,2,11.5,67.6,100.0,12.3,8.3,1,0,6,17.6,32,58.8,55.8,84.7,,39.7,44.4,0,60,17.9,5,4,2,108.1,23,308,308,6,21,34,1,325,142,1.2,14.1
Yaya Diaby,122705,ED,TB,17,0,2.5,90.0,12.9,7.2,6.5,0,0,0,0.0,30,42.4,72.0,58.2,76.9,67.1,43.9,0,20,29.4,5,0,3,97.1,9,67,520,16,12,10,0,73,62,1.1,8.1
Greedy Vance Jr.,122729,CB,LV,6,0,8.4,77.8,94.5,9.4,7.3,1,0,0,0.0,23,56.3,56.4,0.0,63.0,72.8,61.6,0,17,16.7,1,0,1,98.6,7,69,73,1,5,9,0,69,26,1.0,9.9
Cedric Gray,122835,LB,TEN,16,12,3.6,89.4,88.7,7.5,6.7,1,0,2,3.0,31,59.0,79.0,6.0,55.4,92.7,75.4,0,31,11.3,8,2,5,111.2,59,472,532,22,51,66,2,546,354,1.2,9.3
Xavier Watts,122914,S,ATL,17,8,10.4,70.0,99.4,29.7,20.8,0,0,5,16.7,2,73.1,72.4,88.3,52.0,68.5,74.3,5,50,6.0,3,4,1,101.5,21,662,666,6,39,30,3,341,152,0.5,16.2
Korie Black,122958,CB,NYG,6,3,15.6,83.3,100.0,10.4,8.7,0,0,1,8.3,21,46.4,51.0,79.8,,66.8,86.0,0,40,0.0,0,1,1,158.3,10,109,109,2,8,12,3,224,78,2.2,22.4
Marlowe Wax,123057,LB,LAC,1,0,,,81.8,,,0,0,0,,27,60.3,69.1,74.3,53.5,76.0,65.6,0,,0.0,0,0,0,0.0,0,18,22,1,2,0,0,0,0,0.0,
Jahdae Barron,123105,CB,DEN,19,4,11.3,65.1,96.6,8.5,5.6,1,1,3,7.0,10,45.4,49.5,82.6,47.6,73.2,53.9,1,41,18.8,6,3,3,90.6,28,255,264,9,22,43,2,293,151,1.2,10.5
Vernon Broughton,123107,DI,NO,1,2,,,7.1,,,0,0,0,,20,59.5,60.1,75.9,51.5,67.9,70.1,0,,0.0,0,0,0,0.0,0,1,14,0,0,0,0,0,0,0.0,
Alfred Collins,123110,DI,SF,18,1,,,0.6,,,0,0,0,,28,56.3,35.0,87.1,59.4,28.5,40.4,0,,75.0,3,0,0,0.0,0,2,313,1,0,0,0,0,0,0.0,
Kitan Crawford,123111,S,ARZ,12,1,6.8,75.0,97.7,26.7,20.0,0,0,2,50.0,1,71.8,70.8,79.6,56.5,58.1,69.9,0,9,0.0,0,1,0,120.8,3,85,87,2,5,4,1,16,6,0.2,5.3
Jaylan Ford,123114,LB,NO,1,1,4.0,100.0,100.0,7.0,7.0,0,0,0,0.0,20,79.1,82.9,69.9,,,72.5,0,4,0.0,0,0,0,83.3,1,7,7,1,1,1,0,4,0,0.6,4.0
Kobee Minor,123148,CB,NE,2,0,,,100.0,,,0,0,0,,19,64.0,63.9,82.0,,60.3,31.2,0,,,0,0,0,0.0,0,24,24,0,0,0,0,0,0,0.0,
Keonta Jenkins,123352,LB,BUF,1,0,1.0,50.0,100.0,8.0,4.0,0,0,0,0.0,4,53.0,60.8,73.3,,66.4,80.1,0,10,0.0,0,0,0,64.6,1,9,9,0,2,2,0,10,6,1.3,10.0
Dorian Strong,123366,CB,BUF,3,0,6.6,80.0,98.0,11.8,9.4,0,0,0,0.0,4,57.2,62.9,79.1,72.0,69.4,80.4,0,36,0.0,0,0,1,111.7,4,48,49,3,5,5,0,54,47,1.1,13.5
Caelen Carson,123377,CB,DAL,6,0,12.7,64.7,100.0,13.2,8.5,0,0,1,5.9,9,52.7,54.8,11.3,,76.3,66.7,0,58,16.7,2,1,2,102.1,11,155,155,3,10,17,0,188,42,1.3,17.1
Daryl Porter Jr.,123429,CB,PIT,1,0,,,100.0,,,0,0,0,,25,60.0,60.5,64.5,,,,0,,,0,0,0,0.0,0,1,1,0,0,0,0,0,0,0.0,
LaJohntay Wester,123616,WR,BLT,1,0,,,100.0,,,0,0,0,,3,60.0,61.2,60.0,,,,0,,,0,0,0,0.0,0,1,1,0,0,0,0,0,0,0.0,
Corey Thornton,123763,CB,CAR,6,1,11.4,50.0,96.3,10.6,5.3,1,1,3,21.4,5,67.6,68.5,79.2,72.8,60.3,70.8,0,22,0.0,0,2,1,64.3,7,78,81,3,8,14,0,69,40,0.9,9.9
Will Anderson Jr.,123903,ED,HST,19,0,-8.0,100.0,0.4,2.0,2.0,0,0,0,0.0,13,76.9,93.1,37.4,92.5,78.6,51.5,0,-10,35.7,5,0,6,79.2,1,2,531,21,9,1,0,-10,-2,-5.0,-10.0
Brian Branch,123907,S,DET,12,5,11.9,56.8,95.8,19.2,10.9,2,1,7,18.9,11,74.0,77.5,0.0,81.5,82.6,87.7,0,41,5.3,2,6,9,119.3,21,435,454,10,31,37,4,301,73,0.7,14.3
Chris Braswell,123908,ED,TB,17,0,1.6,71.4,20.3,6.6,4.7,1,0,0,0.0,30,50.4,57.6,5.8,69.0,59.5,72.2,0,18,0.0,0,0,4,93.2,5,35,172,4,5,7,0,53,46,1.6,10.6
Malachi Moore,123928,S,NYJ,17,3,8.9,64.5,97.2,24.3,15.6,1,0,2,6.5,22,54.0,58.9,83.9,40.2,70.1,65.9,0,40,8.7,4,2,2,116.1,20,514,529,6,39,31,2,288,179,0.6,14.4
Quandarrius Robinson,123932,ED,DEN,7,0,,,13.5,,,0,0,0,,10,59.0,65.4,85.3,62.0,63.7,57.3,0,,100.0,1,0,0,0.0,0,12,89,2,0,0,0,0,0,0.0,
Warren Brinson,124013,DI,GB,12,0,,,2.8,,,0,0,0,,12,53.1,44.2,40.6,66.8,36.7,29.7,0,,0.0,0,0,2,0.0,0,5,178,0,1,0,0,0,0,0.0,
Kelee Ringo,124035,CB,PHI,9,0,16.0,54.5,100.0,14.9,8.1,0,0,4,18.2,24,49.2,55.3,83.7,,80.9,56.2,0,34,15.8,3,1,7,82.8,12,197,197,1,16,22,0,186,41,1.0,15.5
Andru Phillips,124075,CB,NYG,17,1,6.6,73.7,96.7,8.2,6.0,1,0,8,10.5,21,65.4,63.0,31.6,57.3,58.0,56.6,2,33,10.7,6,8,10,95.4,56,495,512,24,49,76,3,543,278,1.2,9.7
Dwight McGlothern,124103,CB,MIN,3,0,17.0,0.0,100.0,,16.0,0,0,0,0.0,18,44.9,50.4,75.4,,69.1,,0,,,0,0,1,39.6,0,17,17,0,0,1,0,0,0,0.0,
BJ Ojulari,124105,ED,ARZ,8,0,1.3,100.0,23.4,5.5,5.5,0,0,0,0.0,1,41.6,49.0,51.8,51.6,59.1,54.5,0,17,50.0,1,0,1,110.4,4,22,94,1,1,4,0,42,37,1.9,10.5
Cedric Johnson,124136,ED,CIN,9,0,2.5,100.0,3.4,2.5,2.5,0,0,0,0.0,7,49.6,46.1,55.0,47.7,59.8,29.2,0,30,80.0,4,0,1,158.3,2,5,147,2,1,2,1,40,35,8.0,20.0
Austin Keys,124137,LB,ARZ,1,0,,,40.0,,,0,0,0,,1,61.0,83.8,71.5,87.9,58.1,71.4,0,,,0,0,0,0.0,0,2,5,1,0,0,0,0,0,0.0,
Deane Leonard,124140,CB,LAC,3,0,,,100.0,,,0,0,0,,27,69.0,69.6,74.1,,64.1,72.8,0,,0.0,0,0,0,0.0,0,19,19,0,1,0,0,0,0,0.0,
Tavius Robinson,124147,ED,BLT,10,0,-7.0,100.0,6.1,16.0,16.0,0,0,0,0.0,3,71.5,50.3,73.3,54.4,42.4,73.2,0,8,25.0,2,0,1,100.0,1,17,278,6,6,1,0,8,15,0.5,8.0
Emmanuel Forbes,124166,CB,LA,20,6,12.1,58.5,99.3,11.4,6.6,1,0,15,18.3,26,56.3,53.9,42.0,50.6,48.7,26.9,3,75,22.9,11,13,5,100.4,48,577,581,7,31,82,7,715,223,1.3,14.9
Decamerion Richardson,124183,CB,LV,1,0,11.0,50.0,100.0,6.0,3.0,0,0,0,0.0,23,77.5,77.0,72.4,,61.0,72.8,0,6,0.0,0,0,0,56.3,1,6,6,1,1,2,0,6,5,1.0,6.0
Tyrus Wheat,124191,ED,DET,10,0,,,2.1,,,0,0,0,,11,60.0,82.3,81.5,80.5,62.4,73.1,0,,,0,0,0,0.0,0,1,48,2,0,0,0,0,0,0.0,
Kris Abrams-Draine,124194,CB,DEN,9,0,8.8,76.0,100.0,8.0,6.1,0,0,1,4.0,10,53.6,55.8,83.1,,69.5,65.0,0,18,9.5,2,0,0,97.3,19,163,163,4,19,25,0,191,63,1.3,10.1
Jaylon Carlies,124196,LB,IND,1,0,,,50.0,,,0,0,0,,14,60.0,58.4,66.3,59.4,,,0,,,0,0,0,0.0,0,1,2,0,0,0,0,0,0,0.0,
Jordan Burch,124227,ED,ARZ,17,1,11.0,100.0,10.3,13.0,13.0,0,0,0,0.0,1,52.7,49.0,72.4,51.0,51.4,71.9,0,33,0.0,0,0,1,118.8,2,27,263,1,0,2,0,40,18,1.5,20.0
Tonka Hemingway,124238,DI,LV,9,0,,,0.9,,,0,1,0,,23,58.5,37.6,82.7,57.5,29.7,29.5,0,,100.0,1,0,0,0.0,0,1,117,4,0,0,0,0,0,0.0,
Tyler Baron,124268,ED,NYJ,5,0,,,2.0,,,0,0,0,,22,53.7,53.7,83.5,56.7,55.6,34.1,0,,0.0,0,0,0,0.0,0,1,49,1,1,0,0,0,0,0.0,
Edgerrin Cooper,124311,LB,GB,17,10,3.1,82.9,89.1,8.6,7.1,0,1,5,6.6,12,74.8,75.8,85.5,67.4,71.0,57.9,0,44,13.2,9,5,0,94.4,63,574,644,23,49,76,0,505,353,0.9,8.0
Fadil Diggs,124314,ED,NO,4,0,3.0,100.0,26.3,5.0,5.0,0,0,0,0.0,20,43.1,29.1,0.0,51.2,43.6,,0,9,,0,0,2,104.2,1,5,19,0,0,1,0,9,6,1.8,9.0
McKinnley Jackson,124324,DI,CIN,9,0,,,1.4,,,0,0,0,,7,60.0,62.1,81.6,55.4,63.8,72.5,0,,,0,0,0,0.0,0,1,69,0,0,0,0,0,0,0.0,
Antonio Johnson,124326,S,JAX,17,6,7.4,67.6,96.0,19.2,13.0,0,0,3,8.8,15,87.6,86.9,85.6,75.5,73.5,86.7,5,48,2.4,1,3,1,53.4,23,477,497,14,35,34,1,202,77,0.5,8.8
Jaylon Jones,124328,CB,IND,9,1,9.3,57.7,98.4,8.0,4.6,1,0,4,15.4,14,38.0,42.5,11.1,53.8,74.3,58.5,0,37,16.7,2,2,3,104.0,15,124,126,1,9,26,2,176,59,1.5,11.7
Gervon Dexter Sr.,124374,DI,CHI,19,1,,,0.8,,,1,0,0,,6,62.9,55.7,49.4,70.5,42.8,32.1,0,,0.0,0,0,4,0.0,0,4,471,9,6,0,0,0,0,0.0,
Princely Umanmielen,124398,ED,CAR,17,1,3.3,100.0,9.4,4.7,4.7,0,0,0,0.0,5,39.6,49.8,83.9,57.1,48.2,51.2,0,14,25.0,1,0,0,108.3,3,15,159,3,2,3,0,30,20,2.1,10.0
Jaylin Noel,125155,WR,HST,1,0,,,100.0,,,0,0,0,,13,60.7,70.2,60.0,,,,0,,,0,0,0,0.0,0,1,1,0,0,0,0,0,0,0.0,
Marques Sigle,125305,S,SF,11,2,12.6,86.2,98.2,10.5,9.1,0,0,2,6.9,28,31.2,38.9,83.2,60.3,65.0,69.0,0,45,14.3,4,2,4,151.9,25,280,285,6,22,29,3,353,44,1.3,14.1
Segun Olubi,128312,LB,IND,1,0,,,100.0,,,0,0,0,,14,61.0,64.4,64.8,,61.3,,0,,,0,0,0,0.0,0,2,2,0,0,0,0,0,0,0.0,
Nohl Williams,128375,CB,KC,14,3,10.4,54.3,97.2,13.5,7.3,2,1,7,20.0,16,75.6,74.5,0.0,73.9,74.7,69.5,0,53,10.7,3,4,6,83.4,19,273,281,11,22,35,1,223,90,0.9,11.7
Reuben Lowery III,129393,S,IND,3,2,3.5,83.3,95.2,7.4,6.2,0,0,0,0.0,14,32.5,34.0,75.8,56.8,60.4,83.1,0,11,0.0,0,0,0,130.6,5,40,42,0,1,6,2,35,21,0.9,7.0
Jer'Zhan Newton,129420,DI,WAS,17,1,-3.0,0.0,0.9,,2.0,0,0,0,0.0,32,63.5,47.5,54.1,66.8,36.7,78.2,0,,0.0,0,0,2,39.6,0,2,230,5,2,1,0,0,0,0.0,
Yahya Black,129460,DI,PIT,18,0,,,1.3,,,0,0,1,,25,62.4,49.9,70.3,53.8,49.4,34.3,0,,50.0,2,1,1,0.0,0,3,228,0,2,0,0,0,0,0.0,
Jay Higgins,129469,LB,BLT,1,0,2.0,100.0,75.0,3.0,3.0,0,0,0,0.0,3,44.7,45.6,70.9,59.4,64.5,75.4,0,8,0.0,0,0,0,100.0,1,3,4,0,1,1,0,8,6,2.7,8.0
Lukas Van Ness,129482,ED,GB,10,0,3.0,0.0,7.8,,15.0,0,0,0,0.0,12,68.6,75.7,63.8,71.3,68.2,80.8,0,,33.3,1,0,1,39.6,0,15,193,4,2,1,0,0,0,0.0,
Jakorian Bennett,129496,CB,PHI,5,0,9.6,63.6,100.0,7.0,4.5,0,0,3,27.3,24,29.8,34.0,77.7,,60.3,80.2,0,12,0.0,0,1,4,78.2,7,57,57,0,6,11,0,61,29,1.2,8.7
Beau Brade,129499,S,NYG,1,0,,,100.0,,,0,0,0,,21,60.0,60.0,64.4,,,,0,,,0,0,0,0.0,0,1,1,0,0,0,0,0,0,0.0,
Ruben Hyppolite II,129516,LB,CHI,4,0,,,83.3,,,0,0,0,,6,51.3,46.2,72.9,58.1,51.8,76.2,0,,,0,0,0,0.0,0,10,12,0,0,0,0,0,0,0.0,
Tarheeb Still,129537,CB,LAC,16,3,6.2,74.1,96.7,11.4,8.5,1,0,5,8.6,27,68.6,68.1,86.8,58.8,60.1,32.8,0,49,18.0,9,4,5,100.7,43,525,543,16,38,58,1,433,277,0.9,10.1
Jaylen Harrell,129579,ED,TEN,12,3,4.7,100.0,23.0,15.7,15.7,0,0,0,0.0,31,68.4,63.5,85.8,58.6,59.9,67.0,0,8,0.0,0,0,0,97.2,3,52,226,8,7,3,0,22,8,0.5,7.3
Kris Jenkins,129584,DI,CIN,14,0,,,1.3,,,0,0,0,,7,59.8,53.3,71.8,50.0,58.4,45.7,0,,33.3,2,0,1,0.0,0,4,302,4,4,0,0,0,0,0.0,
Braiden McGregor,129586,ED,NYJ,12,0,,,2.5,,,0,0,0,,22,53.1,41.9,86.9,58.9,33.1,27.4,0,,50.0,3,0,0,0.0,0,3,118,1,3,0,0,0,0,0.0,
Danny Striggow,129668,ED,JAX,10,2,5.0,100.0,4.3,4.0,4.0,0,0,0,0.0,15,70.6,70.3,84.8,59.5,69.9,78.3,0,6,0.0,0,0,0,91.7,1,4,93,2,2,1,0,6,1,1.5,6.0
Lathan Ransom,129755,S,CAR,17,5,10.5,62.5,97.6,23.9,14.9,0,0,1,6.3,5,52.4,59.5,29.9,64.5,85.1,86.8,1,35,4.5,1,1,1,95.3,10,246,252,4,16,16,1,178,90,0.7,17.8
Cody Simon,129757,LB,ARZ,11,9,4.7,73.5,89.3,10.0,7.4,0,0,3,8.8,1,57.9,56.1,84.2,55.3,55.3,36.3,0,22,12.9,4,3,0,104.4,25,266,298,6,18,34,1,255,196,1.0,10.2
Ji'Ayir Brown,129767,S,SF,17,7,10.5,62.5,98.0,18.8,11.8,0,1,4,10.0,28,58.5,63.6,87.2,65.9,71.1,59.5,2,36,14.6,6,2,0,99.1,25,497,507,8,28,40,6,251,123,0.5,10.0
Sanoussi Kane,129820,S,TEN,4,1,11.8,75.0,100.0,14.0,10.5,0,0,0,0.0,31,39.8,42.0,81.6,,68.9,83.6,0,23,0.0,0,0,1,145.8,3,45,45,0,3,4,1,40,18,1.0,13.3
Max Melton,129889,CB,ARZ,9,3,12.5,65.0,99.6,9.3,6.1,0,0,4,10.0,1,56.1,45.1,84.3,59.0,25.8,32.8,0,40,10.7,3,2,4,93.0,26,260,261,4,22,40,0,353,95,1.5,13.6
Nick Herbig,129920,ED,PIT,16,1,4.8,80.0,12.8,6.6,5.3,0,1,2,20.0,25,73.2,87.3,38.0,87.3,72.7,52.4,1,24,25.0,2,2,4,64.2,8,53,414,11,5,10,0,89,44,1.7,11.1
Jordan Turner,129932,LB,DEN,1,1,6.5,50.0,82.4,13.0,6.5,0,0,0,0.0,10,55.1,72.5,73.3,70.2,77.9,77.6,0,6,0.0,0,0,0,56.3,1,14,17,0,0,2,0,6,3,0.5,6.0
Shaun Dolac,130406,LB,LA,3,0,3.0,75.0,82.6,6.3,4.8,0,0,0,0.0,26,68.4,88.5,74.0,64.0,88.2,80.4,0,13,0.0,0,0,0,90.6,3,19,23,0,2,4,0,25,15,1.3,8.3
Adin Huntington,130493,DI,CLV,12,0,,,1.2,,,1,0,0,,8,60.0,64.8,82.7,59.1,64.8,73.8,0,,,0,0,1,0.0,0,1,83,0,0,0,0,0,0,0.0,
Quinyon Mitchell,130628,CB,PHI,17,5,13.6,43.7,100.0,16.1,7.0,0,1,16,18.4,24,80.2,80.3,88.3,,70.5,58.4,2,61,10.0,4,8,6,54.4,38,647,647,5,31,87,1,452,142,0.7,11.9
Byron Murphy II,131252,DI,SEA,20,1,,,1.6,,,0,0,0,,29,74.6,72.8,89.0,77.3,53.4,64.9,0,,11.1,1,0,1,0.0,0,9,578,15,7,0,0,0,0,0.0,
Shemar Turner,131273,ED,CHI,5,0,,,5.6,,,0,0,0,,6,62.0,34.4,81.1,51.4,30.9,27.4,0,,0.0,0,0,0,0.0,0,2,36,0,1,0,0,0,0,0.0,
Omarr Norman-Lott,131624,DI,KC,5,0,,,2.0,,,0,0,0,,16,59.6,54.3,79.5,59.5,50.9,41.3,0,,33.3,1,0,0,0.0,0,1,49,2,2,0,0,0,0,0.0,
Christian Gonzalez,131679,CB,NE,18,5,12.8,43.4,99.5,13.2,5.7,1,2,17,16.0,19,76.9,75.0,88.7,57.8,58.6,90.4,1,52,0.0,0,13,3,57.0,46,637,640,18,52,106,1,498,99,0.8,10.8
Noah Sewell,131722,LB,CHI,12,3,4.9,82.1,85.4,7.9,6.5,0,0,0,0.0,6,29.3,41.9,47.6,42.5,70.5,30.6,0,41,23.1,6,0,2,133.5,23,193,226,4,17,28,3,209,151,1.1,9.1
Tuli Tuipulotu,131840,ED,LAC,17,3,5.3,75.0,10.3,8.2,6.1,0,0,0,0.0,27,35.2,67.8,89.1,73.7,58.8,31.1,0,48,52.9,9,0,0,110.4,6,51,496,16,5,8,0,88,70,1.8,14.7
Connor O'Toole,131869,ED,SEA,4,0,,,11.1,,,0,0,0,,29,60.0,62.6,77.1,52.8,65.0,,0,,,0,0,0,0.0,0,1,9,0,0,0,0,0,0,0.0,
Carson Bruener,131889,LB,PIT,1,0,,,100.0,,,0,0,0,,25,60.0,61.6,64.2,,60.0,,0,,,0,0,0,0.0,0,1,1,0,0,0,0,0,0,0.0,
Cooper McDonald,131903,ED,KC,4,0,10.5,50.0,81.8,18.0,9.0,0,0,0,0.0,16,47.5,60.7,78.3,52.8,70.0,30.5,0,23,0.0,0,0,0,91.7,1,18,22,0,1,2,0,23,5,1.3,23.0
Chau Smith-Wade,131956,CB,CAR,17,2,5.5,81.1,97.3,9.6,7.8,3,0,1,1.9,5,55.1,55.0,84.7,50.6,55.1,63.4,1,25,13.0,6,1,3,98.1,43,431,443,17,38,53,1,420,215,1.0,9.8
Jaylen Watson,131960,CB,KC,15,2,11.0,59.3,97.1,13.7,8.2,1,0,4,6.8,16,68.4,74.1,87.8,79.9,83.5,77.1,2,39,7.0,3,3,5,69.0,35,511,526,11,38,59,0,447,173,0.9,12.8
Sam Webb,134606,CB,CLV,5,1,9.4,61.5,100.0,10.6,6.5,1,0,1,7.7,8,59.0,57.1,0.0,,60.5,29.6,0,21,25.0,2,1,3,113.8,8,87,87,2,5,13,2,65,19,0.8,8.1
Keondre Jackson,138208,S,BLT,1,0,,,100.0,,,0,0,0,,3,60.0,61.2,60.4,,,,0,,,0,0,0,0.0,0,1,1,0,0,0,0,0,0,0.0,
Keyon Martin,138344,CB,BLT,10,0,4.6,73.3,90.3,8.2,6.0,0,0,1,6.7,3,59.8,53.4,0.0,79.2,29.7,67.0,0,12,8.3,1,1,2,104.0,11,93,103,6,11,15,1,67,54,0.7,6.1
Micah Robinson,139042,CB,TEN,2,2,14.2,50.0,100.0,8.0,4.0,0,0,2,20.0,31,68.4,70.6,77.2,,72.2,53.6,0,29,14.3,1,1,0,79.6,5,43,43,0,4,10,0,86,13,2.2,17.2
Myles Harden,141857,CB,CLV,16,5,6.6,74.2,98.5,7.0,5.2,1,1,4,6.5,8,44.8,48.7,83.9,91.0,57.1,29.7,0,40,22.2,8,3,6,116.7,46,339,344,10,23,62,5,385,259,1.2,8.4
Teddye Buchanan,142172,LB,BLT,14,8,3.8,75.6,85.7,9.6,7.3,0,0,1,2.4,3,49.8,59.9,84.6,55.2,70.8,75.9,0,26,9.5,4,1,0,100.6,31,312,364,8,30,41,1,269,173,0.9,8.7
Malik Mustapha,142358,S,SF,14,4,12.6,65.6,98.0,21.9,14.3,0,1,1,3.1,28,59.5,62.0,86.1,79.1,61.5,56.9,1,44,14.0,6,1,0,96.1,21,482,492,5,33,32,2,242,66,0.5,11.5
Elijah Ponder,142819,ED,NE,19,1,7.5,100.0,9.1,10.5,10.5,0,0,0,0.0,19,51.5,54.6,86.1,56.0,54.6,64.5,0,17,0.0,0,0,0,118.8,2,21,231,4,3,2,0,27,12,1.3,13.5
Donovan Ezeiruaku,143824,ED,DAL,17,0,,,8.3,,,0,0,0,,9,88.7,73.1,62.8,66.8,62.8,37.1,0,,50.0,5,0,2,0.0,0,31,374,6,5,0,0,0,0,0.0,
Brandon Johnson,143858,S,PHI,2,0,,,100.0,,,0,0,0,,24,55.3,57.5,72.5,,64.7,27.9,0,,100.0,1,0,0,0.0,0,16,16,0,0,0,0,0,0,0.0,
Kevin Knowles II,143885,CB,KC,6,0,9.7,33.3,87.7,13.5,4.5,0,0,1,8.3,16,50.1,54.3,78.5,63.5,69.1,48.5,0,13,25.0,1,1,0,42.4,4,57,65,1,3,12,0,22,16,0.4,5.5
Zeek Biggers,143903,DI,MIA,9,1,,,1.5,,,0,0,0,,17,66.0,44.0,84.3,45.7,45.0,40.9,0,,25.0,1,0,0,0.0,0,2,137,2,2,0,0,0,0,0.0,
Kamren Kinchens,143946,S,LA,20,8,6.1,87.2,97.7,18.6,16.2,0,2,5,12.8,26,81.9,78.0,60.2,66.1,69.8,71.4,2,33,9.3,7,5,1,100.9,34,668,684,19,60,39,3,280,89,0.4,8.2
James Williams,143955,LB,TEN,4,3,0.0,80.0,88.9,5.6,4.5,0,0,0,0.0,31,52.9,60.8,74.7,64.7,69.7,51.5,0,18,10.0,1,0,0,91.3,8,48,54,5,6,10,0,59,62,1.3,7.4
Barrett Carter,144109,LB,CIN,16,17,5.3,86.8,91.6,6.6,5.8,0,0,3,4.4,7,35.5,39.5,86.0,48.0,50.0,45.0,1,44,18.2,12,3,0,115.3,59,417,455,12,37,68,2,733,481,1.9,12.4
Andrew Mukuba,144129,S,PHI,11,1,9.9,76.2,99.5,25.3,19.2,1,0,2,9.5,24,46.9,57.6,89.3,78.4,81.0,51.4,2,77,23.5,4,2,1,117.7,16,432,434,5,12,21,3,308,197,0.8,19.3
Jeremiah Trotter Jr.,144142,LB,PHI,4,2,-3.3,100.0,87.8,10.0,10.0,0,0,0,0.0,24,68.5,82.1,75.7,90.8,74.7,40.8,0,5,16.7,1,0,0,80.6,3,36,41,2,3,3,0,10,20,0.3,3.3
Nate Wiggins,144143,CB,BLT,17,2,10.7,59.8,99.7,10.8,6.4,0,2,11,10.8,3,62.8,63.8,89.0,54.7,63.9,60.6,3,40,12.5,8,9,5,73.0,61,690,692,14,54,102,2,656,188,1.0,10.8
Ashton Gillotte,144154,ED,KC,17,0,0.5,100.0,7.6,10.5,10.5,1,0,0,0.0,16,59.0,58.5,89.7,48.7,66.7,59.9,1,34,50.0,3,0,1,79.2,2,22,290,1,3,2,0,41,40,2.0,20.5
Rayuan Lane III,144326,S,JAX,11,0,7.5,66.7,96.0,21.5,14.3,0,0,1,16.7,15,57.6,61.2,80.8,51.0,76.9,32.9,0,14,50.0,2,1,0,75.0,4,97,101,1,2,6,0,25,21,0.3,6.3
Cobee Bryant,144575,CB,ATL,6,1,15.1,85.7,100.0,5.2,4.4,0,0,0,0.0,2,38.1,40.4,79.2,,55.2,56.5,0,45,20.0,2,0,1,142.6,12,68,68,2,7,14,1,196,21,3.2,16.3
Danny Stutsman,144632,LB,NO,12,2,-0.9,90.0,87.0,9.4,8.5,0,0,0,0.0,20,62.7,71.5,80.7,56.6,74.5,59.5,0,10,14.3,2,0,0,89.6,9,87,100,2,10,10,0,55,45,0.6,6.1
Billy Bowman Jr.,144638,CB,ATL,6,3,7.6,66.7,93.5,8.8,5.8,0,0,1,3.3,2,52.8,49.8,80.8,69.8,36.4,36.1,1,54,20.0,4,1,1,75.8,20,188,201,5,13,30,0,231,143,1.3,11.6
Collin Oliver,144664,ED,GB,1,0,,,5.6,,,0,0,0,,12,75.7,54.9,76.4,53.5,47.8,27.5,0,,0.0,0,0,0,0.0,0,1,18,1,1,0,0,0,0,0.0,
Nickolas Martin,144667,LB,SF,1,1,6.3,100.0,90.9,2.5,2.5,0,0,0,0.0,28,47.9,50.2,69.9,60.0,61.9,78.9,0,28,0.0,0,0,0,117.7,4,10,11,1,3,4,0,49,24,4.9,12.3
Barryn Sorrell,144739,ED,GB,13,2,5.0,100.0,5.1,6.0,6.0,1,0,0,0.0,12,64.9,55.4,55.7,51.3,63.0,69.1,0,6,0.0,0,0,1,91.7,1,7,138,1,1,1,0,6,1,1.0,6.0
Cooper DeJean,144867,CB,PHI,17,7,9.7,62.1,96.4,11.4,7.0,4,1,14,16.1,24,79.7,78.0,49.1,58.8,72.5,64.1,2,50,12.5,8,14,6,78.5,54,649,673,18,49,87,1,635,328,1.0,11.8
Dante Trader Jr.,144900,S,MIA,16,1,3.9,88.9,96.2,15.0,13.3,0,0,3,16.7,17,52.8,59.0,82.2,38.1,80.2,54.0,0,42,28.6,8,1,1,130.8,16,255,265,6,19,18,1,197,135,0.8,12.3
Chop Robinson,144901,ED,MIA,15,0,7.8,100.0,9.7,6.5,6.5,2,0,0,0.0,17,54.4,54.8,31.9,59.4,59.0,41.7,0,17,71.4,5,0,4,144.8,4,26,267,6,2,4,1,37,7,1.4,9.3
Kendell Brooks,144946,S,TEN,5,1,7.5,100.0,97.9,21.8,21.8,0,0,0,0.0,31,59.1,61.6,81.4,56.6,66.5,37.6,0,23,30.8,4,0,0,145.8,4,94,96,4,8,4,1,38,13,0.4,9.5
Derrick Harmon,144962,DI,PIT,13,0,,,0.7,,,0,0,0,,25,58.5,49.9,72.6,55.2,48.3,51.7,0,,33.3,1,0,1,0.0,0,2,306,4,2,0,0,0,0,0.0,
Austin Booker,144990,ED,CHI,12,1,,,1.2,,,1,0,0,,6,64.9,62.9,34.5,63.0,64.7,51.3,0,,57.1,4,0,5,0.0,0,5,416,6,2,0,0,0,0,0.0,
Jordan Hancock,145067,S,BUF,11,3,7.5,75.0,98.6,22.0,16.5,0,0,1,12.5,4,59.9,63.6,80.2,65.6,70.0,59.2,0,31,14.3,2,1,0,150.0,6,138,140,2,9,8,1,88,37,0.7,14.7
Denzel Burke,145070,CB,ARZ,15,2,11.4,63.0,99.8,11.2,7.1,1,1,8,14.8,1,61.2,55.6,56.8,58.5,35.4,34.5,3,32,15.2,5,5,6,81.6,34,402,403,10,26,54,3,410,123,1.1,12.1
Jack Sawyer,145071,ED,PIT,17,1,9.6,80.0,20.5,4.9,3.9,2,0,0,0.0,25,35.7,53.8,43.1,63.0,60.3,56.8,2,29,0.0,0,0,2,112.5,8,41,200,4,4,10,1,140,61,3.6,17.5
JT Tuimoloau,145074,ED,IND,12,1,17.0,100.0,5.1,6.0,6.0,0,0,0,0.0,14,52.5,60.6,56.5,63.3,60.2,61.8,0,17,50.0,1,0,1,118.8,1,7,137,0,0,1,0,17,0,2.8,17.0
Michael Hall Jr.,145076,DI,CLV,9,0,,,2.0,,,0,0,0,,8,59.1,41.3,82.4,62.3,30.8,56.5,0,,,0,0,0,0.0,0,2,99,1,0,0,0,0,0,0.0,
Tyleik Williams,145080,DI,DET,17,0,,,0.4,,,0,0,0,,11,59.7,62.1,86.1,68.2,53.8,64.2,0,,,0,0,0,0.0,0,1,226,1,0,0,0,0,0,0.0,
Kobe King,145097,LB,NYJ,1,0,,,100.0,,,0,0,0,,22,60.0,77.4,63.4,,72.2,71.7,0,,,0,0,0,0.0,0,1,1,0,0,0,0,0,0,0.0,
Jaylen Reed,145100,S,HST,5,2,5.0,100.0,98.2,9.2,9.2,0,0,0,0.0,13,55.8,59.9,79.8,58.3,71.3,42.8,0,44,25.0,3,0,0,144.1,12,111,113,3,7,12,1,143,87,1.3,11.9
Alijah Clark,145141,S,DAL,3,0,,,96.2,,,0,0,0,,9,35.4,33.8,75.0,60.0,62.8,86.9,0,,0.0,0,0,1,0.0,0,25,26,0,4,0,0,0,0,0.0,
Thomas Incoom,145694,ED,CAR,5,0,,,7.1,,,0,0,0,,5,60.8,54.0,75.7,55.8,53.7,71.9,0,,,0,0,0,0.0,0,1,14,0,0,0,0,0,0,0.0,
Bo Richter,145962,ED,MIN,6,0,3.0,66.7,33.3,3.0,2.0,0,1,1,33.3,18,71.9,61.1,78.0,56.6,56.2,73.9,0,18,0.0,0,1,0,88.2,2,6,18,1,1,3,0,22,21,3.7,11.0
Johnathan Baldwin,146214,S,GB,1,0,12.5,100.0,100.0,18.0,18.0,0,0,0,0.0,12,60.7,67.6,76.9,,73.5,85.1,0,18,0.0,0,0,0,118.8,2,38,38,1,3,2,0,27,2,0.8,13.5
B.J. Green II,146277,ED,JAX,11,2,1.0,100.0,8.0,5.0,5.0,2,0,0,0.0,15,53.7,60.7,80.7,55.8,74.0,63.6,0,1,25.0,1,0,2,79.2,1,7,88,2,1,1,0,1,0,0.2,1.0
Oluwafemi Oladejo,146302,ED,TEN,6,1,3.2,100.0,28.6,5.5,5.5,0,0,0,0.0,31,40.9,48.2,84.7,52.4,53.4,66.7,0,15,25.0,1,0,0,99.3,6,36,126,0,2,6,0,47,28,1.4,7.8
Nikko Reed,146321,CB,LAC,5,0,14.4,20.0,97.6,39.0,7.8,0,0,1,20.0,27,78.7,71.9,76.4,59.1,40.2,26.6,0,8,0.0,0,1,0,39.6,1,40,41,0,1,5,0,8,9,0.2,8.0
Carson Schwesinger,146401,LB,CLV,16,11,2.4,89.1,86.3,11.0,9.8,0,0,1,2.2,8,61.6,74.4,64.9,69.9,81.5,69.8,2,42,10.2,6,1,1,98.7,41,473,548,17,42,46,2,394,289,0.9,9.6
Jaylin Smith,146422,CB,HST,4,0,5.0,100.0,100.0,23.0,23.0,0,0,0,0.0,13,65.2,68.7,76.0,,75.1,78.0,0,7,0.0,0,0,0,95.8,1,25,25,1,2,1,0,7,2,0.3,7.0
Calen Bullock,146424,S,HST,19,5,15.4,50.0,100.0,35.4,17.7,1,2,7,18.4,13,62.7,69.4,89.2,,85.6,81.3,5,35,10.6,5,6,2,61.3,19,717,717,4,37,38,3,281,65,0.4,14.8
Cole Bishop,146454,S,BUF,19,7,10.6,61.1,95.7,25.1,15.3,0,1,4,11.1,4,67.2,66.5,49.9,67.0,64.3,58.6,4,34,9.1,5,4,3,45.7,22,579,605,6,43,36,0,279,111,0.5,12.7
Jonah Elliss,146458,ED,DEN,15,0,-1.3,100.0,15.3,4.7,4.7,0,0,0,0.0,10,91.3,72.4,85.9,61.8,60.1,76.5,0,22,0.0,0,0,0,90.5,7,35,229,7,6,7,0,40,49,1.2,5.7
Jaden Hicks,146512,S,KC,17,2,7.7,75.9,94.9,13.2,10.0,0,0,3,10.3,16,59.0,62.2,53.2,70.9,68.6,48.2,0,24,16.7,4,1,2,116.5,22,314,331,9,18,29,2,196,110,0.7,8.9
Francisco Mauigoa,146521,LB,NYJ,12,6,4.5,71.4,78.9,11.5,8.2,1,0,0,0.0,22,31.7,42.4,36.4,59.8,59.0,40.0,0,13,11.8,2,0,2,110.1,10,120,152,3,9,14,1,83,54,0.7,8.3
Jeffrey Bassa,146552,LB,KC,4,0,2.3,75.0,100.0,6.3,4.8,0,0,0,0.0,16,84.6,85.7,74.0,,68.5,29.9,0,14,33.3,1,0,0,94.8,3,20,20,1,2,4,0,29,21,1.5,9.7
Kool-Aid McKinstry,146602,CB,NO,17,6,12.7,58.3,99.8,11.6,6.8,1,0,14,16.7,20,71.4,69.5,68.5,59.1,60.4,44.8,3,49,10.7,6,12,5,101.1,49,597,598,5,44,84,8,676,169,1.2,13.8
Terrion Arnold,146603,CB,DET,8,1,15.0,56.1,99.5,8.4,4.7,3,0,6,14.6,11,53.8,52.6,83.2,58.3,47.1,58.0,1,48,4.5,1,4,6,88.6,23,208,209,5,20,41,2,331,70,1.7,14.4
Dallas Turner,146604,ED,MIN,17,2,2.7,72.2,24.4,6.8,4.9,1,0,2,11.1,18,48.2,65.5,46.8,70.2,66.9,56.9,0,16,31.3,5,1,5,80.3,13,93,381,13,9,18,0,78,45,0.9,6.0
Donovan McMillon,146700,S,CLV,4,0,,,90.9,,,0,0,0,,8,62.0,59.9,71.5,72.5,51.4,30.0,0,,,0,0,0,0.0,0,10,11,1,0,0,0,0,0,0.0,
Jason Marshall Jr.,146704,CB,MIA,12,2,10.3,71.4,89.4,7.4,5.3,0,0,3,10.7,17,41.6,40.8,82.8,48.0,46.7,41.9,1,33,23.5,4,3,2,109.5,20,160,179,5,11,28,2,262,159,1.8,13.1
Jamon Johnson,146721,LB,GB,1,2,3.3,75.0,94.7,5.7,4.3,0,0,1,12.5,12,39.8,54.2,74.6,51.4,79.1,67.5,0,26,20.0,1,1,0,109.4,6,36,38,1,2,8,0,86,68,2.5,14.3
Smael Mondon Jr.,146725,LB,PHI,2,0,26.0,100.0,80.0,3.0,3.0,0,0,0,0.0,24,32.5,34.0,71.6,56.8,62.0,,0,34,,0,0,0,118.8,1,4,5,0,0,1,0,34,8,11.3,34.0
Javon Bullard,146726,S,GB,18,9,4.6,72.7,97.5,9.9,7.2,1,0,4,6.1,12,66.9,64.8,59.1,59.6,57.0,54.7,0,22,6.0,3,3,3,89.2,48,502,515,19,38,66,1,340,234,0.7,7.1
Kamari Lassiter,146727,CB,HST,18,8,13.4,53.7,98.8,12.6,6.7,2,1,16,16.8,13,77.0,79.8,68.9,63.4,84.9,74.6,4,39,4.9,3,14,7,71.1,51,686,694,15,50,95,5,554,181,0.9,10.9
Chaz Chambliss,146728,ED,MIN,3,0,-1.0,100.0,77.8,6.0,6.0,0,0,0,0.0,18,49.0,61.5,76.3,72.9,63.8,72.4,0,4,,0,0,0,122.9,1,7,9,1,0,1,1,4,5,0.7,4.0
Tyrion Ingram-Dawkins,146730,DI,MIN,14,0,,,5.3,,,0,0,0,,18,61.2,58.3,60.4,58.8,58.3,42.6,0,,,0,0,1,0.0,0,4,76,1,0,0,0,0,0,0.0,
Maxwell Hairston,146746,CB,BUF,11,0,17.4,60.0,99.5,12.3,7.4,1,0,3,12.0,4,68.0,64.3,84.5,66.7,43.2,52.8,2,38,16.7,2,3,1,92.2,15,196,197,4,10,25,3,203,26,1.1,13.5
Trevin Wallace,146747,LB,CAR,12,6,3.3,79.5,86.8,9.9,7.9,0,0,2,5.1,5,64.5,55.9,83.9,64.2,42.3,60.4,0,32,6.3,2,2,0,109.1,31,321,370,11,24,39,2,237,171,0.8,7.6
Maason Smith,146774,DI,JAX,13,0,,,3.5,,,0,0,0,,15,57.3,49.1,9.7,61.3,51.8,48.9,0,,100.0,1,0,4,0.0,0,7,198,0,0,0,0,0,0,0.0,
Landon Jackson,146784,ED,BUF,2,0,,,7.7,,,0,0,0,,4,60.0,60.5,78.5,52.0,64.6,,0,,,0,0,0,0.0,0,1,13,0,0,0,0,0,0,0.0,
Trey Washington,146822,S,IND,2,2,2.0,100.0,100.0,7.0,7.0,0,0,0,0.0,14,46.4,48.1,75.0,,66.2,41.8,0,14,25.0,1,0,1,105.6,3,22,22,0,1,3,0,28,22,1.3,9.3
Bam Martin-Scott,146904,LB,CAR,3,0,3.0,100.0,80.0,16.0,16.0,0,0,0,0.0,5,57.8,41.0,76.4,53.4,41.8,54.5,0,17,0.0,0,0,0,158.3,1,16,20,1,1,1,1,17,14,1.1,17.0
T.J. Sanders,146925,DI,BUF,14,1,9.0,0.0,1.1,,2.0,1,0,0,0.0,4,58.8,40.0,45.9,50.6,41.7,63.0,0,,33.3,1,0,2,39.6,0,2,188,1,1,1,0,0,0,0.0,
Kamal Hadden,146931,CB,GB,2,0,1.5,100.0,100.0,10.0,10.0,0,0,0,0.0,12,60.8,67.6,75.5,,79.0,37.7,0,7,50.0,1,0,0,91.7,2,20,20,1,1,2,0,12,9,0.6,6.0
Byron Young,146932,ED,LA,20,3,3.2,85.7,23.7,12.1,10.4,1,0,0,0.0,26,63.8,83.6,74.0,81.2,77.8,68.9,0,46,11.1,2,0,2,102.1,12,148,624,18,13,14,0,119,82,0.8,9.9
Josaiah Stewart,147092,ED,LA,20,1,4.3,71.4,33.0,18.8,13.4,0,0,1,14.3,26,60.1,71.7,39.1,72.5,73.4,60.9,0,28,33.3,3,1,3,93.2,5,98,297,6,5,7,0,53,30,0.6,10.6
Daijahn Anthony,147537,S,CIN,2,0,,,100.0,,,0,0,0,,7,50.7,53.1,73.4,,65.8,80.9,0,,0.0,0,0,0,0.0,0,22,22,0,1,0,0,0,0,0.0,
Johnathan Edwards,148086,CB,IND,10,0,13.8,63.0,100.0,11.6,7.3,2,0,3,11.1,14,38.9,39.7,84.1,,46.9,46.6,0,30,18.2,4,2,2,105.6,17,205,205,1,18,27,1,251,42,1.3,14.8
Jayden Higgins,150240,WR,HST,1,0,,,100.0,,,1,0,0,,13,60.0,60.0,66.0,,,,0,,,0,0,4,0.0,0,1,1,0,0,0,0,0,0,0.0,
Cam'Ron Silmon-Craig,150938,S,JAX,2,0,9.0,100.0,90.0,17.0,17.0,0,0,0,0.0,15,58.2,56.8,70.1,57.3,60.0,77.5,0,12,0.0,0,0,0,116.7,1,18,20,0,2,1,0,12,3,0.7,12.0
Mike Green,151084,ED,BLT,17,0,1.0,100.0,9.1,4.3,4.3,0,0,0,0.0,3,28.7,46.3,87.7,55.5,47.1,58.1,0,38,41.7,5,0,0,147.7,9,40,439,7,7,9,1,95,86,2.4,10.6
Jonas Sanker,151097,S,NO,17,4,13.5,56.0,99.6,35.9,20.1,0,1,4,16.0,20,54.1,61.5,89.5,56.8,73.6,30.3,2,53,25.0,11,4,1,58.6,14,525,527,5,29,25,1,179,47,0.4,12.8
Joshua Williams,156083,CB,KC,2,0,,,100.0,,,0,0,0,,16,76.5,75.6,80.9,,60.7,,0,,,0,0,0,0.0,0,10,10,0,0,0,0,0,0,0.0,
Dondrea Tillman,156124,ED,DEN,19,1,5.4,55.6,15.0,8.0,4.4,1,0,0,0.0,10,52.7,68.0,73.3,61.5,73.8,57.4,2,15,66.7,4,0,1,34.3,5,42,280,3,1,9,0,55,23,1.4,11.0
Azareye'h Thomas,156277,CB,NYJ,7,0,13.7,48.0,99.4,12.7,6.1,0,0,5,20.0,22,55.5,55.1,82.8,60.0,52.2,33.5,0,44,13.3,2,3,3,84.9,12,159,160,2,13,25,1,177,59,1.2,14.8
Loren Strickland,156894,S,DET,1,1,14.0,100.0,100.0,12.0,12.0,0,0,0,0.0,11,73.5,78.0,69.4,,60.0,80.7,0,14,0.0,0,0,0,118.8,1,12,12,1,1,1,0,14,0,1.2,14.0
Benjamin Morrison,156968,CB,TB,10,3,14.0,57.5,99.2,10.1,5.8,2,0,6,15.0,30,50.0,47.0,84.3,47.9,35.5,40.3,0,72,17.4,4,3,4,110.8,23,241,243,4,16,40,3,344,118,1.5,15.0
Jihaad Campbell,157013,LB,PHI,16,5,4.5,75.0,86.6,14.1,10.6,0,0,2,6.3,24,78.6,76.2,65.9,60.2,69.8,77.0,1,72,7.3,3,2,2,97.3,24,368,425,8,33,32,1,271,185,0.8,11.3
Mykel Williams,157061,ED,SF,9,0,12.0,100.0,2.8,7.0,7.0,0,0,0,0.0,28,61.5,53.9,71.9,51.9,57.8,60.1,0,12,16.7,1,0,2,116.7,1,7,252,4,5,1,0,12,0,1.7,12.0
Malaki Starks,157069,S,BLT,17,8,13.0,65.9,98.3,24.6,16.2,0,1,1,2.4,3,63.4,67.9,69.8,56.9,79.9,60.1,2,47,9.4,5,1,1,99.7,27,699,711,10,40,41,3,381,102,0.6,14.1
Jalon Walker,157070,ED,ATL,15,1,7.8,87.5,15.1,6.9,6.0,0,0,0,0.0,2,43.8,71.6,71.6,67.0,81.3,66.2,0,19,15.4,2,0,1,151.6,7,50,332,10,10,8,1,87,33,1.8,12.4
Shemar James,157749,LB,DAL,13,12,3.3,94.6,87.0,7.6,7.2,0,0,0,0.0,9,40.9,39.9,83.2,71.3,38.2,69.5,0,27,7.5,3,0,0,131.1,35,288,331,9,25,37,3,332,222,1.2,9.5
Jacob Parrish,157777,CB,TB,17,4,7.0,77.9,94.3,7.9,6.1,0,1,4,5.2,30,65.7,68.5,59.2,60.2,78.5,45.5,2,52,17.5,10,3,3,104.8,60,500,530,21,43,77,3,665,351,1.4,11.1
Nick Emmanwori,158121,S,SEA,17,5,4.8,74.4,88.9,8.1,6.0,0,0,13,14.4,29,73.3,73.9,66.7,62.9,74.2,59.0,1,34,14.9,10,12,2,94.0,67,578,650,26,52,90,2,586,400,1.1,8.7
Mason Graham,158535,DI,CLV,17,1,-1.0,0.0,1.3,,5.0,0,0,0,0.0,8,67.5,68.7,88.7,62.3,62.4,39.1,0,,14.3,1,0,1,39.6,0,6,453,5,5,1,0,0,0,0.0,
Will Johnson,158536,CB,ARZ,12,6,9.3,67.8,100.0,10.7,7.2,0,0,11,18.6,1,60.7,60.8,58.2,,61.2,51.2,0,31,17.1,6,9,6,111.2,40,449,449,7,23,59,4,425,129,1.0,10.6
Shemar Stewart,158675,ED,CIN,8,0,,,0.5,,,0,0,0,,7,61.0,41.2,85.6,56.0,29.3,29.7,0,,33.3,1,0,0,0.0,0,1,182,2,2,0,0,0,0,0.0,
Travis Hunter,160766,WR,JAX,7,0,11.5,60.0,100.0,12.6,7.5,0,0,3,20.0,15,72.7,73.2,81.0,,69.0,69.6,0,17,7.7,1,2,3,78.8,9,120,120,0,12,15,0,96,37,0.8,10.7
Jamaree Caldwell,162505,DI,LAC,18,0,,,1.5,,,0,0,0,,27,55.3,62.5,73.2,54.8,67.1,28.7,0,,50.0,1,0,1,0.0,0,4,271,1,1,0,0,0,0,0.0,
Shavon Revel,162653,CB,DAL,7,6,11.3,67.7,100.0,9.2,6.2,1,0,4,12.9,9,34.6,35.2,31.4,,48.1,38.1,0,41,16.7,5,2,5,119.7,21,210,210,3,19,31,2,295,112,1.5,14.0
Kenneth Grant,162816,DI,MIA,17,0,5.0,100.0,1.2,4.0,4.0,0,0,0,0.0,17,58.9,48.4,87.6,57.6,41.2,56.3,0,6,20.0,1,0,0,91.7,1,4,336,3,4,1,0,6,1,1.5,6.0
Nic Scourton,162878,ED,CAR,18,0,-2.0,100.0,14.9,21.0,21.0,1,0,0,0.0,5,75.8,68.0,79.5,61.6,63.9,44.4,0,6,45.5,5,0,1,81.9,3,67,449,9,6,3,0,11,17,0.2,3.7
James Pearce Jr.,163770,ED,ATL,17,0,1.0,80.0,8.6,8.5,6.8,0,0,1,20.0,2,41.4,56.2,53.1,64.2,51.4,51.0,0,19,50.0,2,1,3,115.0,4,34,394,11,2,5,0,58,54,1.7,14.5
Deone Walker,163783,DI,BUF,19,2,,,0.4,,,0,0,0,,4,56.6,59.0,75.5,78.3,45.4,54.3,1,,33.3,1,0,1,0.0,0,1,284,1,0,0,0,0,0,0.0,
Abdul Carter,164160,ED,NYG,17,4,9.0,100.0,6.3,14.5,14.5,2,0,0,0.0,21,68.1,74.7,25.5,84.5,54.4,29.7,0,27,27.3,3,0,7,118.8,2,34,541,4,4,2,0,38,20,1.3,19.0
Kevin Winston Jr.,164192,S,TEN,8,1,7.1,90.5,90.8,9.5,8.6,0,0,1,4.8,31,44.5,62.1,84.6,91.7,89.4,79.4,0,58,5.9,1,1,0,158.3,19,187,206,5,15,21,3,304,191,1.7,16.0
Levi Drake Rodriguez,165670,DI,MIN,16,0,,,1.7,,,0,0,0,,18,65.8,57.8,57.3,59.5,56.0,31.4,0,,50.0,2,0,2,0.0,0,3,178,3,2,0,0,0,0,0.0,
Caleb Murphy,169634,ED,NYG,8,0,0.5,100.0,7.1,3.0,3.0,0,0,0,0.0,21,61.0,49.3,81.2,55.1,41.8,76.3,0,9,50.0,1,0,0,93.8,2,7,98,1,1,2,0,13,12,2.2,6.5
Qwan'tez Stiggers,169764,CB,NYJ,6,1,16.2,56.5,99.4,11.3,6.4,2,0,4,17.4,22,47.1,53.6,81.6,58.7,79.0,67.0,0,31,9.1,1,4,5,81.1,13,157,158,1,9,23,0,176,50,1.2,13.5
Nick Whiteside,169772,CB,DET,3,0,13.0,20.0,100.0,38.0,7.6,0,0,3,60.0,11,88.3,83.0,76.4,,51.0,49.9,0,22,0.0,0,3,0,85.0,1,41,41,1,2,5,1,22,24,0.6,22.0
Trevor Nowaske,169859,ED,DET,9,0,16.0,100.0,37.9,20.0,20.0,0,0,0,0.0,11,64.3,64.9,80.9,57.1,68.2,57.4,0,19,0.0,0,0,0,118.8,1,22,58,2,1,1,0,19,3,1.0,19.0
