player,player_id,position,team_name,player_game_count,batted_passes,declined_penalties,franchise_id,grades_pass_rush_defense,hits,hurries,pass_rush_opp,pass_rush_percent,pass_rush_win_rate,pass_rush_wins,penalties,prp,sacks,snap_counts_pass_play,snap_counts_pass_rush,total_pressures,true_pass_set_batted_passes,true_pass_set_grades_pass_rush_defense,true_pass_set_hits,true_pass_set_hurries,true_pass_set_pass_rush_opp,true_pass_set_pass_rush_percent,true_pass_set_pass_rush_win_rate,true_pass_set_pass_rush_wins,true_pass_set_prp,true_pass_set_sacks,true_pass_set_snap_counts_pass_play,true_pass_set_snap_counts_pass_rush,true_pass_set_total_pressures
Calais Campbell,4364,DI,ARZ,17,2,1,1,65.1,9,18,320,99.4,8.4,27,1,6.1,6,341,339,33,0,60.8,5,13,182,99.5,9.3,17,7.7,5,195,194,23
Brandon Graham,5538,ED,PHI,10,0,0,24,58.5,0,8,64,100.0,14.1,9,0,10.9,3,69,69,11,0,65.8,0,5,40,100.0,20.0,8,13.8,3,43,43,8
Jason Pierre-Paul,5540,ED,TB,3,1,0,30,57.4,0,0,22,88.0,4.5,1,0,0.0,0,25,22,0,0,49.6,0,0,11,100.0,0.0,0,0.0,0,11,11,0
Von Miller,6154,ED,WAS,17,0,0,32,62.4,4,22,273,96.0,9.5,26,1,8.4,10,301,289,36,0,63.5,3,17,150,97.0,10.7,16,12.7,9,166,161,29
Cameron Jordan,6176,ED,NO,17,2,0,20,59.5,5,21,322,94.9,9.9,32,0,7.1,10,354,336,36,1,63.3,4,14,157,97.6,14.0,22,10.2,7,170,166,25
Cameron Heyward,6183,DI,PIT,18,5,1,25,85.6,6,43,499,98.9,15.2,76,4,5.7,4,538,532,53,2,81.2,3,24,236,99.2,17.8,42,7.0,3,258,256,30
Bobby Wagner,7050,LB,WAS,17,0,1,32,92.4,4,11,68,11.6,27.9,19,2,18.4,5,665,77,20,0,91.7,0,7,32,12.9,34.4,11,17.2,2,287,37,9
Lavonte David,7060,LB,TB,17,0,1,30,48.6,2,10,89,14.2,3.4,3,3,11.2,4,671,95,16,0,53.7,1,3,39,13.3,5.1,2,12.8,3,323,43,7
Demario Davis,7079,LB,NO,17,1,0,20,57.4,1,11,65,11.9,7.7,5,2,10.8,1,587,70,13,0,54.5,0,5,36,13.9,8.3,3,9.7,1,273,38,6
Harrison Smith,7641,S,MIN,15,4,0,18,71.5,1,8,42,10.2,7.1,3,2,13.1,1,432,44,10,1,75.7,1,1,10,5.6,30.0,3,10.0,0,216,12,2
Darius Slay,7817,CB,PIT,10,0,0,25,60.0,0,0,1,0.3,0.0,0,0,0.0,0,330,1,0,0,,0,0,0,0.0,,0,,0,170,0,0
John Jenkins,7863,DI,BLT,17,1,0,3,66.3,0,9,244,98.8,5.7,14,1,2.3,1,258,255,10,1,58.2,0,4,80,98.8,6.3,5,2.5,0,85,84,4
Jordan Poyer,8000,S,BUF,11,0,0,4,71.7,0,0,4,1.8,25.0,1,1,25.0,1,226,4,1,0,75.0,0,0,2,2.1,50.0,1,50.0,1,96,2,1
Tony Jefferson,8361,S,LAC,14,0,0,27,71.7,2,2,9,3.4,0.0,0,1,33.3,1,358,12,5,0,52.4,0,0,1,2.5,0.0,0,0.0,0,157,4,0
Jadeveon Clowney,8636,ED,DAL,13,4,1,9,80.6,2,29,209,98.3,16.7,35,4,11.7,9,231,227,40,1,75.6,1,13,91,98.1,22.0,20,12.1,4,105,103,18
Khalil Mack,8640,ED,LAC,13,0,0,27,67.5,6,30,281,95.2,13.2,37,0,8.5,6,311,296,42,0,73.1,2,22,124,97.8,19.4,24,13.7,5,136,133,29
DeMarcus Lawrence,8669,ED,SEA,19,1,1,29,64.5,15,40,462,97.0,11.0,51,2,8.1,10,502,487,65,1,64.3,8,28,261,97.9,14.2,37,10.0,8,282,276,44
Kyle Van Noy,8675,ED,BLT,15,1,0,3,51.8,8,17,316,87.1,7.0,22,2,4.6,2,388,338,27,0,50.6,5,12,193,87.9,7.3,14,4.9,1,231,203,18
DaQuan Jones,8747,DI,BUF,14,0,0,4,72.0,6,16,311,100.0,9.3,29,1,4.5,3,329,329,25,0,76.9,4,13,154,100.0,12.3,19,6.8,2,162,162,19
Brent Urban,8769,DI,BLT,15,0,0,3,51.1,3,3,126,97.1,3.2,4,1,3.2,1,137,133,7,0,50.6,1,1,39,95.3,5.1,2,2.6,0,43,41,2
Shelby Harris,8869,DI,CLV,17,4,0,8,60.8,3,14,248,99.6,7.3,18,4,4.2,2,261,260,19,1,65.9,1,12,85,100.0,17.6,15,8.8,1,91,91,14
Denico Autry,8982,DI,HST,14,3,0,13,60.7,3,13,200,100.0,11.5,23,2,6.5,5,212,212,21,1,60.5,3,13,143,100.0,14.0,20,8.4,4,153,153,20
Mike Pennel,9316,DI,KC,16,0,0,16,51.0,0,4,137,99.3,2.2,3,0,1.5,0,139,138,4,0,53.2,0,2,32,100.0,3.1,1,3.1,0,32,32,2
Dante Fowler Jr.,9436,ED,DAL,17,1,0,9,72.8,7,20,231,96.5,14.3,33,0,7.1,3,257,248,30,0,77.3,6,15,119,97.1,20.2,24,9.7,1,136,132,22
Leonard Williams,9439,DI,SEA,20,1,0,29,70.1,17,43,601,97.4,12.0,72,4,6.5,9,657,640,69,1,74.2,14,33,330,98.6,15.8,52,9.5,8,361,356,55
Arik Armstead,9450,DI,JAX,17,0,0,15,61.8,3,40,458,97.6,10.7,49,0,6.0,6,497,485,49,0,64.9,2,26,225,98.4,15.1,34,8.0,4,245,241,32
Bud Dupree,9455,ED,LAC,16,1,0,27,50.8,1,16,188,85.2,5.3,10,1,5.6,2,237,202,19,0,54.7,1,7,77,84.8,9.1,7,7.8,2,99,84,10
Shaq Thompson,9458,LB,BUF,13,0,0,4,60.3,1,4,41,13.4,7.3,3,0,8.5,1,321,43,6,0,62.0,0,2,24,16.0,8.3,2,8.3,1,150,24,3
Mario Edwards Jr.,9468,DI,HST,14,0,0,13,51.7,2,10,181,100.0,5.0,9,3,4.4,2,196,196,14,0,53.5,1,9,85,100.0,7.1,6,8.2,2,92,92,12
Preston Smith,9471,ED,WAS,13,0,0,32,57.7,5,11,128,99.3,13.3,17,0,7.0,1,137,136,17,0,58.6,3,4,48,100.0,16.7,8,9.4,1,51,51,8
Eddie Goldman,9472,DI,WAS,13,0,0,32,64.7,1,7,144,100.0,7.6,11,0,2.8,0,154,154,8,0,61.9,0,5,48,100.0,10.4,5,5.2,0,50,50,5
Eric Kendricks,9478,LB,SF,4,0,0,28,47.7,0,0,11,15.8,0.0,0,0,0.0,0,76,12,0,0,50.0,0,0,6,17.1,0.0,0,0.0,0,35,6,0
Denzel Perryman,9481,LB,LAC,11,0,0,27,53.0,0,0,5,3.5,0.0,0,1,0.0,0,173,6,0,0,55.0,0,0,2,6.1,0.0,0,0.0,0,49,3,0
Jordan Phillips,9485,DI,BUF,11,1,0,4,61.2,0,4,90,99.0,7.8,7,1,3.3,1,100,99,5,1,67.2,0,3,34,100.0,14.7,5,7.4,1,39,39,4
Danielle Hunter,9521,ED,HST,19,2,0,13,90.8,9,64,531,99.5,20.0,106,1,10.5,19,566,563,92,1,91.1,6,42,283,99.7,26.9,76,13.8,15,303,302,63
Za'Darius Smith,9555,ED,PHI,5,0,0,24,74.4,2,6,86,98.9,17.4,15,0,7.0,2,93,92,10,0,76.2,1,4,46,98.1,17.4,8,9.8,2,52,51,7
Grady Jarrett,9570,DI,CHI,16,4,0,6,63.4,7,13,456,99.4,7.2,33,2,2.9,3,484,481,23,1,61.2,3,9,239,100.0,8.8,21,3.3,2,249,249,14
Quandre Diggs,9633,S,SEA,9,0,0,29,55.0,0,0,5,2.5,0.0,0,0,0.0,0,197,5,0,0,56.9,0,0,2,2.2,0.0,0,0.0,0,92,2,0
Rakeem Nunez-Roches,9650,DI,NYG,9,1,0,21,65.1,1,4,106,100.0,6.6,7,1,5.2,3,110,110,8,0,65.5,0,2,31,100.0,6.5,2,9.7,2,32,32,4
Neville Hewitt,9836,LB,NYG,1,0,0,21,58.3,0,0,1,25.0,0.0,0,0,0.0,0,4,1,0,0,58.3,0,0,1,33.3,0.0,0,0.0,0,3,1,0
Alex Singleton,9994,LB,DEN,18,0,0,10,62.8,4,13,89,12.7,11.2,10,0,10.7,1,749,95,18,0,57.9,1,5,38,11.9,5.3,2,10.5,1,345,41,7
Joey Bosa,10637,ED,BUF,17,2,2,4,85.5,13,36,380,94.5,15.0,57,5,7.8,5,422,399,54,1,89.4,8,25,184,92.8,20.1,37,11.1,4,209,194,37
Jalen Ramsey,10639,S,PIT,18,0,3,25,65.7,1,4,24,3.7,4.2,1,7,22.9,3,722,27,8,0,63.4,1,1,11,3.4,0.0,0,27.3,2,355,12,4
DeForest Buckner,10641,DI,IND,10,0,0,14,74.9,11,21,303,99.4,12.2,37,0,6.6,4,319,317,36,0,73.4,5,15,146,100.0,17.1,25,8.2,2,150,150,22
Leonard Floyd,10643,ED,ATL,15,0,0,2,61.8,9,23,276,92.6,12.0,33,2,7.2,4,310,287,36,0,65.2,8,14,145,95.6,16.6,24,10.3,4,160,153,26
Sheldon Rankins,10646,DI,HST,19,0,0,13,67.5,6,33,440,100.0,10.9,48,0,5.6,5,468,468,44,0,74.8,4,27,235,100.0,16.2,38,8.7,5,253,253,36
Kenny Clark,10661,DI,DAL,17,0,0,9,72.4,6,34,433,99.6,12.0,52,0,5.5,4,464,462,44,0,75.8,5,22,192,99.1,16.7,32,8.6,3,214,212,30
Emmanuel Ogbah,10666,ED,JAX,13,1,0,15,51.7,3,12,167,91.5,4.2,7,0,5.1,1,199,182,16,0,48.7,1,4,60,89.3,6.7,4,4.2,0,75,67,5
Chris Jones,10671,DI,KC,17,2,2,16,90.7,19,37,462,99.8,16.7,77,9,7.6,7,496,495,63,1,90.6,9,25,203,99.5,21.2,43,11.3,6,219,218,40
Austin Johnson,10677,DI,JAX,15,1,0,15,54.8,0,1,103,99.1,0.0,0,0,1.5,1,115,114,2,0,49.6,0,1,29,100.0,0.0,0,1.7,0,31,31,1
Jihad Ward,10678,ED,TEN,17,0,1,31,56.4,20,21,389,93.0,8.2,32,7,6.8,6,441,410,47,0,54.1,12,11,201,96.0,8.0,16,8.2,5,224,215,28
A'Shawn Robinson,10680,DI,CAR,18,3,0,5,62.5,6,22,359,99.5,7.8,28,2,4.7,3,375,373,31,1,65.7,2,18,154,100.0,13.6,21,8.4,3,156,156,23
Jarran Reed,10683,DI,SEA,16,0,0,29,59.7,5,16,285,99.4,8.4,24,0,4.7,3,309,307,24,0,62.5,3,14,137,99.3,12.4,17,7.7,2,153,152,19
Deion Jones,10686,LB,TB,12,0,0,30,69.3,0,3,12,16.9,16.7,2,0,12.5,0,83,14,3,0,72.8,0,2,6,12.7,16.7,1,16.7,0,55,7,2
Adam Gotsis,10697,DI,TB,2,0,0,30,52.0,1,1,12,100.0,0.0,0,0,8.3,0,12,12,2,0,54.2,1,0,5,100.0,0.0,0,10.0,0,5,5,1
Kevin Byard,10698,S,CHI,19,0,0,6,49.1,0,1,9,1.6,11.1,1,0,5.6,0,732,12,1,0,55.5,0,0,1,0.6,0.0,0,0.0,0,341,2,0
Maliek Collins,10701,DI,CLV,12,0,0,8,87.2,6,14,272,99.3,14.0,38,2,6.6,8,293,291,28,0,90.1,5,11,133,98.7,18.8,25,11.3,7,149,147,23
Jonathan Bullard,10706,DI,NO,15,2,0,20,52.0,0,3,114,99.1,0.9,1,2,1.3,0,117,116,3,2,64.4,0,0,20,100.0,5.0,1,0.0,0,21,21,0
Javon Hargrave,10723,DI,MIN,16,0,0,18,70.0,3,24,282,98.7,12.4,35,2,6.2,4,299,295,31,0,79.8,2,18,140,100.0,18.6,26,9.3,3,148,148,23
Sheldon Day,10737,DI,WAS,10,0,0,32,51.6,1,2,90,97.9,3.3,3,1,1.7,0,97,95,3,0,53.6,0,0,34,100.0,5.9,2,0.0,0,36,36,0
Eric Murray,10740,S,JAX,13,1,1,15,65.2,1,3,18,4.8,0.0,0,3,16.7,1,437,21,5,0,48.8,0,1,7,4.9,0.0,0,7.1,0,184,9,1
David Onyemata,10754,DI,ATL,17,0,0,2,67.1,1,19,309,100.0,9.7,30,1,3.6,1,325,325,21,0,72.6,0,15,119,100.0,16.8,20,6.3,0,125,125,15
Andrew Billings,10756,DI,CHI,19,0,0,6,61.2,3,10,225,99.6,7.6,17,5,3.3,1,241,240,14,0,63.0,3,3,70,100.0,10.0,7,4.3,0,72,72,6
Matthew Judon,10780,ED,BUF,14,0,0,4,46.2,3,8,158,81.6,4.4,7,0,3.5,0,206,168,11,0,50.6,2,4,72,83.5,5.6,4,4.2,0,91,76,6
Quinton Jefferson,10781,DI,DET,1,0,0,11,58.2,0,0,11,92.3,0.0,0,0,0.0,0,13,12,0,0,66.7,0,0,3,100.0,0.0,0,0.0,0,4,4,0
DJ Reader,10800,DI,DET,17,0,0,11,72.6,3,17,295,99.1,10.5,31,2,3.4,0,316,313,20,0,68.4,3,9,104,100.0,12.5,13,5.8,0,112,112,12
Elandon Roberts,10848,LB,LV,17,0,0,23,43.8,0,3,15,6.0,0.0,0,1,10.0,0,285,17,3,0,50.0,0,1,5,5.1,0.0,0,10.0,0,99,5,1
Jalen Mills,10867,S,DET,5,0,0,11,56.1,0,0,1,2.4,0.0,0,0,0.0,0,82,2,0,0,58.3,0,0,1,2.4,0.0,0,0.0,0,42,1,0
Mike Hilton,10898,CB,IND,2,0,0,14,73.6,0,1,2,4.9,0.0,0,1,25.0,0,41,2,1,0,56.8,0,0,1,5.0,0.0,0,0.0,0,20,1,0
Morgan Fox,11184,DI,BUF,1,0,0,4,55.4,0,0,4,100.0,0.0,0,0,0.0,0,5,5,0,0,59.1,0,0,1,100.0,0.0,0,0.0,0,1,1,0
Jonathan Jones,11217,CB,WAS,11,0,0,32,80.2,0,0,2,0.7,0.0,0,2,50.0,1,274,2,1,0,80.2,0,0,2,1.7,0.0,0,50.0,1,119,2,1
Roy Robertson-Harris,11341,DI,NYG,17,1,1,21,56.8,9,12,288,98.7,6.6,19,3,3.6,0,311,307,21,0,59.2,4,6,90,99.0,8.9,8,5.6,0,102,101,10
Myles Garrett,11756,ED,CLV,17,1,2,8,93.3,14,45,479,100.0,24.6,118,9,11.4,25,507,507,84,0,93.4,8,29,223,100.0,32.7,73,16.4,18,241,241,55
Solomon Thomas,11758,DI,DAL,16,1,1,9,55.8,3,9,211,99.6,6.6,14,4,2.8,0,234,233,12,0,56.6,0,8,82,100.0,11.0,9,4.9,0,98,98,8
Jamal Adams,11761,LB,LV,17,0,0,23,71.4,1,5,32,12.4,9.4,3,2,12.5,1,282,35,7,0,83.6,1,3,16,13.6,18.8,3,18.8,1,118,16,5
Haason Reddick,11768,ED,TB,13,0,0,30,60.1,2,29,288,78.2,11.5,33,2,6.4,3,394,308,34,0,68.5,1,26,162,86.2,17.9,29,9.6,2,203,175,29
Derek Barnett,11769,ED,HST,19,1,0,13,69.1,6,4,198,99.5,13.1,26,3,5.6,6,210,209,16,0,79.4,2,2,67,100.0,20.9,14,11.9,6,70,70,10
Malik Hooker,11770,S,DAL,12,0,0,9,58.5,0,0,2,0.5,0.0,0,0,0.0,0,374,2,0,0,59.1,0,0,1,0.6,0.0,0,0.0,0,162,1,0
Marlon Humphrey,11771,CB,BLT,15,0,2,3,57.9,2,2,26,4.6,7.7,2,5,11.5,1,583,27,5,0,49.8,2,1,14,5.3,7.1,1,10.7,0,285,15,3
Jonathan Allen,11772,DI,MIN,17,0,0,18,64.9,8,22,390,98.8,10.8,42,2,4.9,4,416,411,34,0,62.3,6,15,186,100.0,11.8,22,6.7,2,201,201,23
Tre'Davious White,11782,CB,BUF,18,1,1,4,52.9,0,1,10,2.1,0.0,0,6,5.0,0,487,10,1,0,40.9,0,1,4,1.7,0.0,0,12.5,0,234,4,1
T.J. Watt,11785,ED,PIT,15,6,0,25,75.5,14,27,460,91.1,12.4,57,6,6.2,8,538,490,49,3,73.4,9,19,251,94.8,15.1,38,7.6,5,286,271,33
Budda Baker,11791,S,ARZ,16,2,0,1,83.8,1,6,37,6.3,16.2,6,2,12.2,1,622,39,8,0,69.4,0,3,17,5.7,23.5,4,14.7,1,296,17,4
DeMarcus Walker,11806,ED,WAS,1,0,0,32,68.2,0,0,7,100.0,14.3,1,0,0.0,0,8,8,0,0,56.8,0,0,2,100.0,0.0,0,0.0,0,2,2,0
Dalvin Tomlinson,11810,DI,ARZ,17,0,0,1,59.1,2,11,295,100.0,5.8,17,2,2.5,1,311,311,14,0,62.1,1,8,129,100.0,9.3,12,4.3,1,136,136,10
Tanoh Kpassagnon,11814,ED,CHI,4,0,0,6,52.2,1,0,42,97.8,4.8,2,0,3.6,1,45,44,2,0,48.8,0,0,15,100.0,0.0,0,0.0,0,15,15,0
Chidobe Awuzie,11815,CB,BLT,14,0,0,3,64.6,0,2,7,1.7,14.3,1,1,14.3,0,415,7,2,0,74.3,0,2,3,1.3,33.3,1,33.3,0,224,3,2
Larry Ogunjobi,11820,DI,BUF,11,0,1,4,47.1,0,5,107,100.0,4.7,5,2,2.3,0,110,110,5,0,46.7,0,3,45,100.0,6.7,3,3.3,0,46,46,3
Dawuane Smoot,11823,ED,JAX,18,0,0,15,52.0,2,15,309,92.4,5.8,18,0,3.4,2,355,328,19,0,57.2,2,12,171,95.3,8.8,15,5.3,2,190,181,16
Chris Wormley,11829,DI,IND,5,0,0,14,69.9,0,3,30,91.7,10.0,3,0,8.3,1,36,33,4,0,74.2,0,0,11,100.0,9.1,1,9.1,1,11,11,1
Alex Anzalone,11831,LB,DET,16,1,3,11,65.2,4,11,62,11.0,11.3,7,5,16.9,3,634,70,18,0,63.1,1,5,29,12.7,13.8,4,20.7,3,268,34,9
Jourdan Lewis,11846,CB,JAX,11,0,2,15,63.7,1,3,16,4.0,6.3,1,9,12.5,0,423,17,4,0,74.2,1,1,8,4.3,12.5,1,12.5,0,187,8,2
Rasul Douglas,11854,CB,MIA,15,0,1,17,82.0,1,1,8,1.6,0.0,0,5,25.0,1,505,8,3,0,60.0,0,1,1,0.4,0.0,0,50.0,0,246,1,1
Trey Hendrickson,11858,ED,CIN,7,0,0,7,90.0,5,14,172,93.2,21.5,37,2,7.8,4,190,177,23,0,91.1,4,11,79,95.2,25.3,20,12.0,2,84,80,17
Rayshawn Jenkins,11868,S,CLV,17,0,0,8,63.8,0,1,6,2.9,0.0,0,2,8.3,0,206,6,1,0,59.2,0,0,1,0.8,0.0,0,0.0,0,121,1,0
Carl Lawson,11871,ED,BLT,1,0,0,3,51.4,0,0,12,85.7,0.0,0,0,0.0,0,14,12,0,0,54.4,0,0,3,100.0,0.0,0,0.0,0,3,3,0
Jalen Reeves-Maybin,11879,LB,CHI,1,0,0,6,58.8,1,0,1,33.3,0.0,0,0,50.0,0,3,1,1,0,,0,0,0,,,0,,0,0,0,0
Samson Ebukam,11880,ED,IND,14,0,0,14,60.1,7,13,216,88.3,10.2,22,1,6.0,3,265,234,23,0,64.0,5,10,101,93.9,13.9,14,10.4,3,115,108,18
Deatrich Wise Jr.,11886,ED,WAS,2,0,0,32,59.8,2,2,27,100.0,7.4,2,1,7.4,0,33,33,4,0,51.3,0,1,7,100.0,0.0,0,7.1,0,8,8,1
Carlos Watkins,11897,DI,TEN,3,0,0,31,55.0,0,0,9,100.0,0.0,0,0,0.0,0,10,10,0,0,55.3,0,0,2,100.0,0.0,0,0.0,0,3,3,0
Grover Stewart,11899,DI,IND,17,3,0,14,59.5,5,12,337,98.6,3.9,13,3,2.8,1,359,354,18,1,62.0,3,5,120,99.2,5.0,6,3.3,0,125,124,8
Matt Milano,11918,LB,BUF,14,0,1,4,66.0,3,6,46,15.5,15.2,7,4,16.3,3,329,51,12,0,63.9,0,4,29,21.9,17.2,5,17.2,3,146,32,7
Davon Godchaux,11934,DI,NO,17,0,0,20,64.1,3,6,171,100.0,8.8,15,2,2.6,0,177,177,9,0,64.3,2,1,37,100.0,10.8,4,4.1,0,37,37,3
Chuck Clark,11941,S,PIT,13,0,1,25,55.4,1,0,4,1.4,0.0,0,1,12.5,0,296,4,1,0,59.1,1,0,1,0.7,0.0,0,50.0,0,153,1,1
Xavier Woods,11946,S,TEN,11,0,1,31,50.0,0,0,9,3.1,0.0,0,2,11.1,1,320,10,1,0,50.0,0,0,4,2.6,0.0,0,0.0,0,155,4,0
Al-Quadin Muhammad,11951,ED,DET,17,0,1,11,71.9,9,32,319,94.4,15.4,49,1,10.2,12,374,353,53,0,72.6,6,22,160,96.3,20.0,32,13.1,7,188,181,35
D.J. Jones,11953,DI,DEN,18,0,0,10,66.8,3,18,229,98.8,7.0,16,1,6.8,5,250,247,26,0,74.4,0,9,61,98.6,11.5,7,12.3,3,69,68,12
Patrick O'Connor,12005,ED,DET,8,1,2,11,52.2,0,2,51,98.1,2.0,1,2,2.0,0,54,53,2,0,54.0,0,1,15,100.0,6.7,1,3.3,0,16,16,1
Josh Tupou,12093,DI,BLT,3,0,0,3,65.3,0,1,41,100.0,7.3,3,0,1.2,0,42,42,1,0,75.1,0,1,15,100.0,13.3,2,3.3,0,15,15,1
Adam Butler,12214,DI,LV,15,0,0,23,58.5,4,14,336,95.2,6.3,21,4,3.0,1,377,359,19,0,62.3,3,10,151,98.8,7.9,12,5.0,1,165,163,14
Arthur Maulet,12224,CB,DET,6,0,0,11,46.1,0,0,6,6.5,0.0,0,1,0.0,0,93,6,0,0,52.0,0,0,2,4.9,0.0,0,0.0,0,41,2,0
Dare Ogunbowale,12329,HB,HST,1,0,0,13,60.0,0,0,1,100.0,0.0,0,0,0.0,0,1,1,0,0,,0,0,0,,,0,,0,0,0,0
Sam Kamara,24176,DI,CLV,4,0,0,8,59.6,0,4,35,97.4,8.6,3,1,5.7,0,39,38,4,0,66.0,0,3,10,100.0,20.0,2,15.0,0,10,10,3
Nathan Shepherd,24614,DI,NO,16,0,0,20,67.4,7,16,368,99.5,8.2,30,3,3.9,3,392,390,26,0,69.4,6,9,178,99.0,9.0,16,5.9,3,193,191,18
Foyesade Oluokun,24904,LB,JAX,18,0,0,15,46.3,1,8,110,16.1,5.5,6,2,5.0,1,746,120,10,0,52.1,1,5,48,15.8,6.3,3,8.3,1,323,51,7
Anfernee Jennings,25449,ED,NE,18,0,1,19,59.8,8,13,207,97.3,7.7,16,1,7.0,4,220,214,25,0,60.8,2,8,78,98.8,9.0,7,10.3,3,82,81,13
Clelin Ferrell,25955,ED,SF,11,0,1,28,51.2,1,12,167,97.8,5.4,9,2,6.3,4,180,176,17,0,60.5,1,4,79,98.8,8.9,7,8.2,4,86,85,9
Dexter Lawrence,25991,DI,NYG,17,2,0,21,84.5,7,27,444,100.0,14.0,62,5,3.8,0,482,482,34,0,81.3,5,18,203,100.0,19.7,40,5.7,0,228,228,23
Maxx Crosby,26316,ED,LV,15,4,1,23,77.1,12,31,480,98.1,14.4,69,8,6.6,10,525,515,53,2,72.1,7,17,219,99.6,15.5,34,7.3,4,237,236,28
Jeremiah Moon,26453,ED,PIT,1,0,0,25,53.0,0,0,7,63.6,0.0,0,0,0.0,0,11,7,0,0,56.2,0,0,2,40.0,0.0,0,0.0,0,5,2,0
D.J. Reed,26940,CB,DET,11,0,4,11,58.5,0,0,1,0.3,0.0,0,6,0.0,0,376,1,0,0,,0,0,0,0.0,,0,,0,176,0,0
Isaiah Rodgers,27069,CB,MIN,17,0,0,18,53.3,0,0,3,0.6,0.0,0,0,0.0,0,523,3,0,0,,0,0,0,0.0,,0,,0,252,0,0
Bryce Huff,27128,ED,SF,17,1,1,28,72.8,11,30,378,97.1,14.3,54,2,6.7,5,412,400,46,1,79.7,10,23,214,97.4,17.8,38,10.0,5,234,228,38
Montez Sweat,27271,ED,CHI,19,4,0,6,72.4,10,43,518,96.5,13.5,70,1,7.4,12,567,547,65,0,73.7,4,21,262,96.5,17.2,45,7.1,6,286,276,31
Devin Bush,27375,LB,CLV,17,0,0,8,68.7,2,4,43,10.2,9.3,4,2,11.6,2,449,46,8,0,63.2,0,1,16,10.2,18.8,3,3.1,0,166,17,1
Joshua Uche,27379,ED,PHI,9,0,0,24,83.2,1,21,132,90.4,17.4,23,1,9.1,1,157,142,23,0,91.1,1,17,71,93.9,25.4,18,14.1,1,82,77,19
DaVon Hamilton,28072,DI,JAX,18,0,0,15,55.4,2,10,264,97.3,4.2,11,0,2.7,1,291,283,13,0,59.1,0,5,77,98.8,7.8,6,3.2,0,86,85,5
Dre'Mont Jones,28075,ED,BLT,18,1,1,3,69.6,15,28,481,95.5,12.9,62,5,6.1,8,531,507,51,0,73.7,13,24,253,95.4,18.2,46,10.1,7,281,268,44
Malik Harrison,28081,LB,PIT,12,0,0,25,79.9,0,7,16,12.5,37.5,6,0,21.9,0,144,18,7,0,76.1,0,2,4,10.0,75.0,3,25.0,0,40,4,2
Jerome Baker,28091,LB,CLV,17,0,0,8,77.7,0,2,13,13.7,7.7,1,0,15.4,1,102,14,3,0,70.4,0,1,3,12.5,33.3,1,16.7,0,24,3,1
Neville Gallimore,28094,DI,IND,17,3,0,14,70.2,3,10,241,99.6,7.9,19,1,4.4,4,260,259,17,1,76.2,2,7,88,100.0,14.8,13,7.4,2,94,94,11
Troy Dye,28251,LB,LAC,17,1,0,27,69.7,2,8,33,12.7,15.2,5,1,18.2,1,284,36,11,1,70.3,1,3,11,14.6,9.1,1,27.3,1,96,14,5
Brenden Schooler,28253,S,NE,5,0,0,19,55.9,0,0,2,6.9,0.0,0,1,0.0,0,29,2,0,0,57.9,0,0,1,9.1,0.0,0,0.0,0,11,1,0
Kevin Givens,28308,DI,SF,5,0,0,28,55.6,0,4,70,100.0,4.3,3,0,2.9,0,72,72,4,0,55.1,0,2,27,100.0,3.7,1,3.7,0,29,29,2
Bilal Nichols,28451,DI,ARZ,4,0,0,1,47.5,0,0,33,100.0,0.0,0,0,0.0,0,35,35,0,0,49.9,0,0,13,100.0,0.0,0,0.0,0,14,14,0
DeShon Elliott,28854,S,PIT,5,0,0,25,78.3,2,0,13,6.6,0.0,0,1,15.4,1,197,13,3,0,52.6,0,0,4,3.8,0.0,0,0.0,0,105,4,0
Jack Jones,29050,CB,MIA,17,0,2,17,84.9,0,2,5,0.9,20.0,1,9,20.0,0,577,5,2,0,,0,0,0,0.0,,0,,0,280,0,0
Germaine Pratt,29407,LB,IND,16,1,0,14,55.8,0,3,60,12.1,5.0,3,1,2.5,0,520,63,3,0,53.1,0,2,21,10.1,9.5,2,4.8,0,217,22,2
Chris Board,29456,LB,NYG,1,0,0,21,60.0,0,0,1,16.7,0.0,0,0,0.0,0,6,1,0,0,,0,0,0,0.0,,0,,0,2,0,0
Logan Wilson,29623,LB,DAL,15,1,0,9,80.4,0,4,14,4.6,28.6,4,0,14.3,0,348,16,4,0,77.6,0,4,5,4.3,40.0,2,40.0,0,141,6,4
Andrew Van Ginkel,30267,ED,MIN,12,5,0,18,66.8,7,10,161,56.2,9.3,15,1,10.2,8,308,173,25,1,64.6,4,8,84,59.7,9.5,8,14.3,6,159,95,18
T.J. Edwards,30737,LB,CHI,11,1,0,6,60.7,1,5,35,10.5,5.7,2,0,11.4,1,342,36,7,1,62.2,1,2,18,11.7,5.6,1,8.3,0,154,18,3
Khalen Saunders,31534,DI,NYJ,9,0,0,22,51.4,0,0,72,100.0,0.0,0,0,1.4,1,75,75,1,0,50.7,0,0,18,100.0,0.0,0,0.0,0,20,20,0
Eric Johnson,33698,DI,IND,12,0,0,14,49.2,0,2,68,100.0,1.5,1,0,1.5,0,73,73,2,0,48.3,0,2,27,100.0,0.0,0,3.7,0,29,29,2
Darnell Savage,34247,S,BUF,13,0,0,4,55.1,0,2,3,1.7,0.0,0,0,33.3,0,174,3,2,0,59.0,0,2,1,1.2,0.0,0,100.0,0,84,1,2
Zack Baun,34632,LB,PHI,17,0,0,24,80.6,2,12,75,12.5,16.0,12,1,14.7,4,673,84,18,0,76.6,2,7,38,13.4,21.1,8,19.7,3,329,44,12
Akeem Davis-Gaither,34788,LB,ARZ,17,0,1,1,54.5,1,3,37,9.1,5.4,2,1,8.1,1,429,39,5,0,50.5,0,0,15,8.3,6.7,1,0.0,0,193,16,0
Jamel Dean,34918,CB,TB,14,0,1,30,99.9,1,0,4,0.9,50.0,2,4,37.5,1,447,4,2,0,99.7,0,0,1,0.4,100.0,1,100.0,1,234,1,1
Josh Butler,35097,CB,DAL,1,0,0,9,59.1,0,0,1,7.7,0.0,0,0,0.0,0,13,1,0,0,,0,0,0,0.0,,0,,0,4,0,0
Trevis Gipson,35241,ED,CAR,14,0,0,5,57.5,1,11,117,93.9,8.5,10,0,6.8,2,131,123,14,0,47.6,0,5,42,93.8,7.1,3,6.0,0,48,45,5
Blake Cashman,35413,LB,MIN,13,1,1,18,58.9,1,15,114,28.7,13.2,15,2,9.6,3,414,119,19,0,68.4,0,10,46,25.8,21.7,10,17.4,3,198,51,13
Darrell Taylor,36001,ED,HST,4,0,0,13,55.9,0,0,15,95.0,0.0,0,1,0.0,0,20,19,0,0,55.9,0,0,2,100.0,0.0,0,0.0,0,2,2,0
Shy Tuttle,37279,DI,WAS,12,0,0,32,51.8,0,0,67,100.0,1.5,1,0,0.0,0,73,73,0,0,58.9,0,0,13,100.0,7.7,1,0.0,0,15,15,0
Quinton Bell,37468,ED,MIA,5,0,0,17,54.5,1,5,54,76.0,13.0,7,1,5.6,0,75,57,6,0,54.5,0,5,30,73.3,16.7,5,8.3,0,45,33,5
Troy Reeder,38268,LB,LA,6,0,0,26,59.4,0,0,1,2.0,0.0,0,0,0.0,0,49,1,0,0,59.4,0,0,1,3.3,0.0,0,0.0,0,30,1,0
Camryn Bynum,38408,S,IND,17,0,0,14,57.8,0,5,19,3.3,5.3,1,0,18.4,1,698,23,6,0,53.1,0,3,6,2.5,16.7,1,25.0,0,322,8,3
Cameron Goode,38410,ED,MIA,8,1,0,17,46.3,0,2,51,81.3,2.0,1,0,2.0,0,64,52,2,0,45.7,0,1,28,85.3,3.6,1,1.8,0,34,29,1
Folorunso Fatukasi,38558,DI,HST,4,0,0,13,58.0,0,0,51,100.0,3.9,2,0,3.9,2,57,57,2,0,59.1,0,0,14,100.0,7.1,1,7.1,1,14,14,1
Maurice Hurst,38563,DI,CLV,1,0,0,8,59.1,0,0,2,100.0,0.0,0,0,0.0,0,2,2,0,0,59.7,0,0,1,100.0,0.0,0,0.0,0,1,1,0
Eric Wilson,38587,LB,MIN,17,0,0,18,70.2,4,27,169,37.4,13.6,23,1,12.7,6,481,180,37,0,78.0,2,18,72,36.0,20.8,15,22.2,6,222,80,26
Tershawn Wharton,40292,DI,CAR,10,0,2,5,60.4,3,14,242,100.0,8.3,20,3,4.3,2,253,253,19,0,68.2,3,13,120,100.0,15.8,19,7.5,1,125,125,17
L'Jarius Sneed,40588,CB,TEN,7,0,2,31,58.5,0,0,1,0.5,0.0,0,6,0.0,0,204,1,0,0,,0,0,0,0.0,,0,,0,88,0,0
Alohi Gilman,41662,S,BLT,17,0,0,3,58.6,1,1,11,1.8,9.1,1,3,9.1,0,685,12,2,0,63.3,1,0,5,1.8,20.0,1,10.0,0,337,6,1
Trevon Diggs,41817,CB,GB,10,0,1,12,40.3,0,1,1,0.4,0.0,0,3,50.0,0,285,1,1,0,40.3,0,1,1,0.7,0.0,0,50.0,0,138,1,1
Ed Oliver,42200,DI,BUF,4,0,0,4,64.2,3,7,69,100.0,10.1,7,1,11.6,3,73,73,13,0,64.4,2,7,40,100.0,12.5,5,13.8,1,42,42,10
Divine Deablo,42208,LB,ATL,13,0,1,2,65.0,0,8,47,10.4,12.8,6,2,10.6,1,480,50,9,0,68.9,0,7,27,12.1,18.5,5,16.7,1,247,30,8
Amen Ogbongbemiga,42449,LB,CHI,4,0,0,6,49.1,0,0,8,22.5,0.0,0,0,0.0,0,40,9,0,0,53.3,0,0,4,21.1,0.0,0,0.0,0,19,4,0
K'Von Wallace,42467,S,HST,2,0,0,13,59.1,0,1,1,2.6,0.0,0,1,50.0,0,76,2,1,0,80.1,0,0,0,0.0,,0,,0,39,0,0
Antoine Winfield Jr.,42475,S,TB,17,0,0,30,82.4,3,11,60,9.5,11.7,7,0,13.3,1,685,65,15,0,90.5,0,4,21,7.2,14.3,3,14.3,1,335,24,5
Tomon Fox,42486,ED,NYG,8,0,0,21,53.0,0,2,30,94.1,3.3,1,0,3.3,0,34,32,2,0,53.7,0,1,13,100.0,0.0,0,3.8,0,15,15,1
Daniel Thomas,42544,S,DET,6,0,0,11,58.5,0,0,1,1.6,0.0,0,0,0.0,0,64,1,0,0,58.5,0,0,1,3.0,0.0,0,0.0,0,33,1,0
Krys Barnes,42548,LB,CAR,3,0,0,5,59.6,0,0,9,12.7,0.0,0,0,11.1,1,71,9,1,0,52.2,0,0,5,17.9,0.0,0,0.0,0,28,5,0
Justin Strnad,42659,LB,DEN,17,0,0,10,69.9,4,8,77,20.4,9.1,7,0,14.3,5,412,84,17,0,67.6,2,4,34,22.4,5.9,2,17.6,3,170,38,9
Chauncey Golston,42718,ED,NYG,9,0,0,21,54.6,0,4,86,91.0,5.8,5,0,3.5,1,100,91,5,0,54.9,0,2,37,91.3,8.1,3,5.4,1,46,42,3
Nick Bosa,42741,ED,SF,3,0,0,28,80.3,2,6,65,98.6,20.0,13,0,9.2,2,71,70,10,0,87.1,2,4,30,97.1,26.7,8,16.7,2,35,34,8
Osa Odighizuwa,42754,DI,DAL,17,0,2,9,71.5,20,29,391,98.6,13.6,53,5,7.0,3,426,420,52,0,71.6,11,21,185,99.0,18.4,34,9.2,1,199,197,33
Chase Lucas,42833,CB,SF,6,0,1,28,87.4,1,1,5,6.2,20.0,1,2,20.0,0,81,5,2,0,90.6,1,1,2,3.6,50.0,1,50.0,0,55,2,2
Curtis Robinson,42871,LB,SF,8,0,0,28,45.4,0,0,17,10.7,0.0,0,0,0.0,0,168,18,0,0,48.2,0,0,8,11.0,0.0,0,0.0,0,82,9,0
Kristian Fulton,42894,CB,KC,8,0,0,16,60.0,0,0,1,0.8,0.0,0,0,0.0,0,127,1,0,0,60.0,0,0,1,1.8,0.0,0,0.0,0,55,1,0
Rashan Gary,42905,ED,GB,17,0,0,12,61.8,13,40,421,97.6,11.9,50,1,8.0,7,457,446,60,0,67.4,11,26,214,99.1,18.2,39,11.0,5,232,230,42
Khalid Kareem,42993,ED,ATL,4,0,0,2,67.7,1,5,34,94.7,23.5,8,0,8.8,0,38,36,6,0,64.3,0,4,13,86.7,30.8,4,15.4,0,15,13,4
Jonathon Cooper,43021,ED,DEN,19,3,3,10,66.8,10,36,429,86.1,13.3,57,6,7.9,11,527,454,57,0,70.5,9,27,210,89.3,18.1,38,12.4,8,253,226,44
Charvarius Ward,43034,CB,IND,7,0,0,14,60.0,0,1,1,0.3,0.0,0,2,50.0,0,290,1,1,0,,0,0,0,0.0,,0,,0,131,0,0
Brandon Jones,43049,S,DEN,14,0,0,10,62.2,1,4,26,4.7,11.5,3,3,13.5,1,590,28,6,0,70.8,0,1,8,3.4,12.5,1,18.8,1,264,9,2
Devin White,43089,LB,LV,17,0,0,23,69.0,5,5,70,12.1,11.4,8,4,11.4,3,630,76,13,0,68.6,4,3,24,9.3,12.5,3,18.8,1,281,26,8
Jeremy Chinn,43179,S,LV,15,0,0,23,60.0,1,3,24,5.0,12.5,3,1,8.3,0,556,28,4,0,77.0,0,1,8,3.3,37.5,3,6.3,0,245,8,1
Mack Wilson Sr.,43190,LB,ARZ,8,1,0,1,80.6,1,6,27,9.0,18.5,5,1,13.0,0,343,31,7,0,87.6,1,5,12,8.6,25.0,3,25.0,0,163,14,6
Joe Bachie,43250,LB,TEN,5,1,1,31,72.4,0,0,10,11.2,10.0,1,2,0.0,0,89,10,0,0,,0,0,0,0.0,,0,,0,25,0,0
Damar Hamlin,43291,S,BUF,1,0,0,4,56.8,0,1,1,10.0,0.0,0,0,50.0,0,10,1,1,0,56.8,0,1,1,12.5,0.0,0,50.0,0,8,1,1
Myles Bryant,43336,S,HST,9,0,0,13,66.9,0,1,4,1.7,25.0,1,0,12.5,0,241,4,1,0,68.4,0,0,2,1.5,50.0,1,0.0,0,133,2,0
Josh Metellus,43395,S,MIN,14,1,0,18,72.6,2,5,22,4.9,13.6,3,2,20.5,1,471,23,8,0,77.8,0,3,7,3.2,42.9,3,35.7,1,222,7,4
Alex Highsmith,43507,ED,PIT,14,1,0,25,78.0,9,25,328,82.8,15.2,50,3,8.2,10,424,351,44,1,71.2,5,15,170,85.4,15.3,26,9.4,6,213,182,26
William Kwenkeu,43510,LB,BLT,1,0,0,3,60.0,0,0,1,50.0,0.0,0,0,0.0,0,2,1,0,0,,0,0,0,,,0,,0,0,0,0
Sam Franklin Jr.,43580,S,BUF,2,0,0,4,60.0,0,0,1,25.0,0.0,0,0,0.0,0,4,1,0,0,,0,0,0,0.0,,0,,0,1,0,0
Jeffery Simmons,43742,DI,TEN,15,3,2,31,91.4,10,42,433,98.7,19.4,84,10,8.8,12,471,465,64,2,91.6,5,34,207,99.1,25.6,53,14.3,10,228,226,49
Derrick Brown,43883,DI,CAR,18,7,0,5,69.7,7,26,473,99.2,8.7,41,2,4.8,6,500,496,39,3,72.7,5,17,224,100.0,11.6,26,7.1,5,232,232,27
Pat Jones II,43974,ED,CAR,4,0,0,5,61.3,1,8,94,91.8,9.6,9,0,5.9,1,110,101,10,0,65.1,1,5,53,94.9,13.2,7,7.5,1,59,56,7
Byron Murphy Jr.,44027,CB,MIN,17,0,2,18,46.7,0,2,13,2.4,0.0,0,9,7.7,0,547,13,2,0,51.5,0,1,5,1.9,0.0,0,10.0,0,260,5,1
Benito Jones,44035,DI,MIA,14,1,0,17,58.5,0,4,106,98.2,2.8,3,2,2.8,1,112,110,5,0,63.6,0,1,23,100.0,4.3,1,2.2,0,25,25,1
Quinnen Williams,44216,DI,DAL,15,0,1,9,69.6,9,39,380,99.8,13.2,50,6,7.1,3,411,410,51,0,73.2,7,29,170,99.5,21.2,36,11.8,2,184,183,38
Nnamdi Madubuike,44304,DI,BLT,2,0,0,3,71.7,1,7,69,97.4,20.3,14,1,8.7,2,76,74,10,0,78.5,1,7,43,97.8,27.9,12,14.0,2,45,44,10
Boogie Basham,44320,ED,CAR,3,0,0,5,63.1,0,3,16,88.9,12.5,2,0,9.4,0,18,16,3,0,74.1,0,2,5,100.0,40.0,2,20.0,0,5,5,2
Naquan Jones,44363,DI,HST,13,1,0,13,58.1,1,0,105,98.2,1.9,2,3,0.5,0,112,110,1,1,61.2,1,0,32,100.0,3.1,1,1.6,0,32,32,1
Isaiahh Loudermilk,44416,DI,PIT,2,0,0,25,59.1,0,1,13,100.0,7.7,1,0,3.8,0,14,14,1,0,67.0,0,1,4,100.0,25.0,1,12.5,0,4,4,1
Kyzir White,44485,LB,TEN,1,0,0,31,58.9,0,0,1,14.3,0.0,0,0,0.0,0,7,1,0,0,58.9,0,0,1,50.0,0.0,0,0.0,0,2,1,0
Elijah Garcia,44498,DI,ATL,7,0,0,2,58.4,0,0,42,100.0,4.8,2,0,2.4,1,44,44,1,0,52.8,0,0,8,100.0,0.0,0,0.0,0,8,8,0
Brian Burns,44522,ED,NYG,17,7,0,21,71.5,14,24,439,85.6,7.3,32,1,7.7,15,550,471,53,1,70.7,4,12,197,90.5,9.1,18,8.6,9,243,220,25
D.J. Wonnum,44550,ED,CAR,17,2,0,5,50.4,2,26,382,87.2,8.6,33,0,4.5,3,454,396,31,0,54.0,1,15,208,90.0,12.0,25,4.8,2,239,215,18
Jack Heflin,44570,DI,LA,1,0,0,26,49.5,0,0,9,100.0,0.0,0,0,0.0,0,9,9,0,0,51.2,0,0,7,100.0,0.0,0,0.0,0,7,7,0
Jonah Williams,44597,DI,NO,15,0,0,20,58.1,2,6,159,99.4,5.7,9,1,4.4,3,163,162,11,0,55.6,1,4,72,100.0,5.6,4,6.3,2,73,73,7
Leki Fotu,44614,DI,HST,10,0,0,13,51.6,1,2,83,98.9,2.4,2,0,3.0,1,89,88,4,0,53.3,0,1,29,100.0,0.0,0,5.2,1,30,30,2
Terrell Burgess,45255,S,NO,15,0,0,20,59.0,0,0,1,1.7,0.0,0,0,0.0,0,59,1,0,0,,0,0,0,0.0,,0,,0,33,0,0
Eyioma Uwazurike,45414,DI,DEN,19,0,0,10,52.0,2,6,224,100.0,3.6,8,1,3.6,4,244,244,12,0,54.3,0,3,72,100.0,5.6,4,6.3,3,81,81,6
Brandon Stephens,45644,CB,NYJ,16,0,0,22,62.0,0,1,5,0.9,20.0,1,3,10.0,0,588,5,1,0,60.0,0,0,1,0.4,0.0,0,0.0,0,258,1,0
Da'Shawn Hand,48386,DI,LAC,14,3,0,27,54.9,2,13,273,98.0,4.0,11,2,3.5,2,296,290,17,3,66.8,2,8,108,98.4,9.3,10,6.5,2,122,120,12
Jalyn Holmes,48400,DI,WAS,10,0,0,32,51.3,1,6,107,99.1,4.7,5,0,3.3,0,114,113,7,0,57.8,0,4,35,97.2,11.4,4,5.7,0,36,35,4
Kentavius Street,48404,DI,ATL,7,0,0,2,56.3,1,3,102,99.1,4.9,5,0,3.9,2,110,109,6,0,51.2,0,2,45,100.0,4.4,2,2.2,0,48,48,2
Anthony Nelson,48405,ED,TB,15,2,0,30,71.9,1,19,172,76.0,13.4,23,0,7.6,3,242,184,23,0,71.6,1,14,84,81.3,21.4,18,11.3,2,112,91,17
Jonathan Greenard,48407,ED,MIN,12,0,1,18,77.6,8,35,259,80.6,16.6,43,5,9.8,4,335,270,47,0,71.9,2,23,129,82.9,15.5,20,12.0,3,164,136,28
Mike Danna,48415,ED,KC,15,0,0,16,56.7,3,5,183,93.7,6.6,12,0,2.7,1,205,192,9,0,60.5,2,3,65,91.9,7.7,5,5.4,1,74,68,6
Tyquan Lewis,48475,ED,IND,13,1,1,14,51.4,1,13,195,93.4,7.7,15,3,5.1,3,227,212,17,0,55.2,1,10,102,98.2,9.8,10,8.3,3,110,108,14
Carl Granderson,48500,ED,NO,17,1,0,20,61.5,4,28,317,76.8,10.1,32,3,7.3,7,440,338,39,1,63.2,3,18,172,81.5,12.8,22,9.0,5,227,185,26
Bradley Chubb,48526,ED,MIA,17,0,0,17,60.3,9,31,369,85.8,11.1,41,3,7.6,8,458,393,48,0,60.6,6,21,180,87.1,12.8,23,10.8,6,225,196,33
Dorance Armstrong,48557,ED,WAS,7,0,0,32,71.2,1,15,131,97.3,13.7,18,1,10.7,6,147,143,22,0,67.8,1,11,61,95.7,16.4,10,14.8,3,69,66,15
Harold Landry III,48600,ED,NE,18,0,0,19,59.4,12,31,404,90.1,8.7,35,3,7.5,9,484,436,52,0,59.7,5,22,214,93.5,11.2,24,9.6,7,248,232,34
Roy Lopez,48676,DI,DET,17,1,0,11,63.6,2,8,219,99.6,8.7,19,2,3.7,3,239,238,13,1,65.7,0,4,78,100.0,11.5,9,3.8,1,88,88,5
Harrison Phillips,48690,DI,NYJ,17,1,0,22,56.2,1,8,323,100.0,4.0,13,0,2.0,2,343,343,11,1,58.7,1,5,105,100.0,4.8,5,3.8,1,113,113,7
Daron Payne,48698,DI,WAS,15,4,0,32,64.5,5,17,347,99.5,7.2,25,1,4.3,4,373,371,26,3,71.3,5,11,157,100.0,10.2,16,7.6,4,168,168,20
Greg Gaines,48706,DI,TB,17,0,0,30,53.1,1,5,201,99.1,4.0,8,2,2.5,2,211,209,8,0,57.8,1,2,90,98.9,6.7,6,3.9,2,95,94,5
Marlon Davidson,48741,DI,HST,1,0,0,13,56.2,0,0,4,100.0,0.0,0,0,0.0,0,5,5,0,0,59.6,0,0,1,100.0,0.0,0,0.0,0,1,1,0
Taven Bryan,48753,DI,BLT,5,0,0,3,52.2,1,2,62,95.7,4.8,3,0,4.0,1,69,66,4,0,51.8,1,1,35,94.9,5.7,2,5.7,1,39,37,3
L.J. Collier,48822,DI,ARZ,4,0,0,1,63.6,2,1,49,100.0,12.2,6,0,3.1,0,50,50,3,0,73.6,2,1,23,100.0,26.1,6,6.5,0,24,24,3
Daniel Ekuale,48874,DI,PIT,7,1,0,25,70.2,1,5,43,97.7,11.6,5,0,7.0,0,44,43,6,0,65.1,1,4,17,94.4,17.6,3,14.7,0,18,17,5
Poona Ford,48875,DI,LA,20,1,0,26,76.3,3,28,329,99.7,12.2,40,0,5.6,3,343,342,34,1,81.9,1,20,126,100.0,19.0,24,9.9,2,129,129,23
Vita Vea,48956,DI,TB,17,3,1,30,77.0,8,39,473,96.9,12.9,61,2,5.8,4,518,502,51,3,82.7,7,26,226,97.6,17.3,39,9.1,4,250,244,37
Tim Settle,48966,DI,HST,12,3,0,13,78.0,0,16,196,99.1,12.2,24,2,4.6,1,217,215,17,3,77.9,0,11,80,100.0,16.3,13,8.1,1,89,89,12
Nick Scott,49012,S,CAR,18,0,0,5,74.8,0,1,2,0.3,0.0,0,4,25.0,0,637,2,1,0,59.1,0,0,1,0.3,0.0,0,0.0,0,305,1,0
Justin Reid,49048,S,NO,15,1,0,20,75.2,0,2,12,2.9,16.7,2,2,16.7,1,455,13,3,0,77.8,0,2,4,2.4,50.0,2,50.0,1,208,5,3
Jalen Thompson,49116,S,ARZ,15,0,0,1,60.5,0,0,15,2.5,0.0,0,1,6.7,1,597,15,1,0,72.1,0,0,7,2.5,0.0,0,14.3,1,284,7,1
Jessie Bates III,49162,S,ATL,17,0,0,2,66.6,2,2,11,1.6,0.0,0,1,18.2,0,667,11,4,0,63.5,2,1,8,2.5,0.0,0,18.8,0,324,8,3
Elijah Campbell,49190,S,MIA,3,0,0,17,60.0,0,0,1,10.0,0.0,0,0,0.0,0,10,1,0,0,,0,0,0,0.0,,0,,0,4,0,0
Ronnie Harrison,49206,LB,ATL,10,2,0,2,77.7,1,4,17,11.3,0.0,0,1,26.5,2,159,18,7,1,63.5,0,3,10,16.4,0.0,0,25.0,1,67,11,4
Demetrius Flannigan-Fowles,49231,LB,NYG,7,0,0,21,68.1,1,2,10,10.4,20.0,2,0,25.0,1,135,14,4,0,64.1,1,1,7,16.9,14.3,1,28.6,1,59,10,3
Andrew Wingard,49268,S,JAX,17,1,0,15,55.9,1,10,54,8.6,5.6,3,2,10.2,0,688,59,11,0,50.7,1,4,13,5.0,7.7,1,19.2,0,300,15,5
Carlton Davis III,49335,CB,NE,21,0,0,19,55.5,2,4,9,1.2,0.0,0,13,33.3,0,739,9,6,0,70.4,1,0,4,1.1,0.0,0,12.5,0,352,4,1
Chris Lammons,49368,CB,IND,4,0,0,14,69.2,0,0,4,4.4,25.0,1,0,0.0,0,91,4,0,0,,0,0,0,0.0,,0,,0,51,0,0
C.J. Gardner-Johnson,49371,S,CHI,14,0,2,6,59.3,3,1,50,9.8,2.0,1,3,10.0,3,510,50,7,0,62.2,2,1,24,9.5,4.2,1,14.6,2,252,24,5
Cam Lewis,49395,S,BUF,18,0,2,4,56.8,0,4,18,6.0,11.1,2,3,11.1,0,315,19,4,0,60.7,0,3,14,8.0,14.3,2,10.7,0,176,14,3
M.J. Stewart,49397,S,HST,7,0,0,13,56.2,0,0,2,1.3,0.0,0,1,0.0,0,153,2,0,0,56.2,0,0,2,2.5,0.0,0,0.0,0,79,2,0
Donovan Wilson,49408,S,DAL,15,1,1,9,59.0,0,4,23,4.3,13.0,3,2,8.7,0,579,25,4,0,47.8,0,1,8,3.3,12.5,1,6.3,0,276,9,1
Taron Johnson,49511,CB,BUF,15,0,0,4,36.8,0,4,27,6.2,0.0,0,4,7.4,0,467,29,4,0,36.8,0,2,13,5.5,0.0,0,7.7,0,236,13,2
Nick McCloud,49535,CB,CHI,14,0,0,6,48.7,0,1,9,3.2,0.0,0,3,5.6,0,284,9,1,0,49.6,0,1,6,4.5,0.0,0,8.3,0,132,6,1
Denzel Ward,49558,CB,CLV,15,0,0,8,45.2,0,2,3,0.7,0.0,0,3,33.3,0,455,3,2,0,39.8,0,1,1,0.5,0.0,0,50.0,0,208,1,1
Ashtyn Davis,49560,S,MIA,14,0,0,17,54.1,0,2,11,2.8,9.1,1,0,9.1,0,425,12,2,0,58.5,0,1,6,3.0,16.7,1,8.3,0,202,6,1
Rock Ya-Sin,49564,CB,DET,16,0,1,11,60.3,1,2,4,1.3,0.0,0,8,37.5,0,387,5,3,0,,0,0,0,0.0,,0,,0,156,0,0
Matt Dickerson,49601,DI,JAX,9,1,0,15,59.4,2,3,112,100.0,8.0,9,1,2.2,0,120,120,5,1,62.3,2,1,36,100.0,8.3,3,4.2,0,38,38,3
Zach Allen,49605,DI,DEN,19,5,1,10,76.6,38,33,570,99.0,13.3,76,3,8.3,12,613,607,83,3,77.4,25,24,286,99.7,17.8,51,12.4,11,310,309,60
Cole Holcomb,49753,LB,PIT,8,0,0,25,54.1,0,2,18,17.5,5.6,1,0,5.6,0,103,18,2,0,52.1,0,2,5,15.6,0.0,0,20.0,0,32,5,2
Quincy Williams,49779,LB,NYJ,13,0,0,22,66.9,1,4,47,12.4,10.6,5,2,13.8,4,436,54,9,0,70.3,1,2,25,15.7,12.0,3,18.0,3,191,30,6
Azeez Al-Shaair,49792,LB,HST,18,2,0,13,61.0,2,5,23,3.9,4.3,1,2,15.2,0,685,27,7,1,65.0,2,3,11,4.0,9.1,1,22.7,0,329,13,5
Zaire Franklin,49834,LB,IND,17,1,0,14,57.5,4,12,108,16.1,4.6,5,3,10.2,3,702,113,19,1,58.5,3,10,58,19.3,3.4,2,14.7,2,322,62,15
Christian Rozeboom,49862,LB,CAR,16,0,0,5,61.7,0,5,48,11.0,8.3,4,1,9.4,2,483,53,7,0,73.5,0,1,19,9.5,10.5,2,13.2,2,221,21,3
B.J. Hill,49894,DI,CIN,17,0,0,7,63.6,6,18,334,100.0,8.4,28,2,5.1,5,354,354,29,0,54.9,0,7,113,100.0,7.1,8,4.9,2,122,122,9
Sebastian Joseph-Day,49935,DI,TEN,17,0,0,31,65.7,4,15,215,99.6,8.4,18,1,4.9,1,232,231,20,0,62.3,1,5,64,100.0,12.5,8,4.7,0,70,70,6
Jerry Tillery,49949,DI,KC,17,0,0,16,55.3,0,10,185,100.0,5.4,10,1,3.8,2,193,193,12,0,60.9,0,4,55,100.0,9.1,5,7.3,2,57,57,6
Derrick Nnadi,49970,DI,KC,15,0,0,16,50.2,1,2,98,96.4,2.0,2,1,1.5,0,110,106,3,0,54.8,0,1,23,96.0,4.3,1,2.2,0,25,24,1
Broderick Washington,50049,DI,BLT,3,1,0,3,62.3,0,3,47,100.0,6.4,3,0,3.2,0,49,49,3,0,55.1,0,2,18,100.0,5.6,1,5.6,0,19,19,2
Uchenna Nwosu,50084,ED,SEA,19,2,3,29,62.7,6,40,405,88.9,11.9,48,6,7.9,9,479,426,55,0,67.7,4,34,228,91.7,17.1,39,11.4,7,264,242,45
John Franklin-Myers,50088,DI,DEN,18,0,1,10,68.0,9,26,381,98.5,12.6,48,6,6.7,8,412,406,43,0,69.3,8,19,222,99.6,14.9,33,8.8,6,242,241,33
Josh Sweat,50120,ED,ARZ,17,0,0,1,73.6,6,29,338,95.4,15.1,51,2,8.7,12,372,355,47,0,79.4,6,19,193,97.6,20.2,39,12.2,11,209,204,36
Ogbo Okoronkwo,50130,ED,PHI,1,0,0,24,56.5,0,0,2,100.0,0.0,0,0,0.0,0,2,2,0,0,56.5,0,0,2,100.0,0.0,0,0.0,0,2,2,0
Jacob Martin,50152,ED,WAS,17,1,0,32,63.9,11,26,385,95.1,12.2,47,2,6.9,8,431,410,45,0,66.5,5,13,155,92.3,16.1,25,10.3,7,182,168,25
Malcolm Roach,50191,DI,DEN,14,0,0,10,63.4,3,10,245,98.8,4.5,11,2,5.9,8,259,256,21,0,71.8,1,4,85,98.9,7.1,6,12.4,8,92,91,13
Arden Key,50201,ED,TEN,12,0,1,31,56.7,7,21,274,94.8,10.2,28,3,6.9,5,310,294,33,0,58.7,3,16,151,97.6,13.2,20,9.6,5,166,162,24
Oren Burks,50203,LB,CIN,15,1,0,7,73.2,0,4,10,6.7,20.0,2,1,20.0,0,150,10,4,0,82.1,0,2,5,12.2,40.0,2,20.0,0,41,5,2
Josh Hines-Allen,50235,ED,JAX,18,3,0,15,83.8,22,68,555,93.7,19.1,106,4,9.9,10,632,592,100,0,90.8,10,55,243,95.3,30.9,75,16.3,7,276,263,72
Marcus Davenport,50291,ED,DET,8,0,0,11,55.8,2,4,141,99.3,7.1,10,0,2.8,1,151,150,7,0,57.7,1,3,47,98.1,12.8,6,4.3,0,52,51,4
Cornell Armstrong,50351,CB,MIA,3,0,0,17,52.3,0,0,3,6.0,0.0,0,0,0.0,0,50,3,0,0,53.9,0,0,2,6.3,0.0,0,0.0,0,32,2,0
Isaiah Oliver,50393,S,NYJ,13,0,3,22,63.9,0,1,8,4.6,0.0,0,4,6.3,0,175,8,1,0,59.7,0,0,1,1.3,0.0,0,0.0,0,77,1,0
Jeremy Reaves,50406,S,WAS,17,0,1,32,59.0,1,2,7,1.9,0.0,0,3,21.4,0,414,8,3,0,54.2,0,1,3,1.6,0.0,0,16.7,0,191,3,1
Juan Thornhill,50426,S,JAX,7,0,0,15,57.9,0,0,2,0.9,0.0,0,0,0.0,0,223,2,0,0,,0,0,0,0.0,,0,,0,132,0,0
Jalen Davis,50431,CB,CIN,7,0,0,7,85.4,1,0,9,4.8,22.2,2,1,16.7,1,187,9,2,0,73.4,0,0,2,2.0,50.0,1,0.0,0,100,2,0
Mike Jackson,50437,CB,CAR,18,0,1,5,53.2,0,2,5,0.9,0.0,0,3,20.0,0,638,6,2,0,58.6,0,1,0,0.3,,0,,0,304,1,1
Avonte Maddox,50543,S,DET,8,0,0,11,61.3,0,0,2,0.9,0.0,0,1,0.0,0,224,2,0,0,,0,0,0,0.0,,0,,0,88,0,0
Charles Omenihu,50612,ED,KC,17,1,0,16,58.8,8,21,360,97.5,8.3,30,5,5.4,5,393,383,34,1,72.0,6,15,178,97.9,15.2,27,8.1,4,195,191,25
Luke Gifford,50675,LB,SF,15,0,0,28,60.0,0,0,1,1.9,0.0,0,0,0.0,0,52,1,0,0,,0,0,0,0.0,,0,,0,11,0,0
Cody Barton,50727,LB,TEN,17,0,0,31,60.2,0,6,50,8.3,12.0,6,0,8.0,1,635,53,7,0,68.3,0,4,23,8.6,21.7,5,8.7,0,292,25,4
Jordyn Brooks,50851,LB,MIA,17,0,0,17,75.0,0,12,75,14.6,20.0,15,3,13.3,4,570,83,16,0,79.8,0,10,41,16.8,26.8,11,19.5,3,268,45,13
Roquan Smith,50892,LB,BLT,15,0,0,3,42.9,4,5,83,13.6,3.6,3,2,5.4,0,634,86,9,0,48.8,3,3,46,15.0,6.5,3,6.5,0,320,48,6
Tremaine Edmunds,50905,LB,CHI,15,2,0,6,54.9,2,6,73,13.8,2.7,2,1,8.2,2,578,80,10,2,62.6,1,4,35,13.8,5.7,2,10.0,1,261,36,6
Robert Spillane,50918,LB,NE,17,0,0,19,52.5,0,18,66,11.4,10.6,7,0,15.2,1,630,72,19,0,53.7,0,11,40,14.5,10.0,4,16.3,1,317,46,12
Bobby Okereke,50954,LB,NYG,17,0,1,21,65.5,2,7,45,7.2,11.1,5,3,12.2,1,671,48,10,0,76.4,1,5,23,8.2,17.4,4,17.4,1,293,24,7
Frankie Luvu,51028,LB,WAS,17,2,1,32,58.2,4,17,213,34.9,6.1,13,2,6.8,4,654,228,25,0,57.1,2,8,98,37.9,8.2,8,8.2,3,280,106,13
Tyrel Dodson,51045,LB,MIA,16,0,1,17,66.2,2,9,61,12.1,1.6,1,3,17.2,5,531,64,16,0,66.0,2,5,32,13.8,3.1,1,20.3,3,253,35,10
Jahlani Tavai,51055,LB,NE,16,0,0,19,44.9,0,0,24,20.2,0.0,0,1,0.0,0,129,26,0,0,49.8,0,0,6,20.7,0.0,0,0.0,0,29,6,0
Julian Love,51081,S,SEA,11,0,0,29,54.6,0,2,14,3.4,7.1,1,1,14.3,1,417,14,3,0,50.4,0,2,5,2.2,0.0,0,20.0,0,226,5,2
Marcelino McCrary-Ball,51112,LB,NYJ,4,0,1,22,58.7,0,3,9,19.6,11.1,1,2,16.7,0,46,9,3,0,65.5,0,1,3,33.3,33.3,1,16.7,0,9,3,1
P.J. Locke,51189,S,DEN,10,0,0,10,57.5,0,0,10,5.3,10.0,1,1,0.0,0,189,10,0,0,53.7,0,0,4,4.1,0.0,0,0.0,0,97,4,0
Minkah Fitzpatrick,51206,S,MIA,14,0,1,17,77.1,1,4,28,5.9,14.3,4,4,12.5,1,488,29,6,0,57.5,0,3,8,3.9,12.5,1,18.8,0,231,9,3
Fred Warner,51222,LB,SF,6,1,0,28,57.5,0,0,11,5.4,0.0,0,0,0.0,0,204,11,0,0,50.8,0,0,6,6.1,0.0,0,0.0,0,98,6,0
Drue Tranquill,51276,LB,KC,17,0,1,16,56.7,1,10,105,22.0,10.5,11,1,7.1,2,499,110,13,0,78.2,1,5,38,22.4,23.7,9,13.2,2,174,39,8
Mike Edwards,51282,S,KC,6,0,0,16,58.3,0,1,1,1.3,0.0,0,0,50.0,0,78,1,1,0,58.3,0,1,1,4.0,0.0,0,50.0,0,25,1,1
Will Harris,51336,S,WAS,9,0,1,32,77.8,0,0,2,0.6,0.0,0,2,50.0,1,343,2,1,0,79.3,0,0,1,0.6,0.0,0,100.0,1,160,1,1
Derwin James Jr.,51368,S,LAC,17,1,0,27,73.1,5,5,72,12.6,11.1,8,3,11.1,3,601,76,13,0,53.0,1,1,28,12.7,7.1,2,3.6,0,245,31,2
Amani Hooker,51378,S,TEN,16,1,0,31,73.8,0,6,14,2.6,14.3,2,1,28.6,1,549,14,7,0,72.8,0,2,5,2.0,20.0,1,40.0,1,256,5,3
Jaylinn Hawkins,51423,S,NE,19,0,0,19,57.4,3,6,35,5.0,2.9,1,2,18.6,2,694,35,11,0,65.7,3,3,18,5.4,5.6,1,27.8,2,334,18,8
Kaden Elliss,51485,LB,ATL,17,1,0,2,83.6,5,21,165,26.1,18.2,30,0,10.3,4,670,175,30,0,86.8,3,14,82,26.5,24.4,20,14.0,3,325,86,20
Dre Greenlaw,51503,LB,DEN,10,0,0,10,49.0,1,1,30,14.5,6.7,2,0,6.7,1,227,33,3,0,38.5,0,1,8,9.5,0.0,0,6.3,0,95,9,1
Kenny Moore II,51596,CB,IND,14,0,2,14,58.6,1,0,44,9.5,2.3,1,6,5.7,2,484,46,3,0,53.4,1,0,19,8.6,5.3,1,7.9,1,244,21,2
Khyiris Tonga,52000,DI,NE,17,2,0,19,73.9,3,13,206,99.5,11.2,23,0,4.4,1,217,216,17,1,71.8,0,8,78,100.0,15.4,12,6.4,1,80,80,9
Claudin Cherelus,52094,LB,CAR,7,0,0,5,70.2,1,1,11,9.4,18.2,2,0,9.1,0,117,11,2,0,72.6,1,1,9,17.6,22.2,2,11.1,0,51,9,2
Paulson Adebo,52280,CB,NYG,12,0,0,21,60.0,0,0,1,0.2,0.0,0,3,0.0,0,465,1,0,0,,0,0,0,0.0,,0,,0,209,0,0
Ivan Pace Jr.,53587,LB,MIN,14,0,0,18,72.5,5,8,48,33.1,18.8,9,1,15.6,1,148,49,14,0,68.4,1,3,16,32.7,18.8,3,18.8,1,49,16,5
Carrington Valentine,53750,CB,GB,17,0,2,12,68.6,0,1,5,1.0,20.0,1,4,10.0,0,511,5,1,0,,0,0,0,0.0,,0,,0,261,0,0
C.J. Brewer,54409,DI,TB,5,0,0,30,59.5,0,1,13,93.8,0.0,0,0,11.5,1,16,15,2,0,55.5,0,0,4,100.0,0.0,0,0.0,0,4,4,0
Malcolm Koonce,55015,ED,LV,17,0,1,23,59.4,8,22,312,95.1,14.4,45,3,6.4,5,348,331,35,0,60.2,5,13,174,96.4,14.4,25,6.9,3,192,185,21
Coby Bryant,55088,S,SEA,18,0,0,29,66.8,0,1,7,0.9,0.0,0,0,7.1,0,775,7,1,0,55.0,0,1,2,0.5,0.0,0,25.0,0,418,2,1
Boye Mafe,55220,ED,SEA,20,2,2,29,69.2,2,40,355,89.7,11.3,40,5,6.5,2,427,383,44,0,81.2,2,25,184,88.4,17.4,32,8.4,2,232,205,29
Esezi Otomewo,55221,DI,PIT,12,0,0,25,52.7,1,7,103,98.2,4.9,5,1,4.9,1,114,112,9,0,55.0,1,2,54,98.3,3.7,2,4.6,1,59,58,4
Kalia Davis,55389,DI,SF,19,4,1,28,52.4,1,8,266,99.7,4.5,12,1,2.1,1,289,288,10,3,55.9,1,4,114,100.0,6.1,7,3.1,1,125,125,6
Ja'Sir Taylor,55426,CB,NYJ,5,0,0,22,59.0,0,0,1,1.4,0.0,0,0,0.0,0,74,1,0,0,,0,0,0,0.0,,0,,0,31,0,0
Elijah Hicks,55584,S,CHI,9,0,0,6,49.6,0,0,9,14.3,0.0,0,0,0.0,0,63,9,0,0,50.0,0,0,8,22.2,0.0,0,0.0,0,36,8,0
A.J. Terrell,55586,CB,ATL,15,0,3,2,57.9,0,1,1,0.2,0.0,0,12,50.0,0,583,1,1,0,57.9,0,1,1,0.4,0.0,0,50.0,0,278,1,1
Lonnie Johnson Jr.,55615,S,LV,9,0,0,23,56.4,0,0,2,0.9,0.0,0,1,0.0,0,214,2,0,0,58.5,0,0,1,0.9,0.0,0,0.0,0,111,1,0
Amik Robertson,55619,CB,DET,17,0,1,11,57.8,0,3,7,1.4,0.0,0,3,21.4,0,561,8,3,0,65.9,0,3,4,1.9,0.0,0,37.5,0,260,5,3
Jeff Okudah,55674,CB,MIN,6,0,1,18,60.0,0,0,1,1.4,0.0,0,2,0.0,0,72,1,0,0,,0,0,0,0.0,,0,,0,48,0,0
Tre Brown,55677,CB,NYJ,1,0,0,22,66.0,0,0,1,4.5,100.0,1,0,0.0,0,22,1,0,0,,0,0,0,0.0,,0,,0,4,0,0
Deommodore Lenoir,55686,CB,SF,19,0,0,28,66.7,0,0,1,0.1,100.0,1,10,0.0,0,718,1,0,0,,0,0,0,0.0,,0,,0,356,0,0
Marcus Jones,55717,CB,NE,21,0,1,19,79.6,0,4,33,5.0,12.1,4,2,15.2,3,656,33,7,0,75.4,0,3,17,4.7,17.6,3,20.6,2,361,17,5
Darious Williams,55724,CB,LA,14,0,0,26,54.1,0,0,2,0.6,0.0,0,2,0.0,0,352,2,0,0,57.7,0,0,1,0.5,0.0,0,0.0,0,186,1,0
Ja'Marcus Ingram,55738,CB,HST,8,0,0,13,58.3,0,0,1,1.3,0.0,0,0,0.0,0,75,1,0,0,,0,0,0,0.0,,0,,0,35,0,0
Xavier McKinney,55775,S,GB,17,0,0,12,67.2,1,0,14,2.2,7.1,1,2,10.7,1,680,15,2,0,51.6,1,0,5,1.8,0.0,0,10.0,0,334,6,1
Montaric Brown,55797,CB,JAX,15,0,1,15,58.5,0,2,3,0.6,33.3,1,3,33.3,0,542,3,2,0,,0,0,0,0.0,,0,,0,222,0,0
Kamren Curl,55800,S,LA,20,0,2,26,65.6,3,2,31,3.9,6.5,2,3,14.5,2,837,33,7,0,62.1,1,1,16,4.2,6.3,1,12.5,1,424,18,3
Arron Mosby,55908,ED,GB,2,0,0,12,59.0,0,2,7,90.0,14.3,1,1,14.3,0,10,9,2,0,56.5,0,0,1,100.0,0.0,0,0.0,0,2,2,0
Bryan Cook,55940,S,KC,17,0,0,16,58.3,0,1,1,0.2,0.0,0,1,50.0,0,503,1,1,0,,0,0,0,0.0,,0,,0,208,0,0
Nate Hobbs,55948,CB,GB,11,0,1,12,50.7,0,2,4,1.6,0.0,0,3,25.0,0,249,4,2,0,56.8,0,1,1,0.8,0.0,0,50.0,0,126,1,1
Tony Adams,55953,S,NYJ,10,0,1,22,61.7,0,0,8,3.0,0.0,0,3,12.5,1,270,8,1,0,62.6,0,0,6,5.0,0.0,0,16.7,1,119,6,1
Raheem Layne,55960,S,NYG,3,0,0,21,56.6,0,0,2,3.2,0.0,0,0,0.0,0,62,2,0,0,56.6,0,0,2,5.9,0.0,0,0.0,0,34,2,0
Geno Stone,55967,S,CIN,17,0,0,7,72.8,2,7,26,4.6,0.0,0,0,25.0,2,607,28,11,0,71.0,2,3,9,3.8,0.0,0,27.8,0,262,10,5
Markquese Bell,56033,S,DAL,14,0,1,9,66.9,1,0,7,3.6,0.0,0,3,7.1,0,222,8,1,0,53.0,0,0,2,2.8,0.0,0,0.0,0,108,3,0
Mike Brown,56054,S,TEN,3,0,0,31,66.7,0,0,0,25.0,,0,0,,0,4,1,0,0,66.7,0,0,0,25.0,,0,,0,4,1,0
Reed Blankenship,56065,S,PHI,17,1,0,24,67.8,0,0,3,0.5,0.0,0,2,0.0,0,653,3,0,1,66.0,0,0,0,0.0,,0,,0,320,0,0
Ty Okada,56089,S,SEA,19,0,0,29,71.2,0,6,17,3.5,0.0,0,1,29.4,2,519,18,8,0,73.8,0,1,5,1.8,0.0,0,50.0,2,285,5,3
Kemon Hall,56123,CB,TEN,2,0,0,31,67.4,0,2,2,5.9,50.0,1,0,50.0,0,51,3,2,0,52.7,0,1,1,7.4,0.0,0,50.0,0,27,2,1
Jason Pinnock,56144,S,SF,18,0,0,28,59.2,0,3,11,3.6,9.1,1,0,13.6,0,304,11,3,0,57.4,0,1,6,4.3,16.7,1,8.3,0,138,6,1
DaRon Bland,56158,CB,DAL,12,0,0,9,38.2,0,2,10,2.1,0.0,0,0,10.0,0,471,10,2,0,36.0,0,1,4,1.7,0.0,0,12.5,0,235,4,1
Marte Mapu,56159,LB,NE,17,0,0,19,72.1,0,1,3,2.7,33.3,1,0,16.7,0,112,3,1,0,60.0,0,1,1,1.2,100.0,1,50.0,0,82,1,1
Keisean Nixon,56167,CB,GB,18,0,2,12,74.2,1,0,2,0.3,0.0,0,13,25.0,0,659,2,1,0,,0,0,0,0.0,,0,,0,321,0,0
Ifeatu Melifonwu,56203,S,MIA,16,0,0,17,61.4,0,4,26,8.1,11.5,3,0,11.5,1,346,28,5,0,59.1,0,2,13,8.1,15.4,2,15.4,1,173,14,3
Quentin Lake,56245,S,LA,13,2,2,26,63.8,1,6,30,6.0,6.7,2,6,15.0,1,535,32,8,0,54.6,0,6,16,6.0,6.3,1,25.0,1,268,16,7
Darnay Holmes,56247,CB,LV,12,0,2,23,58.4,0,3,6,4.7,33.3,2,3,25.0,0,150,7,3,0,65.8,0,1,3,3.1,66.7,2,16.7,0,96,3,1
Jaylon Johnson,56259,CB,CHI,9,0,1,6,52.4,0,0,4,1.7,0.0,0,1,0.0,0,239,4,0,0,,0,0,0,0.0,,0,,0,119,0,0
Chris Rumph II,56345,ED,NO,17,0,0,20,57.5,2,7,89,60.3,7.9,7,0,7.3,2,151,91,11,0,53.0,0,5,37,71.7,5.4,2,9.5,1,53,38,6
Victor Dimukeje,56347,ED,NYG,2,0,0,21,54.7,0,1,4,80.0,25.0,1,0,12.5,0,5,4,1,0,55.0,0,1,3,100.0,33.3,1,16.7,0,3,3,1
Zach Carter,56349,DI,ARZ,4,0,0,1,47.8,0,0,41,100.0,0.0,0,0,0.0,0,42,42,0,0,50.9,0,0,12,100.0,0.0,0,0.0,0,12,12,0
A.J. Epenesa,56369,ED,BUF,18,5,0,4,63.4,6,19,232,90.5,7.3,17,3,6.7,3,275,249,28,2,68.3,3,13,105,86.8,12.4,13,10.5,3,129,112,19
Andre Jones Jr.,56395,ED,BUF,3,0,0,4,55.7,1,1,21,100.0,4.8,1,0,4.8,0,23,23,2,0,51.6,0,0,8,100.0,0.0,0,0.0,0,8,8,0
Chase Young,56436,ED,NO,12,2,1,20,86.3,2,35,270,89.6,15.2,41,3,11.3,12,318,285,49,0,80.8,2,23,153,94.3,20.9,32,14.1,9,175,165,34
Yetur Gross-Matos,56444,ED,SF,10,1,0,28,73.1,2,14,135,96.7,16.3,22,1,5.9,0,152,147,16,0,77.6,1,11,83,97.9,21.7,18,7.2,0,94,92,12
Patrick Johnson,56460,ED,PHI,7,0,0,24,56.2,1,3,46,81.7,6.5,3,1,6.5,1,60,49,5,0,59.4,0,1,15,80.0,6.7,1,10.0,1,20,16,2
Cam Sample,56462,ED,CIN,14,0,0,7,53.9,4,6,120,95.5,5.0,6,0,5.8,2,133,127,12,0,54.9,2,3,59,96.9,5.1,3,7.6,2,64,62,7
LaBryan Ray,56501,DI,CAR,13,0,0,5,45.6,0,2,63,98.5,1.6,1,2,1.6,0,68,67,2,0,48.9,0,0,17,100.0,0.0,0,0.0,0,18,18,0
Phidarian Mathis,56504,DI,BUF,7,0,0,4,52.7,1,0,47,100.0,2.1,1,0,1.1,0,50,50,1,0,59.8,1,0,11,100.0,9.1,1,4.5,0,12,12,1
D.J. Davidson,56523,DI,NYG,15,1,0,21,56.7,0,7,116,100.0,5.2,6,0,3.0,0,122,122,7,1,60.7,0,5,32,100.0,9.4,3,7.8,0,37,37,5
T.J. Slaton,56597,DI,CIN,17,0,1,7,57.9,4,12,265,100.0,6.8,18,1,4.2,3,278,278,19,0,61.6,1,4,67,100.0,11.9,8,5.2,1,72,72,6
Malik Herring,56616,ED,KC,1,0,0,16,57.1,0,0,2,100.0,0.0,0,0,0.0,0,2,2,0,0,57.1,0,0,2,100.0,0.0,0,0.0,0,2,2,0
Quinton Bohanna,56673,DI,GB,6,0,0,12,53.1,0,1,14,100.0,0.0,0,0,3.6,0,15,15,1,0,55.4,0,1,5,100.0,0.0,0,10.0,0,5,5,1
Milton Williams,56682,DI,NE,16,2,0,19,80.9,7,45,390,98.3,14.6,57,0,8.5,7,419,412,59,1,84.3,5,37,201,99.1,20.4,41,12.4,4,215,213,46
DJ Johnson,56704,ED,CAR,3,0,0,5,54.6,0,0,17,89.5,5.9,1,0,0.0,0,19,17,0,0,51.7,0,0,7,100.0,0.0,0,0.0,0,7,7,0
Jonathan Ford,56705,DI,GB,10,0,0,12,51.6,0,1,59,100.0,0.0,0,1,0.8,0,60,60,1,0,52.6,0,0,13,100.0,0.0,0,0.0,0,13,13,0
Kwity Paye,56713,ED,IND,17,0,0,14,56.8,5,29,391,89.9,10.7,42,0,5.4,4,454,408,38,0,59.3,3,19,200,94.5,13.5,27,7.5,4,220,208,26
Jordan Elliott,56734,DI,SF,18,1,1,28,61.0,1,15,252,100.0,8.7,22,4,3.2,0,272,272,16,0,64.7,1,9,97,100.0,14.4,14,5.2,0,106,106,10
Jordon Riley,56759,DI,GB,4,0,0,12,56.9,0,4,25,100.0,12.0,3,0,8.0,0,25,25,4,0,64.5,0,1,6,100.0,16.7,1,8.3,0,6,6,1
Javon Kinlaw,56834,DI,WAS,17,0,3,32,59.4,3,31,374,99.3,9.4,35,8,4.5,0,408,405,34,0,61.9,3,14,151,100.0,13.2,20,5.6,0,162,162,17
Kingsley Jonathan,56856,ED,NYJ,1,0,0,22,55.4,0,0,6,100.0,0.0,0,0,0.0,0,6,6,0,0,,0,0,0,,,0,,0,0,0,0
Arnold Ebiketie,56862,ED,ATL,17,0,0,2,73.4,4,19,173,89.3,16.8,29,0,7.8,2,205,183,25,0,74.5,2,13,84,93.5,21.4,18,10.1,1,92,86,16
Ta'Quon Graham,56868,DI,ATL,2,0,0,2,57.9,0,0,18,100.0,5.6,1,0,0.0,0,19,19,0,0,56.5,0,0,3,100.0,0.0,0,0.0,0,3,3,0
Micheal Clemons,56872,ED,NYJ,16,2,0,22,59.8,4,16,300,98.8,9.7,29,2,4.0,2,327,323,22,1,64.7,3,13,145,98.2,16.6,24,6.9,2,163,160,18
Jaelan Phillips,56902,ED,PHI,18,2,0,24,76.2,11,60,413,83.9,18.4,76,2,9.8,5,521,437,76,2,82.0,6,37,214,87.6,24.8,53,11.9,4,266,233,47
Jay Tufele,56913,DI,NYJ,12,0,0,22,51.1,0,6,122,100.0,2.5,3,1,2.5,0,129,129,6,0,56.8,0,5,49,100.0,6.1,3,5.1,0,53,53,5
Dayo Odeyingbo,56923,ED,CHI,8,0,0,6,57.0,2,7,190,95.0,8.4,16,2,2.9,1,218,207,10,0,62.3,2,5,88,93.0,13.6,12,5.1,1,100,93,8
DeAngelo Malone,56941,ED,ATL,5,0,0,2,49.7,0,0,11,73.3,0.0,0,0,0.0,0,15,11,0,0,51.0,0,0,6,66.7,0.0,0,0.0,0,9,6,0
Jordan Jackson,56957,DI,DEN,5,0,0,10,56.0,1,2,47,100.0,4.3,2,0,3.2,0,50,50,3,0,62.2,0,1,15,100.0,6.7,1,3.3,0,16,16,1
James Lynch,56962,DI,TEN,17,1,1,31,54.6,2,7,170,98.9,3.5,6,2,3.2,1,181,179,10,1,58.4,2,4,76,98.8,6.6,5,5.3,1,82,81,7
Cory Durden,56976,DI,NE,21,0,0,19,86.9,3,27,251,99.6,17.5,44,1,6.0,0,266,265,30,0,90.6,2,16,94,100.0,29.8,28,9.6,0,102,102,18
Larrell Murchison,57004,DI,LA,14,0,0,26,55.3,0,1,66,100.0,3.0,2,0,3.8,2,69,69,3,0,53.6,0,0,25,100.0,0.0,0,4.0,1,25,25,1
Marlon Tuipulotu,57035,DI,KC,3,0,0,16,55.9,0,0,9,90.0,0.0,0,0,0.0,0,10,9,0,0,58.2,0,0,2,100.0,0.0,0,0.0,0,2,2,0
Brandon Pili,57036,DI,SEA,13,0,0,29,57.3,0,4,79,100.0,5.1,4,0,2.5,0,84,84,4,0,58.9,0,1,23,100.0,4.3,1,2.2,0,25,25,1
Ronnie Rivers,57208,HB,LA,1,0,0,26,60.0,0,0,1,100.0,0.0,0,0,0.0,0,1,1,0,0,,0,0,0,,,0,,0,0,0,0
Jack Gibbens,57662,LB,NE,21,0,1,19,59.2,1,4,41,14.3,14.6,6,2,8.5,1,308,44,6,0,65.1,1,2,15,15.0,20.0,3,16.7,1,113,17,4
D'Marco Jackson,57691,LB,CHI,12,0,0,6,57.1,0,3,32,14.9,6.3,2,0,7.8,1,215,32,4,0,66.5,0,1,15,14.7,13.3,2,10.0,1,102,15,2
K.J. Britt,57727,LB,MIA,8,0,0,17,48.5,1,0,6,6.8,0.0,0,0,8.3,0,88,6,1,0,49.5,1,0,5,10.2,0.0,0,10.0,0,49,5,1
Jalen Pitre,57737,S,HST,16,1,0,13,64.9,0,10,41,8.1,9.8,4,2,12.2,0,559,45,10,0,59.5,0,3,12,4.7,16.7,2,12.5,0,275,13,3
Terrel Bernard,57739,LB,BUF,12,0,0,4,52.4,2,7,45,13.6,2.2,1,1,10.0,0,359,49,9,0,51.8,2,4,21,14.6,4.8,1,14.3,0,151,22,6
Isaiah McDuffie,57754,LB,GB,18,0,0,12,70.7,3,4,30,11.6,13.3,4,1,18.3,2,268,31,9,0,79.9,2,1,12,12.2,25.0,3,29.2,2,98,12,5
Baylon Spector,57782,LB,BUF,2,0,0,4,60.3,0,0,6,66.7,16.7,1,0,0.0,0,9,6,0,0,60.3,0,0,6,85.7,16.7,1,0.0,0,7,6,0
Nate Landman,57788,LB,LA,20,2,0,26,64.2,3,9,69,10.8,7.2,5,1,11.6,2,742,80,14,1,66.3,0,4,25,9.0,8.0,2,12.0,1,354,32,5
Ventrell Miller,57809,LB,JAX,12,0,0,15,73.7,0,3,26,20.3,15.4,4,2,9.6,1,138,28,4,0,83.7,0,3,9,16.7,22.2,2,27.8,1,60,10,4
James Houston,57810,ED,DAL,17,0,0,9,69.5,10,9,167,91.9,11.4,19,3,9.3,6,198,182,25,0,71.5,7,7,93,94.4,11.8,11,12.9,5,108,102,19
Mykal Walker,57834,LB,NYJ,10,0,0,22,50.9,0,0,7,12.9,0.0,0,0,0.0,0,70,9,0,0,53.0,0,0,3,26.7,0.0,0,0.0,0,15,4,0
Robert Beal Jr.,57840,ED,SF,7,0,0,28,51.8,0,5,48,96.2,8.3,4,0,5.2,0,52,50,5,0,60.1,0,3,20,95.5,15.0,3,7.5,0,22,21,3
Del'Shawn Phillips,57868,LB,LAC,7,0,0,27,66.3,1,1,9,22.5,0.0,0,1,22.2,1,40,9,3,0,52.7,0,1,4,22.2,0.0,0,12.5,0,18,4,1
Jake Hummel,57879,LB,BLT,4,0,0,3,52.7,0,0,4,25.0,0.0,0,0,0.0,0,16,4,0,0,,0,0,0,0.0,,0,,0,1,0,0
Jamin Davis,57905,LB,LV,2,0,0,23,66.7,1,0,1,12.5,100.0,1,0,50.0,0,8,1,1,0,,0,0,0,,,0,,0,0,0,0
Patrick Queen,57941,LB,PIT,18,0,1,25,70.5,4,12,76,10.8,14.5,11,2,11.8,1,750,81,17,0,68.0,3,9,49,13.7,12.2,6,14.3,1,386,53,13
K'Lavon Chaisson,57945,ED,NE,20,1,2,19,61.9,18,44,505,95.4,11.5,58,6,8.5,12,561,535,74,0,61.9,12,28,278,98.0,12.9,36,10.8,10,302,296,50
Willie Gay,57987,LB,MIA,13,0,0,17,61.9,0,1,21,23.1,4.8,1,0,7.1,1,91,21,2,0,65.0,0,0,10,20.8,10.0,1,10.0,1,48,10,1
Pete Werner,58093,LB,NO,17,0,0,20,53.0,0,5,47,12.6,8.5,4,0,7.4,1,380,48,6,0,59.3,0,4,28,16.9,14.3,4,10.7,1,172,29,5
Baron Browning,58095,ED,ARZ,15,0,1,1,64.0,3,22,189,63.5,11.1,21,5,7.7,2,312,198,27,0,60.2,0,16,101,72.1,13.9,14,9.9,2,147,106,18
Kenneth Murray Jr.,58099,LB,DAL,17,0,0,9,52.2,3,6,36,7.4,13.9,5,2,15.3,1,537,40,10,0,52.3,3,5,22,10.3,13.6,3,22.7,1,252,26,9
Derrick Barnes,58120,LB,DET,17,1,0,11,54.0,1,16,169,33.8,5.3,9,0,7.4,4,557,188,21,0,53.4,1,10,99,52.0,7.1,7,7.6,2,221,115,13
Buddy Johnson,58189,LB,IND,1,0,0,14,57.7,0,0,2,11.8,0.0,0,0,0.0,0,17,2,0,0,59.0,0,0,1,9.1,0.0,0,0.0,0,11,1,0
Devin Lloyd,58238,LB,JAX,16,0,0,15,81.8,9,18,94,21.1,17.0,16,1,15.4,1,489,103,28,0,68.3,0,12,33,20.8,15.2,5,21.2,1,173,36,13
Joe Tryon-Shoyinka,58272,ED,CHI,13,0,0,6,67.6,2,6,71,97.3,16.9,12,0,5.6,0,74,72,8,0,69.9,0,4,30,100.0,23.3,7,6.7,0,31,31,4
Michael Carter II,60644,CB,PHI,13,0,0,24,63.3,0,2,9,5.9,22.2,2,1,11.1,0,152,9,2,0,59.6,0,1,5,7.0,20.0,1,10.0,0,71,5,1
Grant Delpit,60685,S,CLV,17,0,0,8,73.2,5,6,51,9.2,3.9,2,1,16.7,3,589,54,14,0,66.5,1,2,14,6.0,0.0,0,17.9,1,266,16,4
Malcolm Rodriguez,60731,LB,DET,5,0,0,11,54.0,0,0,3,7.5,0.0,0,0,0.0,0,40,3,0,0,58.5,0,0,1,8.3,0.0,0,0.0,0,12,1,0
Darren Hall,60742,S,ARZ,7,0,0,1,56.4,0,0,2,2.7,0.0,0,0,0.0,0,75,2,0,0,,0,0,0,0.0,,0,,0,34,0,0
Garret Wallow,60761,LB,SF,5,0,0,28,50.4,0,0,8,11.9,0.0,0,0,0.0,0,67,8,0,0,52.5,0,0,4,11.8,0.0,0,0.0,0,34,4,0
Isaiah Pola-Mao,60781,S,LV,17,0,0,23,63.5,0,5,11,2.0,0.0,0,3,22.7,0,609,12,5,0,61.3,0,2,4,1.9,0.0,0,25.0,0,270,5,2
Charlie Kolar,60917,TE,BLT,1,0,1,3,60.0,0,0,1,100.0,0.0,0,3,0.0,0,1,1,0,0,,0,0,0,,,0,,0,0,0,0
Keion White,60998,ED,SF,16,1,0,28,60.4,4,20,323,98.8,9.9,32,0,4.6,3,339,335,27,1,65.7,3,14,172,98.3,12.2,21,6.7,3,181,178,20
Noah Igbinoghene,61155,CB,WAS,12,0,0,32,78.0,1,1,3,1.7,33.3,1,3,66.7,1,237,4,3,0,65.6,0,1,1,0.8,100.0,1,50.0,0,118,1,1
Dominique Robinson,61436,ED,CHI,13,0,0,6,65.0,1,9,126,95.1,10.3,13,0,6.3,3,142,135,13,0,68.3,0,6,48,89.7,18.8,9,10.4,2,58,52,8
Daiyan Henley,61500,LB,LAC,17,0,0,27,67.2,2,10,64,11.4,10.9,7,2,15.6,4,630,72,16,0,72.4,2,6,24,11.2,8.3,2,20.8,1,258,29,9
Tariq Woolen,61790,CB,SEA,19,0,2,29,70.0,1,0,2,0.3,50.0,1,11,25.0,0,679,2,1,0,,0,0,0,0.0,,0,,0,374,0,0
Christian Elliss,61853,LB,NE,19,1,0,19,81.0,6,12,74,18.7,13.5,10,2,13.5,1,428,80,19,1,87.2,3,9,43,24.6,14.0,6,16.3,1,195,48,13
Charles Snowden,62775,ED,LV,13,0,0,23,68.3,1,7,52,40.6,7.7,4,0,13.5,3,128,52,11,0,72.0,1,4,17,42.5,17.6,3,20.6,1,40,17,6
Theo Jackson,62919,S,MIN,13,0,0,18,73.5,0,0,10,3.5,10.0,1,0,20.0,2,313,11,2,0,83.1,0,0,5,3.2,20.0,1,40.0,2,158,5,2
Matthew Butler,62931,DI,MIA,12,0,0,17,53.6,1,6,95,97.2,4.2,4,2,3.7,0,107,104,7,0,59.4,1,3,49,96.5,8.2,4,4.1,0,57,55,4
Jack Cochrane,63345,LB,KC,6,0,0,16,56.2,0,0,2,7.4,0.0,0,0,0.0,0,27,2,0,0,58.3,0,0,1,10.0,0.0,0,0.0,0,10,1,0
Ty Hamilton,66298,DI,LA,17,0,0,26,53.1,1,6,80,100.0,5.0,4,1,4.4,0,84,84,7,0,59.7,0,4,31,100.0,12.9,4,6.5,0,31,31,4
John Ridgeway,66694,DI,NO,4,0,0,20,51.4,1,1,28,100.0,0.0,0,0,3.6,0,28,28,2,0,53.3,1,0,8,100.0,0.0,0,6.3,0,8,8,1
Zyon McCollum,66769,CB,TB,13,0,0,30,51.4,0,0,4,0.8,0.0,0,1,0.0,0,499,4,0,0,56.9,0,0,2,0.8,0.0,0,0.0,0,245,2,0
Tristin McCollum,66771,S,LV,9,0,0,23,59.0,0,0,1,1.1,0.0,0,0,0.0,0,93,1,0,0,,0,0,0,0.0,,0,,0,50,0,0
Kobie Turner,66894,DI,LA,20,3,0,26,83.9,10,51,542,98.5,13.3,72,3,7.1,8,587,578,69,1,87.0,6,39,282,99.7,18.4,52,10.8,8,306,305,53
Justin Watson,66915,WR,HST,1,0,0,13,60.0,0,0,1,100.0,0.0,0,0,0.0,0,1,1,0,0,,0,0,0,,,0,,0,0,0,0
Zach Sieler,66917,DI,MIA,17,1,0,17,53.9,4,23,443,97.5,7.4,33,3,4.2,5,483,471,32,1,57.4,3,19,220,98.0,11.4,25,7.3,5,244,239,27
Dennis Gardeck,66928,LB,JAX,18,0,0,15,67.6,5,17,126,48.0,15.9,20,4,11.1,3,281,135,25,0,62.9,3,10,74,69.5,14.9,11,12.8,3,118,82,16
Jonathan Owens,66930,S,CHI,10,0,1,6,51.3,0,0,7,19.0,0.0,0,1,0.0,0,42,8,0,0,52.0,0,0,4,23.8,0.0,0,0.0,0,21,5,0
Drake Jackson,70839,ED,WAS,3,0,0,32,67.7,0,4,28,100.0,21.4,6,1,7.1,0,30,30,4,0,62.7,0,1,15,100.0,20.0,3,3.3,0,16,16,1
Trent McDuffie,72191,CB,KC,13,0,0,16,50.3,0,3,27,6.3,3.7,1,5,9.3,1,431,27,4,0,55.9,0,3,10,5.6,0.0,0,25.0,1,177,10,4
Evan Williams,73864,S,GB,17,0,1,12,62.6,0,2,9,1.8,11.1,1,5,11.1,0,611,11,2,0,54.4,0,0,3,1.3,0.0,0,0.0,0,304,4,0
Jowon Briggs,74867,DI,NYJ,17,0,0,22,85.6,6,28,300,100.0,15.3,46,2,7.0,4,320,320,38,0,88.3,3,22,130,100.0,24.6,32,11.9,3,139,139,28
Jonah Laulu,75763,DI,LV,17,2,0,23,52.7,3,19,371,98.3,4.3,16,1,3.8,3,404,397,25,2,60.3,2,13,155,99.4,6.5,10,6.1,2,166,165,17
Chad Muma,75818,LB,NE,6,0,0,19,54.7,0,0,3,10.3,0.0,0,0,0.0,0,29,3,0,0,,0,0,0,0.0,,0,,0,10,0,0
Erick Hallett,76631,S,TEN,3,0,0,31,36.1,0,2,7,7.5,0.0,0,1,14.3,0,106,8,2,0,37.4,0,1,3,6.0,0.0,0,16.7,0,50,3,1
Andre Cisco,76641,S,NYJ,8,0,0,22,50.0,0,0,11,4.0,0.0,0,0,0.0,0,276,11,0,0,52.6,0,0,3,2.9,0.0,0,0.0,0,104,3,0
Juanyeh Thomas,76655,S,DAL,5,0,0,9,58.8,0,0,1,0.6,0.0,0,0,0.0,0,157,1,0,0,,0,0,0,0.0,,0,,0,75,0,0
Chamarri Conner,76662,S,KC,17,0,1,16,66.0,3,7,44,7.5,6.8,3,3,15.9,2,610,46,12,0,74.6,1,5,19,8.1,10.5,2,26.3,2,246,20,8
DJ Ivey,76670,CB,CIN,12,0,0,7,58.4,0,0,1,1.1,0.0,0,0,0.0,0,90,1,0,0,58.4,0,0,1,1.9,0.0,0,0.0,0,52,1,0
DeMarvion Overshown,76729,LB,DAL,6,0,0,9,77.7,0,2,7,5.4,42.9,3,0,14.3,0,148,8,2,0,83.3,0,2,6,7.2,50.0,3,16.7,0,83,6,2
Zaire Barnes,76766,LB,NYG,3,0,0,21,72.5,0,1,6,11.1,33.3,2,0,25.0,1,54,6,2,0,71.0,0,0,3,13.0,33.3,1,33.3,1,23,3,1
Xavier Thomas,76807,ED,ARZ,1,0,0,1,59.7,0,0,2,100.0,0.0,0,0,0.0,0,2,2,0,0,,0,0,0,,,0,,0,0,0,0
Tyler Lacy,76836,ED,DET,10,0,0,11,51.3,1,4,110,100.0,4.5,5,1,3.2,1,113,113,6,0,53.0,0,4,29,100.0,6.9,2,6.9,0,30,30,4
Will McDonald IV,76842,ED,NYJ,15,0,1,22,71.0,12,22,364,95.5,11.0,40,1,6.9,8,403,385,42,0,80.6,10,14,171,96.3,18.7,32,10.5,6,190,183,30
Desjuan Johnson,76850,ED,LA,9,0,0,26,68.3,5,13,91,97.9,14.3,13,1,12.1,2,94,92,20,0,65.9,2,9,47,97.9,17.0,8,16.0,2,48,47,13
Jalen Redmond,76861,DI,MIN,17,5,0,18,62.5,3,26,350,98.1,6.9,24,1,5.9,6,376,369,35,1,63.3,2,14,155,98.8,9.7,15,8.4,5,169,167,21
Greg Rousseau,76889,ED,BUF,18,2,0,4,75.7,18,36,413,92.4,15.0,62,1,8.7,9,463,428,63,0,82.0,13,26,191,90.9,21.5,41,14.4,8,219,199,47
Travis Jones,76914,DI,BLT,16,1,0,3,66.0,3,38,459,96.2,10.2,47,0,5.8,6,497,478,47,0,66.3,2,30,248,95.9,13.7,34,8.1,4,267,256,36
Logan Hall,76919,DI,TB,17,1,0,30,65.5,4,26,342,98.6,11.1,38,4,5.0,2,366,361,32,1,73.8,4,17,146,98.7,17.8,26,8.6,2,159,157,23
Moro Ojomo,76927,DI,PHI,18,1,0,24,70.6,4,44,447,99.8,12.5,56,1,6.7,6,478,477,54,1,70.8,2,34,226,100.0,15.5,35,9.7,4,248,248,40
Dante Stills,76937,DI,ARZ,17,1,0,1,55.4,2,11,268,100.0,7.1,19,3,2.4,0,289,289,13,1,59.4,2,6,112,100.0,9.8,11,3.6,0,121,121,8
Karl Brooks,76941,DI,GB,16,1,0,12,58.2,6,22,390,98.6,9.0,35,2,3.8,1,426,420,29,1,56.3,4,15,195,98.6,9.7,19,5.4,1,215,212,20
Braden Fiske,76958,DI,LA,20,0,1,26,64.0,8,37,431,99.3,12.1,52,3,6.4,5,460,457,50,0,68.7,7,32,245,100.0,16.3,40,9.6,4,263,263,43
Alim McNeill,76996,DI,DET,10,1,1,11,61.3,2,21,290,99.1,10.3,30,3,4.0,0,321,318,23,0,62.4,0,12,131,100.0,13.7,18,4.6,0,146,146,12
Shaka Heyward,77120,LB,CIN,3,0,0,7,55.1,1,0,4,20.0,0.0,0,0,12.5,0,20,4,1,0,59.4,1,0,1,10.0,0.0,0,50.0,0,10,1,1
Payton Wilson,77127,LB,PIT,18,1,0,25,63.5,3,12,76,14.8,11.8,9,2,12.5,2,535,79,17,0,79.3,2,8,34,11.3,26.5,9,17.6,1,309,35,11
Anthony Goodlow,77164,DI,ARZ,3,0,0,1,54.5,1,0,18,100.0,0.0,0,0,2.8,0,19,19,1,0,65.2,1,0,4,100.0,0.0,0,12.5,0,4,4,1
Zaven Collins,77190,ED,ARZ,17,0,0,1,69.5,7,22,219,67.9,13.2,29,1,7.5,2,346,235,31,0,82.4,6,17,116,71.0,22.4,26,10.8,1,176,125,24
Nik Bonitto,77196,ED,DEN,19,1,0,10,86.5,14,49,435,86.3,16.6,72,7,11.4,18,533,460,81,0,76.8,11,30,219,90.8,20.5,45,13.5,9,260,236,50
Joseph Ossai,77205,ED,CIN,14,0,2,7,62.4,9,29,354,91.7,10.7,38,5,6.8,5,409,375,43,0,63.2,6,18,163,95.0,12.9,21,8.6,2,181,172,26
British Brooks,77714,FB,HST,1,0,0,13,60.0,0,0,1,100.0,0.0,0,0,0.0,0,1,1,0,0,,0,0,0,,,0,,0,0,0,0
Tre'von Moehrig,77847,S,CAR,17,0,1,5,78.1,4,10,55,9.5,21.8,12,2,18.2,3,611,58,17,0,77.8,1,7,24,8.5,37.5,9,16.7,0,294,25,8
Ar'Darius Washington,77848,S,BLT,4,0,0,3,91.6,2,0,6,11.5,16.7,1,0,33.3,1,52,6,3,0,92.0,2,0,5,15.6,20.0,1,40.0,1,32,5,3
Derion Kendrick,78022,CB,LA,7,0,0,26,51.9,0,1,5,5.9,0.0,0,0,10.0,0,101,6,1,0,53.8,0,1,2,5.4,0.0,0,25.0,0,56,3,1
Cobie Durant,79126,CB,LA,20,0,1,26,53.5,0,1,3,0.5,0.0,0,4,16.7,0,619,3,1,0,,0,0,0,0.0,,0,,0,306,0,0
Christian Benford,79181,CB,BUF,16,2,1,4,97.6,0,2,14,2.5,0.0,0,4,21.4,2,559,14,4,1,88.3,0,1,4,1.6,0.0,0,37.5,1,258,4,2
Nick Hampton,81162,ED,LA,12,0,0,26,54.4,0,2,53,74.0,7.5,4,0,1.9,0,73,54,2,0,49.3,0,2,29,76.9,3.4,1,3.4,0,39,30,2
Damone Clark,81282,LB,HST,7,0,0,13,59.5,0,0,6,10.0,16.7,1,0,0.0,0,60,6,0,0,59.5,0,0,6,18.2,16.7,1,0.0,0,33,6,0
Durell Nchami,81292,ED,IND,2,0,0,14,52.6,0,1,19,91.3,0.0,0,0,2.6,0,23,21,1,0,54.6,0,0,13,100.0,0.0,0,0.0,0,14,14,0
Cameron McGrone,81300,LB,CLV,3,0,0,8,52.2,0,0,3,15.6,0.0,0,0,0.0,0,32,5,0,0,,0,0,0,0.0,,0,,0,7,0,0
Nick Bolton,81322,LB,KC,17,1,1,16,61.9,6,18,105,18.4,4.8,5,2,12.4,1,603,111,25,0,66.3,4,10,52,23.0,7.7,4,15.4,1,244,56,15
Dylan Horton,81335,ED,HST,18,0,0,13,49.8,2,13,137,100.0,5.8,8,1,6.2,1,147,147,16,0,47.6,0,3,44,100.0,6.8,3,3.4,0,48,48,3
Micah Parsons,81360,ED,GB,14,0,0,12,92.9,14,51,407,98.4,22.6,92,6,11.4,14,443,436,79,0,93.6,11,39,211,98.3,30.3,64,17.1,11,233,229,61
Ernest Jones,81399,LB,SEA,18,0,0,29,52.2,1,6,61,9.5,4.9,3,3,7.4,1,719,68,8,0,50.8,0,6,28,8.9,3.6,1,10.7,0,382,34,6
Alec Anderson,81882,G,BUF,1,0,0,4,60.0,0,0,1,100.0,0.0,0,2,0.0,0,1,1,0,0,,0,0,0,,,0,,0,0,0,0
Brenton Cox Jr.,81957,ED,GB,5,0,1,12,67.5,3,2,48,98.1,8.3,4,1,7.3,1,52,51,6,0,79.5,3,1,17,95.0,11.8,2,17.6,1,20,19,5
Azeez Ojulari,81959,ED,PHI,3,0,0,24,49.4,1,2,29,79.5,3.4,1,0,5.2,0,39,31,3,0,60.3,1,1,10,80.0,10.0,1,10.0,0,15,12,2
Odafe Oweh,82161,ED,LAC,18,0,0,27,81.0,9,31,352,92.9,16.2,57,1,8.8,11,397,369,51,0,82.8,6,18,172,93.8,19.2,33,10.5,6,195,183,30
Thomas Booker IV,82168,DI,LV,17,5,1,23,67.8,7,21,276,98.6,8.7,24,5,5.1,0,292,288,28,4,74.8,6,12,94,100.0,12.8,12,9.6,0,100,100,18
Christian Barmore,82198,DI,NE,21,0,0,19,66.9,10,45,512,99.1,12.3,63,0,6.0,3,546,541,58,0,69.4,6,30,259,98.9,15.4,40,7.7,2,277,274,38
Teair Tart,82261,DI,LAC,18,5,0,27,68.1,2,15,262,98.6,7.3,19,5,3.6,1,281,277,18,1,74.7,1,8,78,98.8,15.4,12,7.1,1,84,83,10
Devonte Wyatt,82268,DI,GB,10,2,1,12,71.4,2,16,209,99.1,12.9,27,2,6.2,4,224,222,22,1,79.4,2,11,97,99.0,19.6,19,9.8,3,105,104,16
Aidan Hutchinson,82330,ED,DET,17,1,1,11,92.2,20,64,572,98.6,22.9,131,6,10.1,16,631,622,100,0,90.7,6,35,244,98.6,27.0,66,11.3,7,276,272,48
Cameron Thomas,82387,ED,CLV,17,0,0,8,66.6,3,6,145,95.7,13.1,19,2,5.9,4,162,155,13,0,78.6,3,4,57,95.4,24.6,14,11.4,3,65,62,10
Kingsley Enagbare,82409,ED,GB,17,0,0,12,58.5,5,17,256,90.7,10.5,27,2,5.5,3,301,273,25,0,60.3,1,8,119,89.9,14.3,17,5.5,2,138,124,11
Bobby Brown III,82429,DI,CAR,18,1,0,5,50.4,0,4,151,99.4,2.0,3,2,2.0,1,164,163,5,0,59.8,0,3,45,100.0,6.7,3,5.6,1,48,48,4
Tyree Wilson,82432,ED,LV,17,1,0,23,60.4,3,28,285,98.7,9.1,26,0,6.8,4,308,304,35,1,64.8,2,21,147,98.1,12.2,18,10.5,4,159,156,27
Otito Ogbonnia,82450,DI,LAC,10,0,0,27,57.7,0,3,73,100.0,4.1,3,1,2.1,0,79,79,3,0,60.5,0,3,18,100.0,11.1,2,8.3,0,21,21,3
Taki Taimani,82468,DI,MIN,2,0,0,18,55.6,0,0,10,100.0,0.0,0,1,0.0,0,12,12,0,0,56.2,0,0,4,100.0,0.0,0,0.0,0,4,4,0
Scott Matlock,82482,FB,LAC,2,0,1,27,57.4,0,0,3,100.0,0.0,0,1,0.0,0,3,3,0,0,59.1,0,0,1,100.0,0.0,0,0.0,0,1,1,0
Tommy Togiai,82501,DI,HST,17,3,0,13,71.0,3,23,269,99.3,11.5,31,1,5.6,2,287,285,28,3,84.0,2,13,91,100.0,16.5,15,9.3,1,94,94,16
PJ Mustipher,82505,DI,ARZ,14,1,0,1,54.9,0,3,111,100.0,1.8,2,2,1.4,0,119,119,3,1,65.9,0,1,30,100.0,6.7,2,1.7,0,33,33,1
Quay Walker,82547,LB,GB,15,0,0,12,61.0,5,5,78,14.9,7.7,6,1,10.3,3,596,89,13,0,61.9,3,2,37,14.9,10.8,4,9.5,1,289,43,6
Channing Tindall,82548,LB,ARZ,2,0,0,1,59.4,0,0,1,33.3,0.0,0,0,0.0,0,3,1,0,0,59.4,0,0,1,33.3,0.0,0,0.0,0,3,1,0
Jack Sanborn,82566,LB,DAL,5,0,0,9,55.0,0,1,2,1.6,0.0,0,0,25.0,0,123,2,1,0,59.4,0,1,1,2.6,0.0,0,50.0,0,39,1,1
Mekhi Blackmon,83036,CB,IND,17,0,2,14,61.7,0,0,1,0.2,0.0,0,8,100.0,1,519,1,1,0,,0,0,0,0.0,,0,,0,250,0,0
Kendall Williamson,83090,S,LAC,2,0,0,27,57.2,0,1,2,14.3,0.0,0,0,25.0,0,14,2,1,0,58.3,0,0,1,25.0,0.0,0,0.0,0,4,1,0
Pat Surtain II,83119,CB,DEN,16,0,1,10,71.4,0,1,1,0.3,100.0,1,10,50.0,0,640,2,1,0,62.3,0,1,1,0.3,100.0,1,50.0,0,298,1,1
Jalyn Armour-Davis,83120,CB,TEN,11,0,3,31,60.0,0,0,1,0.3,0.0,0,5,0.0,0,300,1,0,0,,0,0,0,0.0,,0,,0,134,0,0
Josh Jobe,83122,CB,SEA,19,0,2,29,85.7,1,0,4,0.6,0.0,0,10,37.5,1,662,4,2,0,57.7,0,0,1,0.3,0.0,0,0.0,0,366,1,0
Jamien Sherwood,83175,LB,NYJ,17,2,0,22,70.5,3,8,64,10.6,7.8,5,2,11.7,2,612,65,13,1,77.6,3,5,29,11.6,10.3,3,20.7,2,259,30,10
Roger McCreary,83176,CB,LA,14,0,0,26,57.9,0,4,15,5.8,6.7,1,1,20.0,1,275,16,5,0,49.4,0,1,4,3.0,0.0,0,12.5,0,135,4,1
Tyson Campbell,83217,CB,CLV,17,0,0,8,59.9,1,1,2,0.3,0.0,0,2,50.0,0,601,2,2,0,60.0,0,1,1,0.4,0.0,0,50.0,0,270,1,1
Quan Martin,83236,S,WAS,17,0,3,32,88.2,2,2,6,1.1,33.3,2,4,33.3,0,565,6,4,0,84.9,1,2,3,1.2,66.7,2,50.0,0,241,3,3
Sydney Brown,83241,S,PHI,10,0,0,24,57.7,0,0,2,1.6,0.0,0,0,0.0,0,124,2,0,0,,0,0,0,0.0,,0,,0,48,0,0
Kaevon Merriweather,83257,S,HST,6,0,0,13,59.2,0,0,1,10.0,0.0,0,0,0.0,0,10,1,0,0,,0,0,0,0.0,,0,,0,3,0,0
Riley Moss,83259,CB,DEN,19,0,2,10,87.9,0,0,3,0.4,33.3,1,12,33.3,1,805,3,1,0,66.8,0,0,1,0.3,100.0,1,0.0,0,370,1,0
Percy Butler,83271,S,WAS,8,0,0,32,60.0,0,0,1,9.1,0.0,0,0,0.0,0,11,1,0,0,,0,0,0,0.0,,0,,0,3,0,0
Jordan Howden,83305,S,NO,13,0,0,20,52.1,0,2,4,2.5,0.0,0,1,25.0,0,157,4,2,0,53.2,0,2,3,3.4,0.0,0,33.3,0,87,3,2
Isaiah Stalbird,83325,LB,NO,10,1,0,20,76.8,1,3,11,26.9,36.4,4,0,36.4,2,52,14,6,1,79.8,1,3,9,30.8,44.4,4,44.4,2,39,12,6
Cam Taylor-Britt,83326,CB,CIN,8,0,1,7,63.8,1,0,5,2.2,0.0,0,5,10.0,0,225,5,1,0,68.2,1,0,2,2.1,0.0,0,25.0,0,96,2,1
Kitan Oladapo,83349,S,GB,4,1,0,12,72.9,0,1,4,9.8,0.0,0,0,12.5,0,41,4,1,0,58.8,0,0,1,7.7,0.0,0,0.0,0,13,1,0
Christian Izien,83360,S,TB,8,0,0,30,50.8,0,0,3,3.9,0.0,0,0,0.0,0,102,4,0,0,50.8,0,0,3,6.9,0.0,0,0.0,0,58,4,0
Jaycee Horn,83375,CB,CAR,17,0,2,5,36.5,0,1,11,1.9,0.0,0,9,4.5,0,589,11,1,0,38.5,0,1,5,1.8,0.0,0,10.0,0,283,5,1
Kyler Gordon,83451,CB,CHI,5,0,1,6,63.1,0,2,23,15.0,8.7,2,2,13.0,2,160,24,4,0,74.8,0,1,11,13.0,18.2,2,22.7,2,92,12,3
Alontae Taylor,83469,CB,NO,17,0,0,20,54.7,1,4,43,7.5,7.0,3,4,10.5,2,585,44,7,0,62.0,1,3,26,9.6,11.5,3,15.4,2,282,27,6
Jaden Crumedy,83508,DI,CAR,3,0,0,5,62.1,0,0,20,100.0,10.0,2,0,0.0,0,20,20,0,0,66.4,0,0,12,100.0,16.7,2,0.0,0,12,12,0
Javontae Jean-Baptiste,83514,ED,WAS,3,0,0,32,60.9,0,0,27,90.3,3.7,1,0,3.7,1,31,28,1,0,59.4,0,0,16,89.5,0.0,0,6.3,1,19,17,1
Austin Ajiake,83826,LB,IND,14,0,0,14,69.5,1,1,8,7.4,12.5,1,0,25.0,1,122,9,3,0,62.7,1,0,4,7.2,25.0,1,12.5,0,69,5,1
Corey Ballentine,83833,CB,DAL,2,0,0,9,59.1,0,0,0,6.7,,0,0,,0,15,1,0,0,59.1,0,0,0,11.1,,0,,0,9,1,0
Jevon Holland,83873,S,NYG,14,0,1,21,52.7,0,2,8,1.5,0.0,0,4,12.5,0,520,8,2,0,56.8,0,0,2,0.9,0.0,0,0.0,0,226,2,0
Talanoa Hufanga,83903,S,DEN,19,1,0,10,63.9,1,6,36,4.8,11.1,4,4,15.3,2,796,38,9,0,61.5,0,4,15,4.4,26.7,4,20.0,1,363,16,5
Markees Watts,84537,ED,TB,2,0,0,30,63.5,0,2,17,85.7,17.6,3,0,11.8,1,21,18,3,0,62.0,0,2,9,100.0,22.2,2,22.2,1,10,10,3
Darius Muasau,86008,LB,NYG,12,0,0,21,66.9,1,5,22,10.9,13.6,3,0,18.2,1,229,25,7,0,77.3,0,3,7,12.3,42.9,3,21.4,0,73,9,3
Chris Williams,87178,DI,CHI,16,0,0,6,54.6,1,7,133,100.0,6.8,9,0,3.0,0,140,140,8,0,62.1,1,3,55,100.0,10.9,6,3.6,0,57,57,4
LaCale London,87179,DI,ATL,13,1,1,2,65.7,0,8,124,100.0,8.9,11,2,6.5,4,131,131,12,0,67.2,0,7,43,100.0,14.0,6,12.8,2,45,45,9
Khristian Boyd,88444,DI,NO,4,0,0,20,56.5,1,1,35,100.0,2.9,1,0,2.9,0,36,36,2,0,63.5,1,1,14,100.0,7.1,1,7.1,0,15,15,2
Gabriel Murphy,89099,ED,MIN,1,0,0,18,60.0,0,0,1,100.0,0.0,0,0,0.0,0,1,1,0,0,,0,0,0,,,0,,0,0,0,0
Patrick O'Connell,89300,LB,SEA,3,0,0,29,76.1,0,0,1,2.9,0.0,0,0,100.0,1,34,1,1,0,60.0,0,0,1,5.6,0.0,0,0.0,0,18,1,0
Kyle Dugger,90621,S,PIT,17,1,0,25,89.1,0,6,16,3.4,18.8,3,1,25.0,1,495,17,7,0,87.6,0,2,6,2.9,16.7,1,33.3,1,240,7,3
Brodric Martin,91288,DI,LV,1,0,0,23,59.9,0,0,3,100.0,0.0,0,0,0.0,0,3,3,0,0,,0,0,0,,,0,,0,0,0,0
Daniel Hardy,91336,ED,CHI,8,0,1,6,56.3,1,1,23,83.3,8.7,2,1,4.3,0,30,25,2,0,60.4,1,1,14,88.2,14.3,2,7.1,0,17,15,2
Ashton Dulin,91479,WR,IND,1,0,0,14,59.4,0,0,1,100.0,0.0,0,0,0.0,0,1,1,0,0,59.4,0,0,1,100.0,0.0,0,0.0,0,1,1,0
E.J. Speed,94351,LB,HST,18,1,0,13,50.3,2,5,31,11.7,0.0,0,3,11.3,0,273,32,7,1,54.8,1,3,20,15.7,0.0,0,10.0,0,127,20,4
Jordan Davis,94854,DI,PHI,18,6,0,24,62.1,1,22,374,100.0,4.8,18,0,4.4,5,397,397,28,4,62.0,1,9,146,100.0,4.1,6,5.5,3,160,160,13
Mike Sainristil,97180,CB,WAS,17,0,3,32,52.6,0,1,6,1.0,0.0,0,4,8.3,0,613,6,1,0,,0,0,0,0.0,,0,,0,271,0,0
Marcus Harris,97230,CB,TEN,9,0,0,31,59.9,0,2,8,3.5,0.0,0,1,12.5,0,228,8,2,0,55.1,0,0,2,1.7,0.0,0,0.0,0,119,2,0
Jaden Davis,97250,CB,ARZ,3,0,0,1,55.5,0,0,2,7.1,0.0,0,0,0.0,0,28,2,0,0,59.1,0,0,1,6.3,0.0,0,0.0,0,16,1,0
Reddy Steward,97289,CB,DAL,15,0,0,9,48.5,0,3,24,7.4,4.2,1,4,14.6,2,337,25,5,0,50.3,0,1,10,6.6,0.0,0,15.0,1,152,10,2
Dell Pettus,97290,S,NE,15,0,0,19,67.1,0,1,4,3.7,0.0,0,0,37.5,1,109,4,2,0,67.1,0,1,4,6.3,0.0,0,37.5,1,63,4,2
Jordan Clark,97324,CB,NYJ,4,0,1,22,59.0,0,0,1,1.0,0.0,0,1,0.0,0,101,1,0,0,,0,0,0,0.0,,0,,0,59,0,0
Thomas Harper,97325,S,DET,10,0,0,11,50.9,0,0,2,0.7,0.0,0,0,0.0,0,287,2,0,0,56.3,0,0,1,0.9,0.0,0,0.0,0,116,1,0
Cameron Mitchell,97340,CB,IND,10,0,1,14,57.7,0,0,1,0.6,0.0,0,2,0.0,0,176,1,0,0,57.7,0,0,1,1.0,0.0,0,0.0,0,99,1,0
Dadrion Taylor-Demerson,97348,S,ARZ,12,0,0,1,51.6,0,0,4,1.3,0.0,0,0,0.0,0,303,4,0,0,53.9,0,0,2,1.3,0.0,0,0.0,0,155,2,0
Christian Roland-Wallace,97374,S,KC,10,1,0,16,68.2,0,0,5,3.8,0.0,0,0,0.0,0,130,5,0,0,59.5,0,0,1,1.7,0.0,0,0.0,0,59,1,0
Jarrian Jones,97486,CB,JAX,15,0,2,15,56.9,1,0,10,2.3,0.0,0,8,5.0,0,429,10,1,0,72.0,1,0,3,1.4,0.0,0,16.7,0,216,3,1
Nick Cross,97514,S,IND,17,0,1,14,69.0,3,10,57,8.6,8.8,5,2,16.7,3,701,60,16,0,75.9,3,3,21,7.2,14.3,3,14.3,0,321,23,6
Dax Hill,97519,CB,CIN,17,1,2,7,50.4,0,1,19,3.4,5.3,1,6,2.6,0,611,21,1,0,46.2,0,1,6,2.7,16.7,1,8.3,0,260,7,1
Drake Thomas,97525,LB,SEA,20,0,0,29,65.5,3,11,77,14.4,10.4,8,1,14.3,4,556,80,18,0,66.7,1,6,38,13.4,15.8,6,14.5,2,291,39,9
Elijah Chatman,97568,DI,NYG,5,0,0,21,64.1,0,1,31,100.0,12.9,4,0,1.6,0,35,35,1,0,71.8,0,1,8,100.0,37.5,3,6.3,0,11,11,1
Tyler Davis,97610,DI,LA,20,2,0,26,60.1,1,17,267,100.0,6.7,18,0,3.7,1,277,277,19,1,65.0,1,10,113,100.0,10.6,12,4.9,0,116,116,11
Josh Wallace,97676,S,LA,9,1,0,26,88.3,1,1,8,4.1,0.0,0,3,12.5,0,196,8,2,0,53.5,0,0,2,1.8,0.0,0,0.0,0,114,2,0
Alex Austin,97683,CB,NE,4,0,0,19,57.4,0,1,2,2.1,0.0,0,2,25.0,0,94,2,1,0,,0,0,0,0.0,,0,,0,44,0,0
Dorian Williams,97694,LB,BUF,16,1,0,4,62.3,3,10,57,25.4,10.5,6,1,11.4,0,232,59,13,1,65.5,2,3,34,38.5,11.8,4,7.4,0,91,35,5
Ronnie Hickman Jr.,97702,S,CLV,17,0,0,8,51.4,0,4,9,1.5,0.0,0,0,22.2,0,593,9,4,0,54.3,0,2,3,1.1,0.0,0,33.3,0,268,3,2
Omar Speights,97723,LB,LA,19,0,0,26,69.0,1,6,28,6.6,17.9,5,1,12.5,0,442,29,7,0,78.7,1,6,14,8.9,28.6,4,25.0,0,169,15,7
Mohamed Kamara,97731,ED,TB,1,0,0,30,68.4,0,1,2,66.7,50.0,1,0,25.0,0,3,2,1,0,58.8,0,0,1,100.0,0.0,0,0.0,0,1,1,0
Javon Solomon,97821,ED,BUF,15,0,0,4,51.8,1,6,113,93.7,8.0,9,2,4.0,1,127,119,8,0,58.1,1,5,63,93.0,12.7,8,6.3,1,71,66,7
Jack Kiser,97889,LB,JAX,4,0,0,15,57.3,0,0,2,5.6,0.0,0,0,0.0,0,36,2,0,0,,0,0,0,0.0,,0,,0,16,0,0
Tyler Nubin,97895,S,NYG,13,1,0,21,67.2,0,4,23,5.2,8.7,2,1,8.7,0,501,26,4,0,57.5,0,1,6,3.6,16.7,1,8.3,0,223,8,1
Adetomiwa Adebawore,97934,DI,IND,17,0,0,14,66.5,1,29,336,99.2,8.9,30,3,5.7,4,362,359,34,0,67.5,1,18,169,99.5,10.7,18,7.4,3,184,183,22
Levelle Bailey,97956,LB,DEN,1,0,0,10,56.9,0,0,2,18.2,0.0,0,0,0.0,0,11,2,0,0,59.1,0,0,1,20.0,0.0,0,0.0,0,5,1,0
Jahfari Harvey,98118,ED,LV,2,1,0,23,59.2,0,0,15,100.0,6.7,1,0,0.0,0,16,16,0,0,57.7,0,0,7,100.0,14.3,1,0.0,0,8,8,0
Derick Hall,98130,ED,SEA,17,0,1,29,71.8,11,35,303,93.6,15.5,47,2,9.2,5,343,321,51,0,76.6,9,28,175,95.4,20.0,35,13.4,5,197,188,42
Ricky Barber,98154,DI,WAS,2,0,0,32,62.5,0,0,14,100.0,7.1,1,0,7.1,1,16,16,1,0,54.4,0,0,5,100.0,0.0,0,0.0,0,7,7,0
Jordan Magee,98155,LB,WAS,15,0,0,32,58.5,0,3,18,10.3,11.1,2,0,8.3,0,174,18,3,0,49.7,0,2,6,10.9,16.7,1,16.7,0,55,6,2
Derek Stingley Jr.,98253,CB,HST,19,0,1,13,53.4,0,0,3,0.5,0.0,0,9,0.0,0,665,3,0,0,,0,0,0,0.0,,0,,0,320,0,0
Colby Wooden,98312,DI,GB,18,1,0,12,59.1,4,10,300,99.4,5.7,17,1,2.3,0,317,315,14,1,62.1,3,5,115,100.0,7.8,9,3.5,0,119,119,8
Alex Wright,98318,ED,CLV,14,1,1,8,64.7,4,11,248,94.9,9.3,23,1,5.8,7,276,262,22,1,66.9,2,5,102,95.7,11.8,12,8.3,5,115,110,12
George Karlaftis,98319,ED,KC,16,1,0,16,75.8,16,43,433,97.1,16.6,72,3,8.4,7,477,463,66,0,77.2,12,25,196,98.1,20.9,41,11.5,4,214,210,41
Darius Alexander,98333,DI,NYG,16,1,0,21,54.9,2,9,238,99.6,7.1,17,0,4.0,4,259,258,15,0,58.8,1,7,105,100.0,11.4,12,7.6,4,119,119,12
Marshawn Kneeland,98344,ED,DAL,7,0,0,9,58.1,0,2,73,100.0,6.8,5,0,2.7,1,76,76,3,0,60.3,0,0,22,100.0,9.1,2,4.5,1,24,24,1
Kayvon Thibodeaux,98444,ED,NYG,10,0,1,21,58.0,6,23,298,97.6,11.1,33,3,5.9,3,332,324,32,0,52.7,2,16,138,97.5,13.0,18,8.0,2,160,156,20
Eric Watts,98459,ED,NYJ,4,0,0,22,50.8,0,1,50,94.5,4.0,2,0,1.0,0,55,52,1,0,47.8,0,0,15,89.5,0.0,0,0.0,0,19,17,0
Zach Harrison,98503,DI,ATL,7,1,0,2,78.0,0,11,108,100.0,13.9,15,0,9.7,5,114,114,16,1,68.8,0,5,43,100.0,14.0,6,10.5,2,46,46,7
Tatum Bethune,98532,LB,SF,9,0,1,28,64.8,0,3,29,10.6,0.0,0,5,8.6,1,303,32,4,0,66.8,0,2,18,13.8,0.0,0,5.6,0,152,21,2
Swayze Bozeman,98634,LB,NYG,3,0,0,21,57.9,0,0,2,10.0,0.0,0,0,0.0,0,20,2,0,0,,0,0,0,0.0,,0,,0,3,0,0
Nick Jackson,98640,LB,TB,1,0,0,30,54.8,0,0,2,25.0,0.0,0,0,0.0,0,8,2,0,0,59.1,0,0,1,25.0,0.0,0,0.0,0,4,1,0
Kaiir Elam,98693,CB,TEN,12,0,1,31,58.5,0,0,1,0.6,0.0,0,3,0.0,0,336,2,0,0,,0,0,0,0.0,,0,,0,167,0,0
Mohamoud Diabate,98780,LB,CLV,17,0,0,8,49.6,0,3,15,12.7,0.0,0,0,10.0,0,126,16,3,0,52.6,0,1,5,17.1,0.0,0,10.0,0,35,6,1
Ty'Ron Hopper,98781,LB,GB,9,0,0,12,54.2,0,2,10,16.4,20.0,2,0,10.0,0,61,10,2,0,56.6,0,0,2,13.3,0.0,0,0.0,0,15,2,0
Jay Ward,98833,S,MIN,13,0,0,18,44.8,0,3,6,5.9,16.7,1,0,25.0,0,102,6,3,0,58.7,0,1,2,3.7,50.0,1,25.0,0,54,2,1
Cor'Dale Flott,98834,CB,NYG,14,0,0,21,58.5,0,0,1,0.2,0.0,0,2,0.0,0,501,1,0,0,,0,0,0,0.0,,0,,0,209,0,0
Jaylen McCollough,98845,S,LA,20,0,0,26,51.4,0,0,33,8.4,0.0,0,0,6.1,2,427,36,2,0,55.0,0,0,20,8.5,0.0,0,10.0,2,258,22,2
Jordan Battle,98857,S,CIN,17,0,0,7,59.4,0,2,19,3.4,10.5,2,0,5.3,0,621,21,2,0,71.4,0,1,6,2.6,16.7,1,8.3,0,265,7,1
DeMarcco Hellams,98863,S,ATL,3,0,0,2,60.0,0,1,1,12.5,0.0,0,0,50.0,0,8,1,1,0,60.0,0,1,1,25.0,0.0,0,50.0,0,4,1,1
Brandin Echols,98900,CB,PIT,17,0,1,25,66.2,1,3,13,3.5,7.7,1,3,23.1,1,405,14,5,0,59.2,0,1,6,2.9,16.7,1,25.0,1,244,7,2
Zacch Pickens,98911,DI,KC,3,0,0,16,52.4,0,1,19,100.0,0.0,0,1,2.6,0,20,20,1,0,57.0,0,0,3,100.0,0.0,0,0.0,0,3,3,0
Elijah Simmons,98915,DI,TB,9,0,1,30,67.0,0,3,35,100.0,11.4,4,1,4.3,0,35,35,3,0,69.7,0,2,15,100.0,20.0,3,6.7,0,15,15,2
DeMarvin Leal,98919,ED,PIT,3,0,0,25,52.7,0,0,9,83.3,0.0,0,0,0.0,0,12,10,0,0,56.9,0,0,2,66.7,0.0,0,0.0,0,3,2,0
Byron Young,98923,DI,PHI,18,0,0,24,59.6,2,8,138,100.0,5.1,7,2,5.8,3,148,148,13,0,60.7,1,2,47,100.0,6.4,3,7.4,2,53,53,5
Justin Eboigbe,98925,DI,LAC,18,0,0,27,55.2,4,12,230,98.0,7.0,16,0,6.1,6,246,241,22,0,58.6,4,8,101,99.1,10.9,11,11.9,6,106,105,18
Eric Gregory,98930,DI,NE,7,0,0,19,59.9,0,3,55,96.6,7.3,4,0,2.7,0,59,57,3,0,75.3,0,2,10,100.0,30.0,3,10.0,0,11,11,2
Travon Walker,98940,ED,JAX,15,1,0,15,67.1,10,30,358,92.4,10.6,38,1,6.7,4,409,378,44,0,69.8,8,22,170,93.4,15.9,27,10.0,2,196,183,32
Zion Logue,98944,DI,BUF,3,1,0,4,58.4,0,0,36,97.4,0.0,0,0,2.8,1,38,37,1,0,60.3,0,0,11,100.0,0.0,0,9.1,1,11,11,1
Darius Robinson,98946,DI,ARZ,15,0,0,1,44.3,1,8,247,100.0,2.4,6,2,2.2,1,260,260,10,0,44.2,0,5,86,100.0,3.5,3,2.9,0,91,91,5
Isaiah McGuire,98948,ED,CLV,17,0,0,8,62.9,6,20,227,94.5,12.3,28,0,7.0,3,253,239,29,0,62.6,4,9,103,95.8,13.6,14,8.3,2,118,113,15
Henry To'oTo'o,98982,LB,HST,19,0,0,13,80.6,2,12,35,6.9,14.3,5,3,28.6,3,582,40,17,0,59.8,0,4,15,6.2,6.7,1,20.0,1,259,16,5
Christian Harris,98996,LB,HST,7,0,0,13,56.6,0,0,2,4.3,0.0,0,1,0.0,0,47,2,0,0,58.4,0,0,1,6.7,0.0,0,0.0,0,15,1,0
Owen Pappoe,99006,LB,ARZ,3,0,0,1,56.6,0,0,1,4.4,0.0,0,0,0.0,0,45,2,0,0,59.6,0,0,1,7.1,0.0,0,0.0,0,14,1,0
Nolan Smith,99014,ED,PHI,13,0,0,24,67.1,8,26,231,85.9,13.4,31,2,8.2,2,284,244,36,0,70.8,4,16,113,88.5,17.7,20,10.6,2,139,123,22
Jermaine Johnson,99015,ED,NYJ,14,0,0,22,59.4,4,28,370,97.3,10.3,38,1,5.1,3,403,392,35,0,60.0,3,16,170,96.8,12.4,21,6.2,1,188,182,20
Nakobe Dean,99018,LB,PHI,10,0,0,24,92.4,2,6,32,12.3,31.3,10,2,25.0,4,284,35,12,0,93.4,2,5,20,17.2,45.0,9,37.5,4,134,23,11
Sam Williams,99106,ED,DAL,17,1,1,9,55.0,3,20,252,93.1,8.7,22,5,5.0,1,290,270,24,0,55.4,2,10,119,94.1,10.1,12,5.9,1,135,127,13
Tyler Owens,99271,S,WAS,6,0,0,32,52.9,0,0,5,12.5,0.0,0,0,0.0,0,40,5,0,0,56.3,0,0,2,9.1,0.0,0,0.0,0,22,2,0
T'Vondre Sweat,99321,DI,TEN,12,1,0,31,74.1,2,14,192,100.0,9.4,18,1,5.2,2,200,200,18,0,68.0,1,7,66,100.0,10.6,7,7.6,1,69,69,9
Jordan Jefferson,99325,DI,CIN,2,0,0,7,54.8,0,0,10,100.0,0.0,0,1,0.0,0,10,10,0,0,,0,0,0,,,0,,0,0,0,0
Gabe Hall,99350,DI,PHI,2,0,0,24,54.3,0,0,5,100.0,0.0,0,0,0.0,0,5,5,0,0,54.4,0,0,4,100.0,0.0,0,0.0,0,4,4,0
Dee Winters,99376,LB,SF,18,0,1,28,56.4,5,8,62,10.2,6.5,4,3,10.5,0,644,66,13,0,50.1,1,4,28,10.2,7.1,2,8.9,0,313,32,5
Tykee Smith,99500,S,TB,16,3,1,30,87.9,2,3,31,5.5,19.4,6,1,14.5,2,614,34,7,0,65.8,0,1,8,3.4,12.5,1,31.3,2,293,10,3
Garrett Williams,99723,CB,ARZ,10,0,0,1,48.5,0,3,9,2.7,0.0,0,2,16.7,0,331,9,3,0,53.3,0,1,3,1.8,0.0,0,16.7,0,167,3,1
Demetrius Knight Jr.,99728,LB,CIN,17,1,1,7,63.3,2,5,51,10.8,5.9,3,2,14.7,4,473,51,11,0,54.7,1,2,20,10.6,5.0,1,12.5,1,189,20,4
Jarvis Brownlee Jr.,99734,CB,NYJ,9,0,1,22,47.1,0,0,6,2.3,0.0,0,9,0.0,0,263,6,0,0,59.5,0,0,1,0.8,0.0,0,0.0,0,128,1,0
SirVocea Dennis,99767,LB,TB,16,2,0,30,73.6,5,10,79,13.4,11.4,9,0,14.6,4,603,81,19,0,69.9,3,4,29,11.0,17.2,5,15.5,1,283,31,8
Ruke Orhorhoro,99768,DI,ATL,17,1,0,2,53.5,3,23,365,99.7,6.0,22,2,4.7,4,391,390,30,1,56.0,3,15,199,100.0,8.0,16,6.5,4,213,213,22
Derrick McLendon II,99810,ED,MIA,1,0,0,17,58.5,0,0,8,100.0,12.5,1,0,0.0,0,9,9,0,0,54.6,0,0,2,100.0,0.0,0,0.0,0,3,3,0
Calijah Kancey,99822,DI,TB,3,0,0,30,54.7,1,7,66,100.0,4.5,3,0,6.1,0,70,70,8,0,58.2,0,7,30,100.0,6.7,2,11.7,0,32,32,7
Nahshon Wright,100412,CB,CHI,19,0,2,6,73.4,1,1,2,0.4,50.0,1,8,50.0,0,707,3,2,0,,0,0,0,0.0,,0,,0,334,0,0
Brandon Dorlus,100452,DI,ATL,15,0,0,2,62.0,1,16,293,99.7,9.6,28,0,6.0,9,315,314,26,0,65.6,0,12,156,100.0,12.2,19,8.3,7,166,166,19
Laiatu Latu,100551,ED,IND,16,1,1,14,77.0,9,41,416,87.1,15.4,64,4,8.7,11,502,437,61,0,76.4,4,27,222,92.4,19.4,43,10.1,7,251,232,38
Craig Woodson,100612,S,NE,21,0,0,19,60.6,2,6,42,5.6,4.8,2,1,9.5,0,769,43,8,0,63.7,2,3,16,4.5,0.0,0,15.6,0,380,17,5
Sauce Gardner,100903,CB,IND,11,0,1,14,39.6,0,1,6,1.7,0.0,0,5,8.3,0,349,6,1,0,41.1,0,1,3,2.1,0.0,0,16.7,0,146,3,1
Ja'Quan McMillian,100931,CB,DEN,19,1,0,10,81.9,1,3,37,6.4,2.7,1,2,16.2,4,628,40,8,0,92.0,1,3,15,4.7,0.0,0,40.0,4,318,15,8
Joey Porter Jr.,101364,CB,PIT,15,0,3,25,59.5,0,1,2,0.3,0.0,0,9,75.0,1,599,2,2,0,58.7,0,1,1,0.3,0.0,0,50.0,0,306,1,1
Deonte Banks,101384,CB,NYG,14,1,3,21,67.3,0,0,1,0.4,0.0,0,7,0.0,0,283,1,0,0,,0,0,0,0.0,,0,,0,139,0,0
Devon Witherspoon,101388,CB,SEA,15,0,0,29,92.9,5,7,27,4.7,14.8,4,3,25.9,1,597,28,13,0,92.1,5,4,16,5.2,12.5,2,34.4,1,326,17,10
Dane Belton,101398,S,NYG,17,0,0,21,51.8,0,1,17,4.1,0.0,0,3,8.8,1,462,19,2,0,55.7,0,1,9,4.7,0.0,0,16.7,1,235,11,2
Logan Lee,101416,DI,PIT,6,2,0,25,68.4,1,2,23,100.0,13.0,3,0,6.5,0,24,24,3,1,71.4,1,1,5,100.0,40.0,2,20.0,0,5,5,2
Mazi Smith,101419,DI,NYJ,8,0,0,22,57.8,0,2,63,100.0,4.8,3,0,1.6,0,69,69,2,0,63.8,0,2,19,100.0,15.8,3,5.3,0,21,21,2
David Ojabo,101420,ED,BLT,13,0,0,3,52.4,2,3,90,97.8,4.4,4,0,3.9,1,92,90,6,0,53.9,0,1,29,93.5,6.9,2,5.2,1,31,29,2
Mike Morris,101421,DI,SEA,14,1,0,29,61.0,2,6,91,93.3,8.8,8,1,4.4,0,104,97,8,0,57.2,2,4,48,98.1,6.3,3,6.3,0,53,52,6
Sam Okuayinonu,101425,ED,SF,17,0,0,28,57.5,4,24,362,96.7,10.5,38,1,4.7,3,393,380,31,0,58.5,2,18,190,98.0,15.3,29,6.3,2,205,201,22
Ty Robinson,101446,DI,PHI,8,1,0,24,51.3,1,1,40,100.0,5.0,2,0,2.5,0,47,47,2,1,51.0,1,1,19,100.0,5.3,1,5.3,0,23,23,2
Leo Chenal,101463,LB,KC,14,1,0,16,57.2,2,6,102,45.4,5.9,6,0,6.9,3,238,108,11,1,61.6,0,5,51,64.6,9.8,5,6.9,1,82,53,6
Maema Njongmeta,101465,LB,CAR,1,0,0,5,60.0,0,0,1,25.0,0.0,0,0,0.0,0,4,1,0,0,,0,0,0,,,0,,0,0,0,0
Tommy Eichenberg,101488,LB,LV,8,1,0,23,64.3,0,0,5,11.8,0.0,0,0,0.0,0,51,6,0,0,58.1,0,0,1,6.7,0.0,0,0.0,0,15,1,0
Jack Campbell,101515,LB,DET,17,0,0,11,72.4,2,10,76,12.7,14.5,11,2,14.5,5,686,87,17,0,70.0,2,7,48,19.4,18.8,9,13.5,2,288,56,11
Keeanu Benton,101536,DI,PIT,18,1,0,25,74.5,7,19,435,98.9,10.8,47,1,4.6,7,464,459,33,0,66.3,5,12,209,99.6,13.4,28,6.5,5,223,222,22
Jaquan Brisker,101665,S,CHI,19,2,1,6,72.3,2,8,68,9.7,11.8,8,4,10.3,2,731,71,12,1,71.0,1,3,37,11.5,13.5,5,10.8,2,340,39,6
Alijah Huzzie,101807,CB,HST,1,0,0,13,57.2,0,0,1,7.7,0.0,0,0,0.0,0,13,1,0,0,,0,0,0,0.0,,0,,0,4,0,0
Jared Verse,101912,ED,LA,20,0,1,26,81.3,27,64,598,97.2,16.1,96,4,9.1,9,654,636,100,0,83.7,20,50,307,98.5,20.8,64,13.4,6,333,328,76
Isaiah Land,102108,ED,DAL,1,0,0,9,56.6,0,1,2,100.0,0.0,0,0,25.0,0,2,2,1,0,59.1,0,0,1,100.0,0.0,0,0.0,0,1,1,0
Kyle Hamilton,102684,S,BLT,16,2,1,3,91.5,3,8,65,10.5,18.5,12,6,10.0,1,659,69,12,0,91.2,2,5,33,11.3,18.2,6,13.6,1,327,37,8
Howard Cross III,102726,DI,CIN,4,0,0,7,54.8,0,1,29,100.0,0.0,0,0,1.7,0,29,29,1,0,59.9,0,1,11,100.0,0.0,0,4.5,0,11,11,1
Isaiah Foskey,102728,ED,CIN,2,0,0,7,76.5,1,2,21,95.5,28.6,6,0,7.1,0,22,21,3,0,72.8,1,2,10,100.0,30.0,3,15.0,0,10,10,3
JD Bertrand,102787,LB,ATL,5,0,0,2,74.6,0,1,5,5.5,40.0,2,0,10.0,0,91,5,1,0,83.0,0,0,2,6.7,100.0,2,0.0,0,30,2,0
Marist Liufau,102789,LB,DAL,17,0,0,9,56.5,1,4,15,22.1,6.7,1,1,23.3,1,86,19,6,0,37.8,0,2,2,15.8,0.0,0,50.0,0,19,3,2
Cam Hart,102955,CB,LAC,17,0,0,27,76.8,1,2,3,0.7,33.3,1,3,50.0,0,444,3,3,0,76.8,1,2,3,1.6,33.3,1,50.0,0,188,3,3
Branson Combs,105001,LB,JAX,4,0,0,15,52.8,0,0,4,17.4,0.0,0,0,0.0,0,23,4,0,0,53.6,0,0,3,23.1,0.0,0,0.0,0,13,3,0
Jalyx Hunt,105989,ED,PHI,18,0,0,24,66.3,17,36,339,83.9,10.9,37,2,9.9,7,429,360,60,0,65.5,6,25,156,82.3,16.0,25,13.1,5,209,172,36
Truman Jones,106527,ED,TEN,9,0,0,31,54.9,0,3,62,97.0,8.1,5,0,5.6,2,67,65,5,0,59.4,0,2,24,92.9,16.7,4,12.5,2,28,26,4
Joe Andreessen,108177,LB,BUF,8,0,0,4,75.2,2,0,5,10.9,0.0,0,0,20.0,0,46,5,2,0,65.4,1,0,3,15.0,0.0,0,16.7,0,20,3,1
Rodney Thomas II,108389,S,IND,17,0,0,14,64.7,1,0,3,2.3,0.0,0,0,16.7,0,129,3,1,0,60.9,1,0,2,2.5,0.0,0,25.0,0,80,2,1
Michael Hoecht,108840,ED,BUF,2,1,0,4,71.6,0,5,42,95.7,16.7,7,1,13.1,3,46,44,8,0,75.0,0,4,26,96.4,23.1,6,19.2,3,28,27,7
Dee Alford,110542,CB,ATL,15,1,1,2,60.4,1,6,21,5.8,0.0,0,5,26.2,2,396,23,9,0,58.1,1,5,13,6.5,0.0,0,38.5,2,214,14,8
D'Anthony Bell,111578,S,CAR,6,0,0,5,76.0,0,0,2,3.6,0.0,0,0,50.0,1,56,2,1,0,77.2,0,0,1,4.0,0.0,0,100.0,1,25,1,1
Rasheen Ali,121717,HB,BLT,1,0,0,3,60.0,0,1,1,100.0,0.0,0,0,50.0,0,1,1,1,0,,0,0,0,,,0,,0,0,0,0
Cam'Ron Jackson,121769,DI,CAR,8,0,0,5,58.0,0,2,23,92.6,4.3,1,0,4.3,0,27,25,2,0,65.1,0,1,6,100.0,16.7,1,8.3,0,6,6,1
Upton Stout,121906,CB,SF,18,0,1,28,72.2,2,8,43,9.2,20.9,9,8,14.0,1,466,43,11,0,85.7,2,4,19,7.3,26.3,5,15.8,0,262,19,6
Tyrice Knight,122025,LB,SEA,12,0,0,29,93.9,0,2,21,10.4,9.5,2,0,14.3,2,201,21,4,0,95.2,0,2,9,9.6,22.2,2,22.2,1,94,9,3
Tyler Batty,122052,ED,MIN,4,0,0,18,53.2,0,0,10,100.0,0.0,0,0,0.0,0,10,10,0,0,54.6,0,0,3,100.0,0.0,0,0.0,0,3,3,0
Bryan Bresee,122142,DI,NO,15,3,0,20,62.5,5,22,351,99.5,7.7,27,3,4.7,3,373,371,30,1,67.3,5,15,168,98.9,12.5,21,7.7,3,183,181,23
R.J. Mickens,122153,S,LAC,11,0,0,27,59.1,0,0,1,0.4,0.0,0,0,0.0,0,240,1,0,0,59.1,0,0,1,1.0,0.0,0,0.0,0,103,1,0
Myles Murphy,122154,ED,CIN,17,2,1,7,63.5,4,31,365,97.3,12.1,44,3,6.4,6,403,392,41,2,67.2,3,21,178,99.5,14.6,26,9.6,5,193,192,29
Trenton Simpson,122157,LB,BLT,16,0,1,3,67.0,4,6,45,19.4,6.7,3,1,15.6,2,248,48,12,0,65.7,3,3,25,27.7,8.0,2,20.0,2,94,26,8
Elijah Roberts,122222,DI,TB,17,3,1,30,63.0,2,22,311,97.6,10.0,31,2,4.8,3,334,326,27,1,64.6,2,17,158,98.2,14.6,23,6.6,1,170,167,20
Aeneas Peebles,122379,DI,BLT,6,1,0,3,62.3,0,3,50,96.4,6.0,3,0,3.0,0,55,53,3,0,55.2,0,2,25,96.4,4.0,1,4.0,0,28,27,2
Jared Ivey,122480,ED,SEA,2,0,0,29,60.7,0,0,9,100.0,11.1,1,0,0.0,0,9,9,0,0,68.2,0,0,3,100.0,33.3,1,0.0,0,3,3,0
Kyle Kennard,122483,ED,LAC,5,0,0,27,53.4,0,0,40,87.8,7.5,3,0,0.0,0,49,43,0,0,55.5,0,0,12,86.7,8.3,1,0.0,0,15,13,0
Yaya Diaby,122705,ED,TB,17,2,0,30,76.9,10,43,430,87.1,17.4,75,3,8.3,9,520,453,62,0,72.2,6,28,217,88.5,20.3,44,11.5,8,261,231,42
Greedy Vance Jr.,122729,CB,LV,6,0,1,23,63.0,1,0,3,5.5,0.0,0,1,16.7,0,73,4,1,0,,0,0,0,0.0,,0,,0,44,0,0
Cedric Gray,122835,LB,TEN,16,0,1,31,55.4,2,7,57,11.3,10.5,6,5,9.6,1,532,60,10,0,66.7,1,3,20,9.2,20.0,4,15.0,1,229,21,5
Rylie Mills,122907,DI,SEA,6,0,0,29,73.9,0,1,15,100.0,20.0,3,0,10.0,1,15,15,2,0,78.4,0,1,10,100.0,30.0,3,15.0,1,10,10,2
Xavier Watts,122914,S,ATL,17,0,0,2,52.0,0,1,4,0.6,25.0,1,1,12.5,0,666,4,1,0,54.6,0,1,2,0.6,50.0,1,25.0,0,322,2,1
Perrion Winfrey,122952,DI,DAL,1,0,0,9,64.9,0,2,16,100.0,18.8,3,0,6.3,0,16,16,2,0,58.2,0,0,2,100.0,0.0,0,0.0,0,2,2,0
Marlowe Wax,123057,LB,LAC,1,0,0,27,53.5,0,1,4,18.2,0.0,0,0,12.5,0,22,4,1,0,54.0,0,1,3,42.9,0.0,0,16.7,0,7,3,1
Jahdae Barron,123105,CB,DEN,19,0,1,10,47.6,0,0,9,3.4,0.0,0,3,0.0,0,264,9,0,0,53.2,0,0,3,2.1,0.0,0,0.0,0,142,3,0
Vernon Broughton,123107,DI,NO,1,0,0,20,51.5,0,0,13,92.9,0.0,0,0,0.0,0,14,13,0,0,53.5,0,0,5,100.0,0.0,0,0.0,0,5,5,0
Alfred Collins,123110,DI,SF,18,2,0,28,59.4,4,9,299,99.4,4.7,14,0,2.5,1,313,311,14,2,64.4,3,5,134,100.0,4.5,6,3.7,1,144,144,9
Kitan Crawford,123111,S,ARZ,12,0,0,1,56.5,0,0,2,2.3,0.0,0,0,0.0,0,87,2,0,0,59.1,0,0,1,1.8,0.0,0,0.0,0,56,1,0
Dorian Strong,123366,CB,BUF,3,0,0,4,72.0,0,1,1,2.0,0.0,0,1,50.0,0,49,1,1,0,72.0,0,1,1,3.8,0.0,0,50.0,0,26,1,1
Cam Horsley,123541,DI,TEN,1,0,0,31,56.0,0,0,6,100.0,0.0,0,0,0.0,0,6,6,0,0,57.8,0,0,2,100.0,0.0,0,0.0,0,2,2,0
Corey Thornton,123763,CB,CAR,6,0,1,5,72.8,0,1,2,3.7,0.0,0,1,25.0,0,81,3,1,0,73.9,0,0,1,4.7,0.0,0,0.0,0,43,2,0
Will Anderson Jr.,123903,ED,HST,19,1,0,13,92.5,11,74,495,99.6,25.3,125,6,12.0,17,531,529,102,0,93.7,7,62,267,100.0,32.6,87,18.2,14,286,286,83
Brian Branch,123907,S,DET,12,0,2,11,81.5,3,1,16,4.2,25.0,4,9,31.3,3,454,19,7,0,72.0,0,1,8,5.1,12.5,1,31.3,2,195,10,3
Chris Braswell,123908,ED,TB,17,0,1,30,69.0,3,11,131,79.7,16.8,22,4,6.1,1,172,137,15,0,71.5,0,8,60,85.1,25.0,15,8.3,1,74,63,9
Malachi Moore,123928,S,NYJ,17,0,1,22,40.2,0,1,12,2.8,0.0,0,2,4.2,0,529,15,1,0,47.7,0,0,5,2.6,0.0,0,0.0,0,229,6,0
Quandarrius Robinson,123932,ED,DEN,7,1,0,10,62.0,2,6,68,86.5,8.8,6,0,8.8,2,89,77,10,0,64.4,1,2,22,96.6,13.6,3,11.4,1,29,28,4
JJ Pegues,123998,DI,LV,9,0,0,23,57.0,0,2,50,100.0,4.0,2,0,2.0,0,52,52,2,0,61.0,0,1,16,100.0,6.3,1,3.1,0,17,17,1
Warren Brinson,124013,DI,GB,12,0,0,12,66.8,2,11,163,97.2,12.3,20,2,4.6,1,178,173,14,0,71.3,2,10,83,97.8,16.9,14,8.4,1,90,88,13
Jalen Carter,124019,DI,PHI,12,6,1,24,77.1,9,33,417,100.0,11.3,47,5,6.0,4,440,440,46,3,80.9,6,21,205,100.0,14.6,30,8.5,4,221,221,31
Nazir Stackhouse,124040,DI,GB,13,0,0,12,48.6,0,5,69,100.0,4.3,3,0,3.6,0,76,76,5,0,47.7,0,3,26,100.0,3.8,1,5.8,0,28,28,3
Andru Phillips,124075,CB,NYG,17,0,1,21,57.3,0,4,17,3.3,17.6,3,10,11.8,0,512,17,4,0,53.1,0,2,4,1.6,25.0,1,25.0,0,258,4,2
Ali Gaye,124095,ED,TEN,3,0,0,31,52.4,0,2,24,100.0,4.2,1,0,4.2,0,24,24,2,0,57.2,0,0,10,100.0,10.0,1,0.0,0,10,10,0
BJ Ojulari,124105,ED,ARZ,8,0,0,1,51.6,1,5,67,76.6,6.0,4,1,6.0,1,94,72,7,0,58.5,0,1,24,81.8,12.5,3,6.3,1,33,27,2
Cedric Johnson,124136,ED,CIN,9,0,0,7,47.7,4,12,132,96.6,5.3,7,1,7.6,2,147,142,18,0,51.6,3,6,78,100.0,6.4,5,8.3,2,84,84,11
Austin Keys,124137,LB,ARZ,1,0,0,1,87.9,0,1,3,60.0,33.3,1,0,50.0,1,5,3,2,0,90.3,0,1,2,100.0,50.0,1,75.0,1,2,2,2
Tavius Robinson,124147,ED,BLT,10,1,0,3,54.4,4,9,245,93.9,5.3,13,1,4.7,5,278,261,18,1,61.6,3,7,110,93.6,7.3,8,8.2,4,125,117,14
Emmanuel Forbes,124166,CB,LA,20,0,1,26,50.6,0,0,4,0.7,0.0,0,5,0.0,0,581,4,0,0,58.6,0,0,1,0.3,0.0,0,0.0,0,300,1,0
Tyrus Wheat,124191,ED,DET,10,1,0,11,80.5,1,0,45,97.9,11.1,5,0,5.6,2,48,47,3,0,66.1,1,0,17,100.0,23.5,4,2.9,0,19,19,1
Jaylon Carlies,124196,LB,IND,1,0,0,14,59.4,0,0,1,50.0,0.0,0,0,0.0,0,2,1,0,0,59.4,0,0,1,100.0,0.0,0,0.0,0,1,1,0
Jordan Burch,124227,ED,ARZ,17,2,0,1,51.0,0,15,216,89.7,6.0,13,1,3.9,1,263,236,16,0,55.1,0,7,83,91.1,9.6,8,4.2,0,101,92,7
Tonka Hemingway,124238,DI,LV,9,1,0,23,57.5,2,3,110,99.1,4.5,5,0,5.9,4,117,116,9,1,60.6,2,2,55,100.0,7.3,4,7.3,2,58,58,6
Tyler Baron,124268,ED,NYJ,5,0,0,22,56.7,0,4,45,98.0,8.9,4,0,4.4,0,49,48,4,0,59.1,0,2,13,93.8,15.4,2,7.7,0,16,15,2
Edgerrin Cooper,124311,LB,GB,17,1,0,12,67.4,2,9,61,10.9,9.8,6,0,10.7,1,644,70,12,0,69.6,1,5,29,10.6,13.8,4,13.8,1,311,33,7
Fadil Diggs,124314,ED,NO,4,0,0,20,51.2,0,0,14,73.7,0.0,0,2,0.0,0,19,14,0,0,55.3,0,0,3,75.0,0.0,0,0.0,0,4,3,0
McKinnley Jackson,124324,DI,CIN,9,0,0,7,55.4,0,2,66,98.6,4.5,3,0,1.5,0,69,68,2,0,53.5,0,1,24,96.2,4.2,1,2.1,0,26,25,1
Antonio Johnson,124326,S,JAX,17,0,0,15,75.5,0,5,18,4.0,11.1,2,1,25.0,2,497,20,7,0,62.9,0,2,8,3.5,0.0,0,37.5,2,226,8,4
Jaylon Jones,124328,CB,IND,9,0,1,14,53.8,0,0,2,1.6,0.0,0,3,0.0,0,126,2,0,0,53.8,0,0,2,3.3,0.0,0,0.0,0,60,2,0
Gervon Dexter Sr.,124374,DI,CHI,19,0,1,6,70.5,7,29,439,99.2,8.9,39,4,5.7,7,471,467,43,0,74.2,5,23,217,100.0,13.4,29,8.8,5,228,228,33
Princely Umanmielen,124398,ED,CAR,17,0,0,5,57.1,2,6,136,90.6,9.6,13,0,4.4,2,159,144,10,0,54.9,0,5,74,92.0,12.2,9,6.1,2,87,80,7
Marques Sigle,125305,S,SF,11,0,0,28,60.3,0,1,3,1.8,33.3,1,4,16.7,0,285,5,1,0,53.9,0,0,0,1.4,,0,,0,144,2,0
Mekhi Wingo,128050,DI,DET,2,0,0,11,56.7,0,2,36,100.0,2.8,1,1,2.8,0,40,40,2,0,49.5,0,1,15,100.0,0.0,0,3.3,0,18,18,1
Nohl Williams,128375,CB,KC,14,0,2,16,73.9,0,2,8,2.8,25.0,2,6,25.0,1,281,8,3,0,52.7,0,0,3,2.3,0.0,0,0.0,0,133,3,0
Reuben Lowery III,129393,S,IND,3,0,0,14,56.8,0,0,2,4.8,0.0,0,0,0.0,0,42,2,0,0,,0,0,0,0.0,,0,,0,14,0,0
Jer'Zhan Newton,129420,DI,WAS,17,1,0,32,66.8,3,18,215,99.1,9.3,20,2,7.7,6,230,228,27,0,70.5,3,10,85,100.0,15.3,13,12.4,4,89,89,17
Yahya Black,129460,DI,PIT,18,0,0,25,53.8,1,7,213,98.7,3.8,8,1,1.9,0,228,225,8,0,52.2,0,5,80,98.8,3.8,3,3.1,0,84,83,5
Jay Higgins,129469,LB,BLT,1,0,0,3,59.4,0,0,1,25.0,0.0,0,0,0.0,0,4,1,0,0,59.4,0,0,1,33.3,0.0,0,0.0,0,3,1,0
Lukas Van Ness,129482,ED,GB,10,0,0,12,71.3,8,16,167,92.2,16.2,27,1,9.0,3,193,178,27,0,70.7,5,13,94,91.8,20.2,19,11.7,2,110,101,20
Ruben Hyppolite II,129516,LB,CHI,4,0,0,6,58.1,0,0,2,16.7,0.0,0,0,0.0,0,12,2,0,0,,0,0,0,0.0,,0,,0,1,0,0
Tarheeb Still,129537,CB,LAC,16,1,1,27,58.8,2,5,17,3.3,0.0,0,5,20.6,0,543,18,7,0,60.3,2,1,7,3.6,0.0,0,21.4,0,224,8,3
Jaylen Harrell,129579,ED,TEN,12,0,0,31,58.6,4,10,167,77.0,7.8,13,0,7.8,6,226,174,20,0,59.6,2,6,88,84.7,8.0,7,11.4,6,111,94,14
Kris Jenkins,129584,DI,CIN,14,0,0,7,50.0,1,15,281,98.7,5.3,15,1,3.6,2,302,298,18,0,52.1,1,9,127,99.3,6.3,8,5.5,2,134,133,12
Braiden McGregor,129586,ED,NYJ,12,2,0,22,58.9,1,7,105,97.5,9.5,10,0,3.8,0,118,115,8,1,65.4,0,3,29,96.9,17.2,5,5.2,0,32,31,3
Danny Striggow,129668,ED,JAX,10,0,0,15,59.5,1,5,80,95.7,8.8,7,0,5.0,1,93,89,7,0,55.7,0,1,23,96.0,8.7,2,2.2,0,25,24,1
Lathan Ransom,129755,S,CAR,17,0,0,5,64.5,0,0,6,2.4,0.0,0,1,16.7,1,252,6,1,0,55.3,0,0,2,1.4,0.0,0,0.0,0,140,2,0
Cody Simon,129757,LB,ARZ,11,0,0,1,55.3,0,4,32,10.7,12.5,4,0,9.4,1,298,32,5,0,53.6,0,4,20,14.5,20.0,4,10.0,0,138,20,4
Ji'Ayir Brown,129767,S,SF,17,0,0,28,65.9,0,3,10,2.0,20.0,2,0,15.0,0,507,10,3,0,61.8,0,2,4,1.6,25.0,1,25.0,0,248,4,2
Max Melton,129889,CB,ARZ,9,0,0,1,59.0,0,0,1,0.4,0.0,0,4,0.0,0,261,1,0,0,,0,0,0,0.0,,0,,0,121,0,0
Nick Herbig,129920,ED,PIT,16,0,0,25,87.3,13,27,340,87.2,17.1,58,4,8.2,8,414,361,48,0,90.6,11,21,183,91.6,22.4,41,12.6,7,214,196,39
Jordan Turner,129932,LB,DEN,1,0,0,10,70.2,1,0,3,17.6,0.0,0,0,16.7,0,17,3,1,0,62.2,1,0,1,12.5,0.0,0,50.0,0,8,1,1
Shaun Dolac,130406,LB,LA,3,0,0,26,64.0,0,0,4,17.4,25.0,1,0,0.0,0,23,4,0,0,68.1,0,0,2,16.7,50.0,1,0.0,0,12,2,0
Adin Huntington,130493,DI,CLV,12,0,1,8,59.1,0,5,78,98.8,6.4,5,1,4.5,1,83,82,6,0,64.7,0,4,28,96.8,10.7,3,10.7,1,31,30,5
CJ West,130507,DI,SF,16,0,1,28,65.4,0,9,175,100.0,8.6,15,1,3.7,2,180,180,11,0,66.5,0,7,66,100.0,13.6,9,6.8,1,68,68,8
Byron Murphy II,131252,DI,SEA,20,0,0,29,77.3,3,48,543,98.4,12.3,67,1,6.7,11,578,569,62,0,83.9,2,39,282,98.0,17.7,50,10.5,9,305,299,50
Shemar Turner,131273,ED,CHI,5,0,0,6,51.4,0,0,32,94.4,3.1,1,0,0.0,0,36,34,0,0,57.5,0,0,13,100.0,7.7,1,0.0,0,14,14,0
Omarr Norman-Lott,131624,DI,KC,5,0,0,16,59.5,0,5,46,98.0,6.5,3,0,7.6,1,49,48,6,0,59.6,0,3,17,94.4,11.8,2,14.7,1,18,17,4
Christian Gonzalez,131679,CB,NE,18,0,1,19,57.8,0,0,2,0.5,0.0,0,3,50.0,1,640,3,1,0,63.6,0,0,0,0.0,,0,,1,316,0,1
Noah Sewell,131722,LB,CHI,12,0,0,6,42.5,0,3,29,14.6,3.4,1,2,5.2,0,226,33,3,0,47.1,0,0,11,12.0,0.0,0,0.0,0,92,11,0
Bradyn Swinson,131726,ED,NE,2,0,0,19,58.6,0,1,21,100.0,14.3,3,0,2.4,0,21,21,1,0,66.4,0,1,11,100.0,27.3,3,4.5,0,11,11,1
Tuli Tuipulotu,131840,ED,LAC,17,2,0,27,73.7,13,48,414,89.7,12.3,51,0,10.7,14,496,445,75,1,83.8,10,30,185,93.5,17.8,33,16.2,10,217,203,50
Connor O'Toole,131869,ED,SEA,4,0,0,29,52.8,0,0,8,88.9,0.0,0,0,0.0,0,9,8,0,0,53.2,0,0,4,80.0,0.0,0,0.0,0,5,4,0
Cooper McDonald,131903,ED,KC,4,0,0,16,52.8,0,0,4,18.2,0.0,0,0,0.0,0,22,4,0,0,56.2,0,0,2,33.3,0.0,0,0.0,0,6,2,0
Chau Smith-Wade,131956,CB,CAR,17,0,3,5,50.6,0,2,10,2.7,0.0,0,3,10.0,0,443,12,2,0,57.0,0,0,3,2.0,0.0,0,0.0,0,248,5,0
Jaylen Watson,131960,CB,KC,15,0,1,16,79.9,0,3,14,2.9,14.3,2,5,25.0,2,526,15,5,0,83.7,0,0,5,2.3,0.0,0,40.0,2,214,5,2
CJ Ravenell,134584,DI,TEN,11,0,0,31,49.3,0,0,38,100.0,0.0,0,1,0.0,0,39,39,0,0,52.0,0,0,11,100.0,0.0,0,0.0,0,11,11,0
Keyon Martin,138344,CB,BLT,10,0,0,3,79.2,0,2,9,9.7,22.2,2,2,22.2,1,103,10,3,0,83.3,0,2,6,12.5,33.3,2,33.3,1,56,7,3
Elijah Williams,138526,DI,MIN,7,0,0,18,60.0,0,1,14,100.0,7.1,1,0,3.6,0,14,14,1,0,56.2,0,0,3,100.0,0.0,0,0.0,0,3,3,0
Myles Harden,141857,CB,CLV,16,0,1,8,91.0,1,1,4,1.5,25.0,1,6,25.0,0,344,5,2,0,77.4,0,0,1,1.0,0.0,0,0.0,0,192,2,0
Teddye Buchanan,142172,LB,BLT,14,0,0,3,55.2,1,8,47,14.3,8.5,4,0,11.7,1,364,52,10,0,38.4,0,2,20,15.4,0.0,0,5.0,0,149,23,2
Malik Mustapha,142358,S,SF,14,0,0,28,79.1,1,1,10,2.0,20.0,2,0,20.0,1,492,10,3,0,67.3,1,0,2,0.8,0.0,0,25.0,0,246,2,1
Elijah Ponder,142819,ED,NE,19,0,0,19,56.0,3,17,202,90.9,6.9,14,0,6.9,4,231,210,24,0,58.7,1,11,109,91.3,9.2,10,8.3,3,126,115,15
Donovan Ezeiruaku,143824,ED,DAL,17,0,0,9,66.8,12,22,318,91.7,12.6,40,2,6.0,2,374,343,36,0,60.9,7,9,135,90.3,12.6,17,5.9,0,165,149,16
Joshua Farmer,143880,DI,NE,13,1,0,19,53.4,0,7,116,100.0,6.0,7,1,3.0,0,128,128,7,0,55.3,0,4,47,100.0,8.5,4,4.3,0,53,53,4
Kevin Knowles II,143885,CB,KC,6,1,0,16,63.5,0,1,8,12.3,0.0,0,0,6.3,0,65,8,1,1,72.0,0,1,4,10.8,0.0,0,12.5,0,37,4,1
Zeek Biggers,143903,DI,MIA,9,0,0,17,45.7,1,5,129,98.5,3.1,4,0,3.9,2,137,135,8,0,45.8,1,5,63,100.0,6.3,4,4.8,0,66,66,6
Kamren Kinchens,143946,S,LA,20,0,0,26,66.1,2,3,16,2.3,0.0,0,1,21.9,1,684,16,6,0,71.4,2,1,5,1.3,0.0,0,30.0,0,383,5,3
Leonard Taylor III,143953,DI,NE,9,1,0,19,62.5,1,6,87,100.0,9.2,8,0,4.0,0,88,88,7,1,68.5,1,3,38,100.0,15.8,6,5.3,0,39,39,4
James Williams,143955,LB,TEN,4,0,0,31,64.7,0,1,6,11.1,16.7,1,0,25.0,1,54,6,2,0,67.3,0,0,4,15.4,25.0,1,25.0,1,26,4,1
Barrett Carter,144109,LB,CIN,16,0,0,7,48.0,1,8,37,8.4,2.7,1,0,12.2,0,455,38,9,0,56.3,1,4,11,6.2,9.1,1,22.7,0,194,12,5
Andrew Mukuba,144129,S,PHI,11,0,1,24,78.4,0,0,2,0.5,0.0,0,1,50.0,1,434,2,1,0,79.5,0,0,1,0.5,0.0,0,100.0,1,212,1,1
Payton Page,144131,DI,NYJ,3,0,0,22,62.7,0,1,18,100.0,11.1,2,0,2.8,0,20,20,1,0,62.0,0,1,5,100.0,20.0,1,10.0,0,7,7,1
Jeremiah Trotter Jr.,144142,LB,PHI,4,0,0,24,90.8,2,1,4,12.2,50.0,2,0,37.5,0,41,5,3,0,85.5,1,1,2,16.7,100.0,2,50.0,0,18,3,2
Nate Wiggins,144143,CB,BLT,17,0,0,3,54.7,0,0,2,0.3,0.0,0,5,0.0,0,692,2,0,0,60.0,0,0,1,0.3,0.0,0,0.0,0,341,1,0
Ashton Gillotte,144154,ED,KC,17,0,1,16,48.7,5,16,251,92.4,4.4,11,1,5.4,3,290,268,24,0,55.5,2,11,97,89.8,8.2,8,8.8,2,118,106,15
Rayuan Lane III,144326,S,JAX,11,0,0,15,51.0,0,0,3,4.0,0.0,0,0,0.0,0,101,4,0,0,52.7,0,0,2,5.1,0.0,0,0.0,0,59,3,0
Danny Stutsman,144632,LB,NO,12,0,0,20,56.6,0,2,11,13.0,9.1,1,0,9.1,0,100,13,2,0,62.6,0,1,5,13.3,20.0,1,10.0,0,45,6,1
Ethan Downs,144636,ED,KC,1,0,0,16,52.5,0,0,5,100.0,0.0,0,0,0.0,0,6,6,0,0,56.8,0,0,2,100.0,0.0,0,0.0,0,2,2,0
Billy Bowman Jr.,144638,CB,ATL,6,0,0,2,69.8,0,3,13,6.5,7.7,1,1,26.9,2,201,13,5,0,75.4,0,0,5,4.9,0.0,0,40.0,2,102,5,2
Collin Oliver,144664,ED,GB,1,0,0,12,53.5,2,0,17,94.4,0.0,0,0,5.9,0,18,17,2,0,51.3,1,0,7,100.0,0.0,0,7.1,0,7,7,1
Nickolas Martin,144667,LB,SF,1,0,0,28,60.0,0,0,0,9.1,,0,0,,0,11,1,0,0,,0,0,0,0.0,,0,,0,7,0,0
Barryn Sorrell,144739,ED,GB,13,0,1,12,51.3,1,4,117,94.9,4.3,5,1,3.8,2,138,131,7,0,54.7,0,2,59,95.8,6.8,4,5.1,2,72,69,4
Cooper DeJean,144867,CB,PHI,17,0,4,24,58.8,1,5,23,3.6,4.3,1,6,13.0,0,673,24,6,0,59.9,0,2,5,1.5,20.0,1,20.0,0,329,5,2
Dante Trader Jr.,144900,S,MIA,16,0,0,17,38.1,0,3,10,3.8,0.0,0,1,15.0,0,265,10,3,0,37.1,0,2,5,3.5,0.0,0,20.0,0,143,5,2
Chop Robinson,144901,ED,MIA,15,0,2,17,59.4,1,14,226,90.3,8.4,19,4,5.1,4,267,241,19,0,58.5,1,8,109,92.1,10.1,11,6.0,2,127,117,11
Kendell Brooks,144946,S,TEN,5,0,0,31,56.6,0,0,2,2.1,0.0,0,0,0.0,0,96,2,0,0,,0,0,0,0.0,,0,,0,47,0,0
Derrick Harmon,144962,DI,PIT,13,1,0,25,55.2,1,17,288,99.3,5.9,17,1,4.9,5,306,304,23,1,61.4,1,10,145,98.7,7.6,11,6.6,4,154,152,15
Austin Booker,144990,ED,CHI,12,3,1,6,63.0,9,20,395,98.8,9.6,38,5,5.2,6,416,411,35,1,69.6,3,13,196,98.5,13.3,26,6.1,4,205,202,20
Jordan Hancock,145067,S,BUF,11,0,0,4,65.6,0,1,2,1.4,50.0,1,0,25.0,0,140,2,1,0,66.9,0,1,1,1.4,100.0,1,50.0,0,73,1,1
Denzel Burke,145070,CB,ARZ,15,0,1,1,58.5,0,0,1,0.2,0.0,0,6,0.0,0,403,1,0,0,,0,0,0,0.0,,0,,0,203,0,0
Jack Sawyer,145071,ED,PIT,17,1,2,25,63.0,5,9,147,79.5,10.2,15,2,6.1,2,200,159,16,0,57.9,2,6,75,82.3,10.7,8,5.3,0,96,79,8
JT Tuimoloau,145074,ED,IND,12,0,0,14,63.3,6,8,122,94.9,9.8,12,1,5.7,0,137,130,14,0,68.2,5,5,70,98.7,14.3,10,7.1,0,76,75,10
Michael Hall Jr.,145076,DI,CLV,9,0,0,8,62.3,1,5,92,98.0,8.7,8,0,5.4,2,99,97,8,0,62.6,0,3,45,98.0,13.3,6,3.3,0,49,48,3
Tyleik Williams,145080,DI,DET,17,3,0,11,68.2,1,17,214,99.6,8.9,19,0,4.7,1,226,225,19,2,76.3,0,10,67,98.6,16.4,11,9.0,1,71,70,11
Jaylen Reed,145100,S,HST,5,0,0,13,58.3,0,0,2,1.8,0.0,0,0,0.0,0,113,2,0,0,,0,0,0,0.0,,0,,0,55,0,0
Alijah Clark,145141,S,DAL,3,0,0,9,60.0,0,0,0,3.8,,0,1,,0,26,1,0,0,,0,0,0,0.0,,0,,0,8,0,0
Thomas Incoom,145694,ED,CAR,5,0,0,5,55.8,0,2,12,92.9,8.3,1,0,8.3,0,14,13,2,0,56.0,0,2,11,92.3,9.1,1,9.1,0,13,12,2
Devontez Walker,145773,WR,BLT,1,0,0,3,60.0,0,0,1,100.0,0.0,0,1,100.0,1,1,1,1,0,,0,0,0,,,0,,0,0,0,0
Bo Richter,145962,ED,MIN,6,0,0,18,56.6,0,0,11,66.7,9.1,1,0,0.0,0,18,12,0,0,62.6,0,0,5,71.4,20.0,1,0.0,0,7,5,0
B.J. Green II,146277,ED,JAX,11,0,2,15,55.8,0,5,77,92.0,7.8,6,2,5.8,2,88,81,7,0,59.6,0,2,35,92.7,11.4,4,5.7,1,41,38,3
Oluwafemi Oladejo,146302,ED,TEN,6,0,0,31,52.4,2,5,81,71.4,4.9,4,0,4.3,0,126,90,7,0,54.7,1,4,32,79.6,9.4,3,7.8,0,49,39,5
Nikko Reed,146321,CB,LAC,5,0,0,27,59.1,0,0,1,2.4,0.0,0,0,0.0,0,41,1,0,0,59.1,0,0,1,4.2,0.0,0,0.0,0,24,1,0
Carson Schwesinger,146401,LB,CLV,16,0,0,8,69.9,6,9,66,13.7,12.1,8,1,15.9,3,548,75,18,0,78.3,4,5,32,16.1,18.8,6,23.4,3,242,39,12
Jay Toia,146406,DI,DAL,5,0,0,9,54.9,1,0,43,100.0,2.3,1,1,1.2,0,44,44,1,0,54.4,0,0,5,100.0,0.0,0,0.0,0,6,6,0
Cole Bishop,146454,S,BUF,19,0,0,4,67.0,0,5,25,4.3,8.0,2,3,18.0,2,605,26,7,0,58.0,0,1,9,3.2,0.0,0,16.7,1,282,9,2
Jonah Elliss,146458,ED,DEN,15,0,0,10,61.8,3,18,181,84.7,10.5,19,0,7.5,3,229,194,24,0,55.2,2,9,86,88.5,10.5,9,7.6,1,104,92,12
Jaden Hicks,146512,S,KC,17,1,0,16,70.9,1,1,17,5.1,0.0,0,2,11.8,1,331,17,3,0,56.1,1,1,10,6.2,0.0,0,10.0,0,161,10,2
Francisco Mauigoa,146521,LB,NYJ,12,0,1,22,59.8,0,2,30,21.1,6.7,2,2,3.3,0,152,32,2,0,61.4,0,1,10,25.0,20.0,2,5.0,0,40,10,1
Kool-Aid McKinstry,146602,CB,NO,17,0,1,20,59.1,0,0,1,0.2,0.0,0,5,0.0,0,598,1,0,0,59.1,0,0,1,0.4,0.0,0,0.0,0,281,1,0
Terrion Arnold,146603,CB,DET,8,0,3,11,58.3,0,0,1,0.5,0.0,0,6,0.0,0,209,1,0,0,,0,0,0,0.0,,0,,0,91,0,0
Dallas Turner,146604,ED,MIN,17,1,1,18,70.2,6,27,276,75.6,11.6,32,5,9.2,9,381,288,42,0,70.8,5,16,127,77.1,14.2,18,12.2,5,179,138,26
Donovan McMillon,146700,S,CLV,4,0,0,8,72.5,0,0,1,9.1,0.0,0,0,100.0,1,11,1,1,0,72.5,0,0,1,100.0,0.0,0,100.0,1,1,1,1
Jason Marshall Jr.,146704,CB,MIA,12,0,0,17,48.0,1,0,18,10.6,0.0,0,2,2.8,0,179,19,1,0,42.9,0,0,11,11.2,0.0,0,0.0,0,107,12,0
Jamon Johnson,146721,LB,GB,1,0,0,12,51.4,0,1,2,5.3,0.0,0,0,25.0,0,38,2,1,0,,0,0,0,0.0,,0,,0,12,0,0
Smael Mondon Jr.,146725,LB,PHI,2,0,0,24,56.8,0,0,1,20.0,0.0,0,0,0.0,0,5,1,0,0,56.8,0,0,1,33.3,0.0,0,0.0,0,3,1,0
Javon Bullard,146726,S,GB,18,0,1,12,59.6,1,0,13,2.5,7.7,1,3,3.8,0,515,13,1,0,54.1,0,0,2,0.7,0.0,0,0.0,0,284,2,0
Kamari Lassiter,146727,CB,HST,18,0,2,13,63.4,1,2,7,1.2,0.0,0,7,21.4,0,694,8,3,0,51.0,0,0,3,0.9,0.0,0,0.0,0,341,3,0
Chaz Chambliss,146728,ED,MIN,3,0,0,18,72.9,0,0,2,22.2,0.0,0,0,50.0,1,9,2,1,0,73.4,0,0,1,25.0,0.0,0,100.0,1,4,1,1
Tyrion Ingram-Dawkins,146730,DI,MIN,14,1,0,18,58.8,0,5,68,94.7,2.9,2,1,5.1,1,76,72,6,0,49.1,0,2,16,89.5,6.3,1,6.3,0,19,17,2
Maxwell Hairston,146746,CB,BUF,11,0,1,4,66.7,0,1,1,0.5,0.0,0,1,50.0,0,197,1,1,0,66.7,0,1,1,1.2,0.0,0,50.0,0,81,1,1
Trevin Wallace,146747,LB,CAR,12,0,0,5,64.2,2,1,47,13.2,10.6,5,0,7.4,2,370,49,5,0,62.5,2,0,25,16.3,12.0,3,8.0,1,160,26,3
Maason Smith,146774,DI,JAX,13,1,0,15,61.3,0,11,175,96.5,9.1,16,4,3.1,0,198,191,11,0,59.5,0,4,67,98.7,13.4,9,3.0,0,77,76,4
Sai'vion Jones,146782,DI,DEN,3,0,0,10,60.0,0,2,26,100.0,7.7,2,0,7.7,1,28,28,3,0,65.5,0,1,10,100.0,20.0,2,15.0,1,11,11,2
Landon Jackson,146784,ED,BUF,2,0,0,4,52.0,0,0,12,92.3,0.0,0,0,0.0,0,13,12,0,0,56.9,0,0,2,100.0,0.0,0,0.0,0,2,2,0
Bam Martin-Scott,146904,LB,CAR,3,0,0,5,53.4,0,1,4,20.0,0.0,0,0,12.5,0,20,4,1,0,58.5,0,1,1,16.7,0.0,0,50.0,0,6,1,1
T.J. Sanders,146925,DI,BUF,14,1,1,4,50.6,1,12,179,98.9,5.0,9,2,4.2,1,188,186,14,0,51.4,1,9,85,98.9,7.1,6,7.1,1,88,87,11
Byron Young,146932,ED,LA,20,0,1,26,81.2,20,41,445,76.3,15.7,70,2,9.8,13,624,476,74,0,86.3,14,34,239,81.8,21.3,51,14.2,10,318,260,58
Josaiah Stewart,147092,ED,LA,20,1,0,26,72.5,5,19,190,67.0,14.7,28,3,7.9,3,297,199,27,0,80.4,4,16,104,72.8,21.2,22,12.5,3,147,107,23
Cam'Ron Silmon-Craig,150938,S,JAX,2,0,0,15,57.3,0,0,2,10.0,0.0,0,0,0.0,0,20,2,0,0,58.7,0,0,1,9.1,0.0,0,0.0,0,11,1,0
Mike Green,151084,ED,BLT,17,0,0,3,55.5,10,20,384,90.9,9.4,36,0,4.9,4,439,399,34,0,59.0,7,11,190,93.3,14.2,27,6.8,4,209,195,22
Jonas Sanker,151097,S,NO,17,0,0,20,56.8,0,1,2,0.4,0.0,0,1,25.0,0,527,2,1,0,59.7,0,1,1,0.4,0.0,0,50.0,0,245,1,1
Sam Roberts,156069,DI,ATL,5,0,0,2,81.5,1,2,39,100.0,12.8,5,0,6.4,1,41,41,4,0,87.6,1,2,18,100.0,22.2,4,13.9,1,18,18,4
Jeremiah Pharms Jr.,156117,DI,NE,3,0,0,19,66.9,1,0,29,100.0,13.8,4,1,1.7,0,30,30,1,0,63.2,0,0,19,100.0,10.5,2,0.0,0,20,20,0
Dondrea Tillman,156124,ED,DEN,19,1,1,10,61.5,4,16,220,85.0,9.5,21,1,6.8,5,280,238,25,1,58.6,1,11,90,86.8,11.1,10,10.0,3,114,99,15
Haggai Ndubuisi,156132,DI,HST,1,0,0,13,59.1,0,0,2,100.0,0.0,0,0,0.0,0,2,2,0,0,,0,0,0,,,0,,0,0,0,0
Azareye'h Thomas,156277,CB,NYJ,7,0,0,22,60.0,0,0,1,0.6,0.0,0,3,0.0,0,160,1,0,0,,0,0,0,0.0,,0,,0,67,0,0
Benjamin Morrison,156968,CB,TB,10,0,2,30,47.9,0,2,2,0.8,0.0,0,4,50.0,0,243,2,2,0,,0,0,0,0.0,,0,,0,104,0,0
Jihaad Campbell,157013,LB,PHI,16,0,0,24,60.2,2,12,55,13.4,20.0,11,2,12.7,0,425,57,14,0,71.2,2,8,28,14.8,28.6,8,17.9,0,203,30,10
Mykel Williams,157061,ED,SF,9,0,0,28,51.9,2,16,227,97.2,8.8,20,2,4.4,1,252,245,19,0,54.3,1,13,123,98.6,12.2,15,6.5,1,138,136,15
Malaki Starks,157069,S,BLT,17,0,0,3,56.9,1,3,12,1.7,0.0,0,1,16.7,0,711,12,4,0,61.6,1,3,6,1.7,0.0,0,33.3,0,356,6,4
Jalon Walker,157070,ED,ATL,15,1,0,2,67.0,4,19,264,84.9,10.6,28,1,6.6,6,332,282,29,0,64.0,1,11,136,85.9,10.3,14,7.4,4,170,146,16
Jordan Phillips,157619,DI,MIA,17,0,0,17,55.3,1,6,174,100.0,4.0,7,0,2.0,0,186,186,7,0,60.5,0,3,39,100.0,7.7,3,3.8,0,44,44,3
Shemar James,157749,LB,DAL,13,0,0,9,71.3,4,2,39,13.0,5.1,2,0,12.8,2,331,43,8,0,58.4,1,2,19,15.6,10.5,2,13.2,1,141,22,4
Jacob Parrish,157777,CB,TB,17,0,0,30,60.2,1,6,29,5.7,3.4,1,3,19.0,2,530,30,9,0,65.7,1,4,15,5.4,0.0,0,30.0,2,278,15,7
Nick Emmanwori,158121,S,SEA,17,0,0,29,62.9,1,16,70,11.1,8.6,6,2,16.4,3,650,72,20,0,68.4,1,9,32,8.9,12.5,4,18.8,1,369,33,11
Mason Graham,158535,DI,CLV,17,2,0,8,62.3,4,31,424,98.7,9.0,38,1,4.4,1,453,447,36,1,63.2,3,17,192,98.1,11.5,22,5.2,0,212,208,20
Walter Nolen,158666,DI,ARZ,6,2,0,1,80.1,2,11,92,100.0,13.0,12,0,9.2,2,99,99,15,1,82.8,1,9,54,100.0,16.7,9,11.1,1,57,57,11
Shemar Stewart,158675,ED,CIN,8,0,0,7,56.0,2,10,173,99.5,8.1,14,0,4.0,1,182,181,13,0,52.2,0,7,89,100.0,7.9,7,5.1,1,94,94,8
Jamaree Caldwell,162505,DI,LAC,18,1,0,27,54.8,0,13,251,98.5,3.2,8,1,3.0,1,271,267,14,0,54.7,0,6,88,100.0,4.5,4,4.5,1,94,94,7
Kenneth Grant,162816,DI,MIA,17,1,0,17,57.6,3,23,314,98.8,7.0,22,0,5.1,3,336,332,29,1,61.9,3,17,167,99.4,9.0,15,7.8,3,177,176,23
Nic Scourton,162878,ED,CAR,18,0,1,5,61.6,3,26,364,85.1,11.0,40,1,6.2,8,449,382,37,0,65.4,1,21,195,90.1,15.9,31,8.7,6,223,201,28
James Pearce Jr.,163770,ED,ATL,17,1,0,2,64.2,3,31,331,91.4,10.9,36,3,8.5,11,394,360,45,0,69.5,2,24,185,93.0,16.2,30,11.4,8,215,200,34
Deone Walker,163783,DI,BUF,19,5,0,4,78.3,2,16,270,99.6,7.8,21,1,4.1,2,284,283,20,2,81.5,0,9,109,100.0,11.0,12,6.0,2,114,114,11
Abdul Carter,164160,ED,NYG,17,0,2,21,84.5,18,43,470,93.7,14.7,69,7,7.6,5,541,507,66,0,90.1,10,29,211,95.6,20.9,44,11.1,4,250,239,43
Kevin Winston Jr.,164192,S,TEN,8,1,0,31,91.7,4,1,17,9.2,17.6,3,0,20.6,1,206,19,6,0,87.6,1,0,9,9.6,11.1,1,16.7,1,104,10,2
Levi Drake Rodriguez,165670,DI,MIN,16,0,0,18,59.5,2,7,166,98.3,7.8,13,2,3.9,2,178,175,11,0,61.4,1,3,61,98.5,11.5,7,4.9,1,66,65,5
Caleb Murphy,169634,ED,NYG,8,0,0,21,55.1,0,6,86,92.9,7.0,6,0,4.7,1,98,91,7,0,53.1,0,5,45,94.3,8.9,4,5.6,0,53,50,5
Qwan'tez Stiggers,169764,CB,NYJ,6,0,2,22,58.7,0,0,1,0.6,0.0,0,5,0.0,0,158,1,0,0,,0,0,0,0.0,,0,,0,86,0,0
Basil Okoye,169780,DI,BLT,13,2,1,3,51.8,1,1,104,100.0,1.0,1,3,1.0,0,110,110,2,2,56.9,0,0,34,100.0,0.0,0,0.0,0,36,36,0
Trevor Nowaske,169859,ED,DET,9,0,0,11,57.1,1,2,33,62.1,3.0,1,0,7.6,1,58,36,4,0,52.7,1,1,19,84.6,5.3,1,5.3,0,26,22,2
T.J. Maguranyanga,197942,ED,WAS,1,0,0,32,53.2,0,0,7,100.0,0.0,0,0,0.0,0,7,7,0,0,54.3,0,0,4,100.0,0.0,0,0.0,0,4,4,0
